scale_factor,center_delta,correlation_strength
1.021240234375000028e-01,-3.725585937500000000e-01,6.974243164062500222e-01
2.265795898437500178e+00,-3.725585937500000000e-01,6.974243164062500222e-01
1.021240234375000028e-01,-3.608398437500000000e-01,6.974243164062500222e-01
1.021240234375000028e-01,-3.725585937500000000e-01,6.988159179687499778e-01
2.265795898437500178e+00,-3.608398437500000000e-01,6.988159179687499778e-01
1.552124023437500000e+00,6.274414062500000000e-01,2.224243164062499889e-01
8.157958984375000000e-01,6.274414062500000000e-01,2.224243164062499889e-01
1.552124023437500000e+00,6.391601562500000000e-01,2.224243164062499889e-01
1.552124023437500000e+00,6.274414062500000000e-01,2.238159179687500000e-01
8.157958984375000000e-01,6.391601562500000000e-01,2.238159179687500000e-01
2.277124023437500089e+00,-8.725585937500000000e-01,9.349243164062499556e-01
2.990795898437499822e+00,-8.725585937500000000e-01,9.349243164062499556e-01
2.277124023437500089e+00,1.391601562500000000e-01,9.349243164062499556e-01
2.277124023437500089e+00,-8.725585937500000000e-01,4.613159179687499889e-01
2.990795898437499822e+00,1.391601562500000000e-01,4.613159179687499889e-01
8.271240234374999112e-01,1.274414062500000000e-01,4.599243164062499778e-01
1.540795898437500089e+00,1.274414062500000000e-01,4.599243164062499778e-01
8.271240234374999112e-01,-8.608398437500000000e-01,4.599243164062499778e-01
8.271240234374999112e-01,1.274414062500000000e-01,9.363159179687499112e-01
1.540795898437500089e+00,-8.608398437500000000e-01,9.363159179687499112e-01
1.189624023437499956e+00,-6.225585937500000000e-01,1.036743164062499944e-01
1.178295898437500044e+00,-6.225585937500000000e-01,1.036743164062499944e-01
1.189624023437499956e+00,-6.108398437500000000e-01,1.036743164062499944e-01
1.189624023437499956e+00,-6.225585937500000000e-01,5.800659179687499556e-01
1.178295898437500044e+00,-6.108398437500000000e-01,5.800659179687499556e-01
2.639624023437499911e+00,3.774414062500000000e-01,5.786743164062500000e-01
2.628295898437500000e+00,3.774414062500000000e-01,5.786743164062500000e-01
2.639624023437499911e+00,3.891601562500000000e-01,5.786743164062500000e-01
2.639624023437499911e+00,3.774414062500000000e-01,1.050659179687499917e-01
2.628295898437500000e+00,3.891601562500000000e-01,1.050659179687499917e-01
1.914624023437500044e+00,-1.225585937500000000e-01,3.411743164062500111e-01
4.532958984374999556e-01,-1.225585937500000000e-01,3.411743164062500111e-01
1.914624023437500044e+00,8.891601562500000000e-01,3.411743164062500111e-01
1.914624023437500044e+00,-1.225585937500000000e-01,3.425659179687499667e-01
4.532958984374999556e-01,8.891601562500000000e-01,3.425659179687499667e-01
4.646240234374999778e-01,8.774414062500000000e-01,8.161743164062499334e-01
1.903295898437500133e+00,8.774414062500000000e-01,8.161743164062499334e-01
4.646240234374999778e-01,-1.108398437500000000e-01,8.161743164062499334e-01
4.646240234374999778e-01,8.774414062500000000e-01,8.175659179687500000e-01
1.903295898437500133e+00,-1.108398437500000000e-01,8.175659179687500000e-01
6.458740234375000000e-01,-9.975585937500000000e-01,2.817993164062500000e-01
2.447045898437500089e+00,-9.975585937500000000e-01,2.817993164062500000e-01
6.458740234375000000e-01,5.141601562500000000e-01,2.817993164062500000e-01
6.458740234375000000e-01,-9.975585937500000000e-01,8.769409179687499556e-01
2.447045898437500089e+00,5.141601562500000000e-01,8.769409179687499556e-01
2.095874023437499734e+00,2.441406250000000000e-03,7.567993164062499778e-01
9.970458984374999112e-01,2.441406250000000000e-03,7.567993164062499778e-01
2.095874023437499734e+00,-4.858398437500000000e-01,7.567993164062499778e-01
2.095874023437499734e+00,2.441406250000000000e-03,4.019409179687499778e-01
9.970458984374999112e-01,-4.858398437500000000e-01,4.019409179687499778e-01
2.820874023437499822e+00,-4.975585937500000000e-01,4.429931640624999722e-02
1.722045898437500000e+00,-4.975585937500000000e-01,4.429931640624999722e-02
2.820874023437499822e+00,-9.858398437500000000e-01,4.429931640624999722e-02
2.820874023437499822e+00,-4.975585937500000000e-01,1.644409179687499889e-01
1.722045898437500000e+00,-9.858398437500000000e-01,1.644409179687499889e-01
1.370874023437500089e+00,5.024414062500000000e-01,5.192993164062499334e-01
2.720458984374999889e-01,5.024414062500000000e-01,5.192993164062499334e-01
1.370874023437500089e+00,1.416015625000000000e-02,5.192993164062499334e-01
1.370874023437500089e+00,5.024414062500000000e-01,6.394409179687500222e-01
2.720458984374999889e-01,1.416015625000000000e-02,6.394409179687500222e-01
1.008374023437500044e+00,-2.475585937500000000e-01,8.755493164062500000e-01
6.345458984374999778e-01,-2.475585937500000000e-01,8.755493164062500000e-01
1.008374023437500044e+00,2.641601562500000000e-01,8.755493164062500000e-01
1.008374023437500044e+00,-2.475585937500000000e-01,7.581909179687499334e-01
6.345458984374999778e-01,2.641601562500000000e-01,7.581909179687499334e-01
2.458374023437500000e+00,7.524414062500000000e-01,4.005493164062499667e-01
2.084545898437499822e+00,7.524414062500000000e-01,4.005493164062499667e-01
2.458374023437500000e+00,-7.358398437500000000e-01,4.005493164062499667e-01
2.458374023437500000e+00,7.524414062500000000e-01,2.831909179687500111e-01
2.084545898437499822e+00,-7.358398437500000000e-01,2.831909179687500111e-01
1.733374023437500133e+00,-7.475585937500000000e-01,6.380493164062499556e-01
1.359545898437499956e+00,-7.475585937500000000e-01,6.380493164062499556e-01
1.733374023437500133e+00,-2.358398437500000000e-01,6.380493164062499556e-01
1.733374023437500133e+00,-7.475585937500000000e-01,4.569091796874999445e-02
1.359545898437499956e+00,-2.358398437500000000e-01,4.569091796874999445e-02
2.833740234375000111e-01,2.524414062500000000e-01,1.630493164062500056e-01
2.809545898437499911e+00,2.524414062500000000e-01,1.630493164062500056e-01
2.833740234375000111e-01,7.641601562500000000e-01,1.630493164062500056e-01
2.833740234375000111e-01,2.524414062500000000e-01,5.206909179687500000e-01
2.809545898437499911e+00,7.641601562500000000e-01,5.206909179687500000e-01
3.739990234375000222e-01,-6.850585937500000000e-01,7.271118164062500000e-01
3.626708984375000000e-01,-6.850585937500000000e-01,7.271118164062500000e-01
3.739990234375000222e-01,-7.983398437500000000e-01,7.271118164062500000e-01
3.739990234375000222e-01,-6.850585937500000000e-01,2.535034179687499778e-01
3.626708984375000000e-01,-7.983398437500000000e-01,2.535034179687499778e-01
1.823999023437500089e+00,3.149414062500000000e-01,2.521118164062499667e-01
1.812670898437499956e+00,3.149414062500000000e-01,2.521118164062499667e-01
1.823999023437500089e+00,2.016601562500000000e-01,2.521118164062499667e-01
1.823999023437500089e+00,3.149414062500000000e-01,7.285034179687499556e-01
1.812670898437499956e+00,2.016601562500000000e-01,7.285034179687499556e-01
2.548999023437500178e+00,-1.850585937500000000e-01,4.896118164062499556e-01
1.087670898437500089e+00,-1.850585937500000000e-01,4.896118164062499556e-01
2.548999023437500178e+00,7.016601562500000000e-01,4.896118164062499556e-01
2.548999023437500178e+00,-1.850585937500000000e-01,4.910034179687499667e-01
1.087670898437500089e+00,7.016601562500000000e-01,4.910034179687499667e-01
1.098999023437500000e+00,8.149414062500000000e-01,1.461181640624999861e-02
2.537670898437499822e+00,8.149414062500000000e-01,1.461181640624999861e-02
1.098999023437500000e+00,-2.983398437500000000e-01,1.461181640624999861e-02
1.098999023437500000e+00,8.149414062500000000e-01,1.600341796874999931e-02
2.537670898437499822e+00,-2.983398437500000000e-01,1.600341796874999931e-02
1.461499023437500044e+00,-4.350585937500000000e-01,3.708618164062499889e-01
2.900170898437500089e+00,-4.350585937500000000e-01,3.708618164062499889e-01
1.461499023437500044e+00,-4.833984375000000000e-02,3.708618164062499889e-01
1.461499023437500044e+00,-4.350585937500000000e-01,3.722534179687500000e-01
2.900170898437500089e+00,-4.833984375000000000e-02,3.722534179687500000e-01
2.911499023437500000e+00,5.649414062500000000e-01,8.458618164062499112e-01
1.450170898437500133e+00,5.649414062500000000e-01,8.458618164062499112e-01
2.911499023437500000e+00,9.516601562500000000e-01,8.458618164062499112e-01
2.911499023437500000e+00,5.649414062500000000e-01,8.472534179687499778e-01
1.450170898437500133e+00,9.516601562500000000e-01,8.472534179687499778e-01
2.186499023437499911e+00,-9.350585937500000000e-01,1.333618164062500000e-01
2.175170898437500000e+00,-9.350585937500000000e-01,1.333618164062500000e-01
2.186499023437499911e+00,4.516601562500000000e-01,1.333618164062500000e-01
2.186499023437499911e+00,-9.350585937500000000e-01,6.097534179687499334e-01
2.175170898437500000e+00,4.516601562500000000e-01,6.097534179687499334e-01
7.364990234374999556e-01,6.494140625000000000e-02,6.083618164062499778e-01
7.251708984374999334e-01,6.494140625000000000e-02,6.083618164062499778e-01
7.364990234374999556e-01,-5.483398437500000000e-01,6.083618164062499778e-01
7.364990234374999556e-01,6.494140625000000000e-02,1.347534179687499833e-01
7.251708984374999334e-01,-5.483398437500000000e-01,1.347534179687499833e-01
5.552490234375000444e-01,-6.005859375000000000e-02,1.927368164062499833e-01
1.268920898437500000e+00,-6.005859375000000000e-02,1.927368164062499833e-01
5.552490234375000444e-01,7.666015625000000000e-02,1.927368164062499833e-01
5.552490234375000444e-01,-6.005859375000000000e-02,7.537841796875000000e-02
1.268920898437500000e+00,7.666015625000000000e-02,7.537841796875000000e-02
2.005249023437500000e+00,9.399414062500000000e-01,6.677368164062499334e-01
2.718920898437500178e+00,9.399414062500000000e-01,6.677368164062499334e-01
2.005249023437500000e+00,-9.233398437500000000e-01,6.677368164062499334e-01
2.005249023437500000e+00,9.399414062500000000e-01,5.503784179687499778e-01
2.718920898437500178e+00,-9.233398437500000000e-01,5.503784179687499778e-01
2.730249023437500089e+00,-5.600585937500000000e-01,4.302368164062500000e-01
5.439208984375000222e-01,-5.600585937500000000e-01,4.302368164062500000e-01
2.730249023437500089e+00,-4.233398437500000000e-01,4.302368164062500000e-01
2.730249023437500089e+00,-5.600585937500000000e-01,7.878784179687499112e-01
5.439208984375000222e-01,-4.233398437500000000e-01,7.878784179687499112e-01
1.280249023437500133e+00,4.399414062500000000e-01,9.052368164062499778e-01
1.993920898437500089e+00,4.399414062500000000e-01,9.052368164062499778e-01
1.280249023437500133e+00,5.766601562500000000e-01,9.052368164062499778e-01
1.280249023437500133e+00,4.399414062500000000e-01,3.128784179687499889e-01
1.993920898437500089e+00,5.766601562500000000e-01,3.128784179687499889e-01
9.177490234374999778e-01,-8.100585937500000000e-01,5.489868164062500222e-01
1.631420898437500044e+00,-8.100585937500000000e-01,5.489868164062500222e-01
9.177490234374999778e-01,8.266601562500000000e-01,5.489868164062500222e-01
9.177490234374999778e-01,-8.100585937500000000e-01,1.941284179687499944e-01
1.631420898437500044e+00,8.266601562500000000e-01,1.941284179687499944e-01
2.367749023437499822e+00,1.899414062500000000e-01,7.398681640625000278e-02
1.814208984375000056e-01,1.899414062500000000e-01,7.398681640625000278e-02
2.367749023437499822e+00,-1.733398437500000000e-01,7.398681640625000278e-02
2.367749023437499822e+00,1.899414062500000000e-01,6.691284179687500000e-01
1.814208984375000056e-01,-1.733398437500000000e-01,6.691284179687500000e-01
1.642749023437499956e+00,-3.100585937500000000e-01,7.864868164062499556e-01
2.356420898437499911e+00,-3.100585937500000000e-01,7.864868164062499556e-01
1.642749023437499956e+00,-6.733398437500000000e-01,7.864868164062499556e-01
1.642749023437499956e+00,-3.100585937500000000e-01,9.066284179687499334e-01
2.356420898437499911e+00,-6.733398437500000000e-01,9.066284179687499334e-01
1.927490234375000000e-01,6.899414062500000000e-01,3.114868164062499778e-01
9.064208984374999556e-01,6.899414062500000000e-01,3.114868164062499778e-01
1.927490234375000000e-01,3.266601562500000000e-01,3.114868164062499778e-01
1.927490234375000000e-01,6.899414062500000000e-01,4.316284179687499556e-01
9.064208984374999556e-01,3.266601562500000000e-01,4.316284179687499556e-01
2.380615234375000056e-01,-8.413085937500000000e-01,5.914306640625000000e-02
6.798583984374999556e-01,-8.413085937500000000e-01,5.914306640625000000e-02
2.380615234375000056e-01,-7.958984375000000000e-02,5.914306640625000000e-02
2.380615234375000056e-01,-8.413085937500000000e-01,2.980346679687500000e-01
6.798583984374999556e-01,-7.958984375000000000e-02,2.980346679687500000e-01
1.688061523437500044e+00,1.586914062500000000e-01,5.341430664062499778e-01
2.129858398437499911e+00,1.586914062500000000e-01,5.341430664062499778e-01
1.688061523437500044e+00,9.204101562500000000e-01,5.341430664062499778e-01
1.688061523437500044e+00,1.586914062500000000e-01,7.730346679687499778e-01
2.129858398437499911e+00,9.204101562500000000e-01,7.730346679687499778e-01
2.413061523437499911e+00,-3.413085937500000000e-01,2.966430664062499889e-01
1.404858398437500044e+00,-3.413085937500000000e-01,2.966430664062499889e-01
2.413061523437499911e+00,4.204101562500000000e-01,2.966430664062499889e-01
2.413061523437499911e+00,-3.413085937500000000e-01,5.355346679687499334e-01
1.404858398437500044e+00,4.204101562500000000e-01,5.355346679687499334e-01
9.630615234374999556e-01,6.586914062500000000e-01,7.716430664062499112e-01
2.854858398437500000e+00,6.586914062500000000e-01,7.716430664062499112e-01
9.630615234374999556e-01,-5.795898437500000000e-01,7.716430664062499112e-01
9.630615234374999556e-01,6.586914062500000000e-01,6.053466796874999722e-02
2.854858398437500000e+00,-5.795898437500000000e-01,6.053466796874999722e-02
1.325561523437500000e+00,-9.130859375000000000e-02,6.528930664062500000e-01
2.492358398437500178e+00,-9.130859375000000000e-02,6.528930664062500000e-01
1.325561523437500000e+00,-8.295898437500000000e-01,6.528930664062500000e-01
1.325561523437500000e+00,-9.130859375000000000e-02,4.167846679687499667e-01
2.492358398437500178e+00,-8.295898437500000000e-01,4.167846679687499667e-01
2.775561523437500178e+00,9.086914062500000000e-01,1.778930664062499944e-01
1.042358398437500000e+00,9.086914062500000000e-01,1.778930664062499944e-01
2.775561523437500178e+00,1.704101562500000000e-01,1.778930664062499944e-01
2.775561523437500178e+00,9.086914062500000000e-01,8.917846679687500000e-01
1.042358398437500000e+00,1.704101562500000000e-01,8.917846679687500000e-01
2.050561523437500089e+00,-5.913085937500000000e-01,8.903930664062499334e-01
1.767358398437500089e+00,-5.913085937500000000e-01,8.903930664062499334e-01
2.050561523437500089e+00,6.704101562500000000e-01,8.903930664062499334e-01
2.050561523437500089e+00,-5.913085937500000000e-01,6.542846679687499556e-01
1.767358398437500089e+00,6.704101562500000000e-01,6.542846679687499556e-01
6.005615234374999112e-01,4.086914062500000000e-01,4.153930664062499556e-01
3.173583984375000222e-01,4.086914062500000000e-01,4.153930664062499556e-01
6.005615234374999112e-01,-3.295898437500000000e-01,4.153930664062499556e-01
6.005615234374999112e-01,4.086914062500000000e-01,1.792846679687499778e-01
3.173583984375000222e-01,-3.295898437500000000e-01,1.792846679687499778e-01
7.818115234374999334e-01,-4.663085937500000000e-01,9.497680664062500000e-01
8.611083984374999778e-01,-4.663085937500000000e-01,9.497680664062500000e-01
7.818115234374999334e-01,7.954101562500000000e-01,9.497680664062500000e-01
7.818115234374999334e-01,-4.663085937500000000e-01,1.159667968750000000e-03
8.611083984374999778e-01,7.954101562500000000e-01,1.159667968750000000e-03
2.231811523437500000e+00,5.336914062500000000e-01,4.747680664062499667e-01
2.311108398437499822e+00,5.336914062500000000e-01,4.747680664062499667e-01
2.231811523437500000e+00,-2.045898437500000000e-01,4.747680664062499667e-01
2.231811523437500000e+00,5.336914062500000000e-01,4.761596679687499778e-01
2.311108398437499822e+00,-2.045898437500000000e-01,4.761596679687499778e-01
2.956811523437500089e+00,-9.663085937500000000e-01,7.122680664062499556e-01
1.361083984375000000e-01,-9.663085937500000000e-01,7.122680664062499556e-01
2.956811523437500089e+00,-7.045898437500000000e-01,7.122680664062499556e-01
2.956811523437500089e+00,-9.663085937500000000e-01,7.136596679687499112e-01
1.361083984375000000e-01,-7.045898437500000000e-01,7.136596679687499112e-01
1.506811523437500133e+00,3.369140625000000000e-02,2.372680664062499778e-01
1.586108398437499956e+00,3.369140625000000000e-02,2.372680664062499778e-01
1.506811523437500133e+00,2.954101562500000000e-01,2.372680664062499778e-01
1.506811523437500133e+00,3.369140625000000000e-02,2.386596679687499889e-01
1.586108398437499956e+00,2.954101562500000000e-01,2.386596679687499889e-01
1.144311523437500089e+00,-7.163085937500000000e-01,3.560180664062500000e-01
1.948608398437500000e+00,-7.163085937500000000e-01,3.560180664062500000e-01
1.144311523437500089e+00,4.541015625000000000e-02,3.560180664062500000e-01
1.144311523437500089e+00,-7.163085937500000000e-01,1.199096679687499944e-01
1.948608398437500000e+00,4.541015625000000000e-02,1.199096679687499944e-01
2.594311523437499822e+00,2.836914062500000000e-01,8.310180664062499778e-01
4.986083984375000444e-01,2.836914062500000000e-01,8.310180664062499778e-01
2.594311523437499822e+00,-9.545898437500000000e-01,8.310180664062499778e-01
2.594311523437499822e+00,2.836914062500000000e-01,5.949096679687500000e-01
4.986083984375000444e-01,-9.545898437500000000e-01,5.949096679687500000e-01
1.869311523437499956e+00,-2.163085937500000000e-01,1.185180664062499972e-01
2.673608398437500089e+00,-2.163085937500000000e-01,1.185180664062499972e-01
1.869311523437499956e+00,-4.545898437500000000e-01,1.185180664062499972e-01
1.869311523437499956e+00,-2.163085937500000000e-01,8.324096679687499334e-01
2.673608398437500089e+00,-4.545898437500000000e-01,8.324096679687499334e-01
4.193115234375000000e-01,7.836914062500000000e-01,5.935180664062499334e-01
1.223608398437500133e+00,7.836914062500000000e-01,5.935180664062499334e-01
4.193115234375000000e-01,5.454101562500000000e-01,5.935180664062499334e-01
4.193115234375000000e-01,7.836914062500000000e-01,3.574096679687499556e-01
1.223608398437500133e+00,5.454101562500000000e-01,3.574096679687499556e-01
3.286865234374999889e-01,-1.538085937500000000e-01,4.450805664062499889e-01
1.857983398437500044e+00,-1.538085937500000000e-01,4.450805664062499889e-01
3.286865234374999889e-01,-5.170898437500000000e-01,4.450805664062499889e-01
3.286865234374999889e-01,-1.538085937500000000e-01,6.245971679687499778e-01
1.857983398437500044e+00,-5.170898437500000000e-01,6.245971679687499778e-01
1.778686523437500000e+00,8.461914062500000000e-01,9.200805664062499112e-01
4.079833984374999778e-01,8.461914062500000000e-01,9.200805664062499112e-01
1.778686523437500000e+00,4.829101562500000000e-01,9.200805664062499112e-01
1.778686523437500000e+00,8.461914062500000000e-01,1.495971679687500000e-01
4.079833984374999778e-01,4.829101562500000000e-01,1.495971679687500000e-01
2.503686523437500089e+00,-6.538085937500000000e-01,2.075805664062500000e-01
2.582983398437499911e+00,-6.538085937500000000e-01,2.075805664062500000e-01
2.503686523437500089e+00,9.829101562500000000e-01,2.075805664062500000e-01
2.503686523437500089e+00,-6.538085937500000000e-01,3.870971679687499889e-01
2.582983398437499911e+00,9.829101562500000000e-01,3.870971679687499889e-01
1.053686523437499911e+00,3.461914062500000000e-01,6.825805664062499778e-01
1.132983398437499956e+00,3.461914062500000000e-01,6.825805664062499778e-01
1.053686523437499911e+00,-1.708984375000000000e-02,6.825805664062499778e-01
1.053686523437499911e+00,3.461914062500000000e-01,8.620971679687499112e-01
1.132983398437499956e+00,-1.708984375000000000e-02,8.620971679687499112e-01
1.416186523437499956e+00,-9.038085937500000000e-01,8.013305664062500000e-01
1.495483398437500000e+00,-9.038085937500000000e-01,8.013305664062500000e-01
1.416186523437499956e+00,-2.670898437500000000e-01,8.013305664062500000e-01
1.416186523437499956e+00,-9.038085937500000000e-01,5.058471679687499556e-01
1.495483398437500000e+00,-2.670898437500000000e-01,5.058471679687499556e-01
2.866186523437499911e+00,9.619140625000000000e-02,3.263305664062499667e-01
2.945483398437500178e+00,9.619140625000000000e-02,3.263305664062499667e-01
2.866186523437499911e+00,7.329101562500000000e-01,3.263305664062499667e-01
2.866186523437499911e+00,9.619140625000000000e-02,3.084716796874999861e-02
2.945483398437500178e+00,7.329101562500000000e-01,3.084716796874999861e-02
2.141186523437499822e+00,-4.038085937500000000e-01,5.638305664062499556e-01
7.704833984374999112e-01,-4.038085937500000000e-01,5.638305664062499556e-01
2.141186523437499822e+00,2.329101562500000000e-01,5.638305664062499556e-01
2.141186523437499822e+00,-4.038085937500000000e-01,2.683471679687499667e-01
7.704833984374999112e-01,2.329101562500000000e-01,2.683471679687499667e-01
6.911865234374999778e-01,5.961914062500000000e-01,8.883056640624999167e-02
2.220483398437500089e+00,5.961914062500000000e-01,8.883056640624999167e-02
6.911865234374999778e-01,-7.670898437500000000e-01,8.883056640624999167e-02
6.911865234374999778e-01,5.961914062500000000e-01,7.433471679687500000e-01
2.220483398437500089e+00,-7.670898437500000000e-01,7.433471679687500000e-01
5.099365234374999556e-01,-5.288085937500000000e-01,5.044555664062500000e-01
2.764233398437499822e+00,-5.288085937500000000e-01,5.044555664062500000e-01
5.099365234374999556e-01,3.579101562500000000e-01,5.044555664062500000e-01
5.099365234374999556e-01,-5.288085937500000000e-01,9.214721679687499778e-01
2.764233398437499822e+00,3.579101562500000000e-01,9.214721679687499778e-01
1.959936523437500133e+00,4.711914062500000000e-01,2.945556640624999792e-02
1.314233398437500089e+00,4.711914062500000000e-01,2.945556640624999792e-02
1.959936523437500133e+00,-6.420898437500000000e-01,2.945556640624999792e-02
1.959936523437500133e+00,4.711914062500000000e-01,4.464721679687500000e-01
1.314233398437500089e+00,-6.420898437500000000e-01,4.464721679687500000e-01
2.684936523437500000e+00,-2.880859375000000000e-02,7.419555664062499334e-01
2.039233398437499734e+00,-2.880859375000000000e-02,7.419555664062499334e-01
2.684936523437500000e+00,-1.420898437500000000e-01,7.419555664062499334e-01
2.684936523437500000e+00,-2.880859375000000000e-02,2.089721679687499833e-01
2.039233398437499734e+00,-1.420898437500000000e-01,2.089721679687499833e-01
1.234936523437500044e+00,9.711914062500000000e-01,2.669555664062500111e-01
5.892333984375000000e-01,9.711914062500000000e-01,2.669555664062500111e-01
1.234936523437500044e+00,8.579101562500000000e-01,2.669555664062500111e-01
1.234936523437500044e+00,9.711914062500000000e-01,6.839721679687499334e-01
5.892333984375000000e-01,8.579101562500000000e-01,6.839721679687499334e-01
8.724365234375000000e-01,-2.788085937500000000e-01,1.482055664062499889e-01
2.267333984375000111e-01,-2.788085937500000000e-01,1.482055664062499889e-01
8.724365234375000000e-01,6.079101562500000000e-01,1.482055664062499889e-01
8.724365234375000000e-01,-2.788085937500000000e-01,8.027221679687499556e-01
2.267333984375000111e-01,6.079101562500000000e-01,8.027221679687499556e-01
2.322436523437500178e+00,7.211914062500000000e-01,6.232055664062500222e-01
1.676733398437500133e+00,7.211914062500000000e-01,6.232055664062500222e-01
2.322436523437500178e+00,-3.920898437500000000e-01,6.232055664062500222e-01
2.322436523437500178e+00,7.211914062500000000e-01,3.277221679687499778e-01
1.676733398437500133e+00,-3.920898437500000000e-01,3.277221679687499778e-01
1.597436523437500089e+00,-7.788085937500000000e-01,3.857055664062499778e-01
9.517333984374999334e-01,-7.788085937500000000e-01,3.857055664062499778e-01
1.597436523437500089e+00,-8.920898437500000000e-01,3.857055664062499778e-01
1.597436523437500089e+00,-7.788085937500000000e-01,9.022216796874998890e-02
9.517333984374999334e-01,-8.920898437500000000e-01,9.022216796874998890e-02
1.474365234374999944e-01,2.211914062500000000e-01,8.607055664062499556e-01
2.401733398437500000e+00,2.211914062500000000e-01,8.607055664062499556e-01
1.474365234374999944e-01,1.079101562500000000e-01,8.607055664062499556e-01
1.474365234374999944e-01,2.211914062500000000e-01,5.652221679687500222e-01
2.401733398437500000e+00,1.079101562500000000e-01,5.652221679687500222e-01
1.700927734375000111e-01,-5.756835937500000000e-01,3.931274414062500000e-01
1.291577148437500044e+00,-5.756835937500000000e-01,3.931274414062500000e-01
1.700927734375000111e-01,9.360351562500000000e-01,3.931274414062500000e-01
1.700927734375000111e-01,-5.756835937500000000e-01,7.656127929687499556e-01
1.291577148437500044e+00,9.360351562500000000e-01,7.656127929687499556e-01
1.620092773437500133e+00,4.243164062500000000e-01,8.681274414062499778e-01
2.741577148437500000e+00,4.243164062500000000e-01,8.681274414062499778e-01
1.620092773437500133e+00,-6.396484375000000000e-02,8.681274414062499778e-01
1.620092773437500133e+00,4.243164062500000000e-01,2.906127929687499778e-01
2.741577148437500000e+00,-6.396484375000000000e-02,2.906127929687499778e-01
2.345092773437500000e+00,-7.568359375000000000e-02,1.556274414062499833e-01
5.665771484374999556e-01,-7.568359375000000000e-02,1.556274414062499833e-01
2.345092773437500000e+00,-5.639648437500000000e-01,1.556274414062499833e-01
2.345092773437500000e+00,-7.568359375000000000e-02,5.311279296874999584e-02
5.665771484374999556e-01,-5.639648437500000000e-01,5.311279296874999584e-02
8.950927734374999334e-01,9.243164062500000000e-01,6.306274414062499334e-01
2.016577148437499911e+00,9.243164062500000000e-01,6.306274414062499334e-01
8.950927734374999334e-01,4.360351562500000000e-01,6.306274414062499334e-01
8.950927734374999334e-01,9.243164062500000000e-01,5.281127929687500222e-01
2.016577148437499911e+00,4.360351562500000000e-01,5.281127929687500222e-01
1.257592773437500089e+00,-3.256835937500000000e-01,7.493774414062499556e-01
1.654077148437500089e+00,-3.256835937500000000e-01,7.493774414062499556e-01
1.257592773437500089e+00,1.860351562500000000e-01,7.493774414062499556e-01
1.257592773437500089e+00,-3.256835937500000000e-01,8.843627929687499778e-01
1.654077148437500089e+00,1.860351562500000000e-01,8.843627929687499778e-01
2.707592773437499822e+00,6.743164062500000000e-01,2.743774414062499778e-01
2.040771484375000222e-01,6.743164062500000000e-01,2.743774414062499778e-01
2.707592773437499822e+00,-8.139648437500000000e-01,2.743774414062499778e-01
2.707592773437499822e+00,6.743164062500000000e-01,4.093627929687500000e-01
2.040771484375000222e-01,-8.139648437500000000e-01,4.093627929687500000e-01
1.982592773437499956e+00,-8.256835937500000000e-01,5.118774414062500222e-01
2.379077148437500178e+00,-8.256835937500000000e-01,5.118774414062500222e-01
1.982592773437499956e+00,-3.139648437500000000e-01,5.118774414062500222e-01
1.982592773437499956e+00,-8.256835937500000000e-01,1.718627929687499833e-01
2.379077148437500178e+00,-3.139648437500000000e-01,1.718627929687499833e-01
5.325927734375000000e-01,1.743164062500000000e-01,3.687744140624999584e-02
9.290771484375000000e-01,1.743164062500000000e-01,3.687744140624999584e-02
5.325927734375000000e-01,6.860351562500000000e-01,3.687744140624999584e-02
5.325927734375000000e-01,1.743164062500000000e-01,6.468627929687499334e-01
9.290771484375000000e-01,6.860351562500000000e-01,6.468627929687499334e-01
7.138427734374999112e-01,-2.006835937500000000e-01,5.712524414062499778e-01
3.853271484375000444e-01,-2.006835937500000000e-01,5.712524414062499778e-01
7.138427734374999112e-01,-1.889648437500000000e-01,5.712524414062499778e-01
7.138427734374999112e-01,-2.006835937500000000e-01,5.874877929687499778e-01
3.853271484375000444e-01,-1.889648437500000000e-01,5.874877929687499778e-01
2.163842773437500089e+00,7.993164062500000000e-01,9.625244140625000000e-02
1.835327148437500000e+00,7.993164062500000000e-01,9.625244140625000000e-02
2.163842773437500089e+00,8.110351562500000000e-01,9.625244140625000000e-02
2.163842773437500089e+00,7.993164062500000000e-01,1.124877929687500000e-01
1.835327148437500000e+00,8.110351562500000000e-01,1.124877929687500000e-01
2.888842773437500178e+00,-7.006835937500000000e-01,8.087524414062499112e-01
1.110327148437500133e+00,-7.006835937500000000e-01,8.087524414062499112e-01
2.888842773437500178e+00,3.110351562500000000e-01,8.087524414062499112e-01
2.888842773437500178e+00,-7.006835937500000000e-01,3.499877929687499889e-01
1.110327148437500133e+00,3.110351562500000000e-01,3.499877929687499889e-01
1.438842773437500000e+00,2.993164062500000000e-01,3.337524414062499889e-01
2.560327148437500089e+00,2.993164062500000000e-01,3.337524414062499889e-01
1.438842773437500000e+00,-6.889648437500000000e-01,3.337524414062499889e-01
1.438842773437500000e+00,2.993164062500000000e-01,8.249877929687499112e-01
2.560327148437500089e+00,-6.889648437500000000e-01,8.249877929687499112e-01
1.076342773437499956e+00,-9.506835937500000000e-01,2.150024414062499944e-01
2.922827148437499911e+00,-9.506835937500000000e-01,2.150024414062499944e-01
1.076342773437499956e+00,-9.389648437500000000e-01,2.150024414062499944e-01
1.076342773437499956e+00,-9.506835937500000000e-01,7.062377929687500000e-01
2.922827148437499911e+00,-9.389648437500000000e-01,7.062377929687500000e-01
2.526342773437499911e+00,4.931640625000000000e-02,6.900024414062500000e-01
1.472827148437499956e+00,4.931640625000000000e-02,6.900024414062500000e-01
2.526342773437499911e+00,6.103515625000000000e-02,6.900024414062500000e-01
2.526342773437499911e+00,4.931640625000000000e-02,2.312377929687499944e-01
1.472827148437499956e+00,6.103515625000000000e-02,2.312377929687499944e-01
1.801342773437500044e+00,-4.506835937500000000e-01,4.525024414062499556e-01
2.197827148437499822e+00,-4.506835937500000000e-01,4.525024414062499556e-01
1.801342773437500044e+00,5.610351562500000000e-01,4.525024414062499556e-01
1.801342773437500044e+00,-4.506835937500000000e-01,4.687377929687499556e-01
2.197827148437499822e+00,5.610351562500000000e-01,4.687377929687499556e-01
3.513427734374999778e-01,5.493164062500000000e-01,9.275024414062499334e-01
7.478271484374999778e-01,5.493164062500000000e-01,9.275024414062499334e-01
3.513427734374999778e-01,-4.389648437500000000e-01,9.275024414062499334e-01
3.513427734374999778e-01,5.493164062500000000e-01,9.437377929687499334e-01
7.478271484374999778e-01,-4.389648437500000000e-01,9.437377929687499334e-01
4.419677734375000444e-01,-3.881835937500000000e-01,6.656494140624999445e-02
2.288452148437500000e+00,-3.881835937500000000e-01,6.656494140624999445e-02
4.419677734375000444e-01,4.985351562500000000e-01,6.656494140624999445e-02
4.419677734375000444e-01,-3.881835937500000000e-01,2.015502929687499889e-01
2.288452148437500000e+00,4.985351562500000000e-01,2.015502929687499889e-01
1.891967773437500000e+00,6.118164062500000000e-01,5.415649414062500000e-01
8.384521484374999334e-01,6.118164062500000000e-01,5.415649414062500000e-01
1.891967773437500000e+00,-5.014648437500000000e-01,5.415649414062500000e-01
1.891967773437500000e+00,6.118164062500000000e-01,6.765502929687500222e-01
8.384521484374999334e-01,-5.014648437500000000e-01,6.765502929687500222e-01
2.616967773437500089e+00,-8.881835937500000000e-01,3.040649414062500111e-01
1.563452148437500133e+00,-8.881835937500000000e-01,3.040649414062500111e-01
2.616967773437500089e+00,-1.464843750000000000e-03,3.040649414062500111e-01
2.616967773437500089e+00,-8.881835937500000000e-01,9.140502929687499556e-01
1.563452148437500133e+00,-1.464843750000000000e-03,9.140502929687499556e-01
1.166967773437500133e+00,1.118164062500000000e-01,7.790649414062499334e-01
1.134521484375000111e-01,1.118164062500000000e-01,7.790649414062499334e-01
1.166967773437500133e+00,9.985351562500000000e-01,7.790649414062499334e-01
1.166967773437500133e+00,1.118164062500000000e-01,4.390502929687499778e-01
1.134521484375000111e-01,9.985351562500000000e-01,4.390502929687499778e-01
1.529467773437499956e+00,-6.381835937500000000e-01,6.603149414062500222e-01
4.759521484375000000e-01,-6.381835937500000000e-01,6.603149414062500222e-01
1.529467773437499956e+00,7.485351562500000000e-01,6.603149414062500222e-01
1.529467773437499956e+00,-6.381835937500000000e-01,8.280029296874999445e-02
4.759521484375000000e-01,7.485351562500000000e-01,8.280029296874999445e-02
2.979467773437499911e+00,3.618164062500000000e-01,1.853149414062499889e-01
1.925952148437499956e+00,3.618164062500000000e-01,1.853149414062499889e-01
2.979467773437499911e+00,-2.514648437500000000e-01,1.853149414062499889e-01
2.979467773437499911e+00,3.618164062500000000e-01,5.578002929687500000e-01
1.925952148437499956e+00,-2.514648437500000000e-01,5.578002929687500000e-01
2.254467773437499822e+00,-1.381835937500000000e-01,8.978149414062499556e-01
1.200952148437500089e+00,-1.381835937500000000e-01,8.978149414062499556e-01
2.254467773437499822e+00,-7.514648437500000000e-01,8.978149414062499556e-01
2.254467773437499822e+00,-1.381835937500000000e-01,7.953002929687499334e-01
1.200952148437500089e+00,-7.514648437500000000e-01,7.953002929687499334e-01
8.044677734374999778e-01,8.618164062500000000e-01,4.228149414062499778e-01
2.650952148437499822e+00,8.618164062500000000e-01,4.228149414062499778e-01
8.044677734374999778e-01,2.485351562500000000e-01,4.228149414062499778e-01
8.044677734374999778e-01,8.618164062500000000e-01,3.203002929687500111e-01
2.650952148437499822e+00,2.485351562500000000e-01,3.203002929687500111e-01
6.232177734374999556e-01,-7.631835937500000000e-01,8.384399414062500000e-01
2.107202148437500089e+00,-7.631835937500000000e-01,8.384399414062500000e-01
6.232177734374999556e-01,-6.264648437500000000e-01,8.384399414062500000e-01
6.232177734374999556e-01,-7.631835937500000000e-01,3.796752929687499667e-01
2.107202148437500089e+00,-6.264648437500000000e-01,3.796752929687499667e-01
2.073217773437499911e+00,2.368164062500000000e-01,3.634399414062499667e-01
6.572021484374999112e-01,2.368164062500000000e-01,3.634399414062499667e-01
2.073217773437499911e+00,3.735351562500000000e-01,3.634399414062499667e-01
2.073217773437499911e+00,2.368164062500000000e-01,8.546752929687500000e-01
6.572021484374999112e-01,3.735351562500000000e-01,8.546752929687500000e-01
2.798217773437500000e+00,-2.631835937500000000e-01,6.009399414062499556e-01
2.832202148437500178e+00,-2.631835937500000000e-01,6.009399414062499556e-01
2.798217773437500000e+00,8.735351562500000000e-01,6.009399414062499556e-01
2.798217773437500000e+00,-2.631835937500000000e-01,6.171752929687499556e-01
2.832202148437500178e+00,8.735351562500000000e-01,6.171752929687499556e-01
1.348217773437500044e+00,7.368164062500000000e-01,1.259399414062500056e-01
1.382202148437500000e+00,7.368164062500000000e-01,1.259399414062500056e-01
1.348217773437500044e+00,-1.264648437500000000e-01,1.259399414062500056e-01
1.348217773437500044e+00,7.368164062500000000e-01,1.421752929687500056e-01
1.382202148437500000e+00,-1.264648437500000000e-01,1.421752929687500056e-01
9.857177734375000000e-01,-1.318359375000000000e-02,2.446899414062500000e-01
1.019702148437499956e+00,-1.318359375000000000e-02,2.446899414062500000e-01
9.857177734375000000e-01,-3.764648437500000000e-01,2.446899414062500000e-01
9.857177734375000000e-01,-1.318359375000000000e-02,2.609252929687500000e-01
1.019702148437499956e+00,-3.764648437500000000e-01,2.609252929687500000e-01
2.435717773437500178e+00,9.868164062500000000e-01,7.196899414062499778e-01
2.469702148437499911e+00,9.868164062500000000e-01,7.196899414062499778e-01
2.435717773437500178e+00,6.235351562500000000e-01,7.196899414062499778e-01
2.435717773437500178e+00,9.868164062500000000e-01,7.359252929687499778e-01
2.469702148437499911e+00,6.235351562500000000e-01,7.359252929687499778e-01
1.710717773437500089e+00,-5.131835937500000000e-01,7.189941406249999827e-03
2.947021484374999778e-01,-5.131835937500000000e-01,7.189941406249999827e-03
1.710717773437500089e+00,1.235351562500000000e-01,7.189941406249999827e-03
1.710717773437500089e+00,-5.131835937500000000e-01,4.984252929687499889e-01
2.947021484374999778e-01,1.235351562500000000e-01,4.984252929687499889e-01
2.607177734375000222e-01,4.868164062500000000e-01,4.821899414062499889e-01
1.744702148437500044e+00,4.868164062500000000e-01,4.821899414062499889e-01
2.607177734375000222e-01,-8.764648437500000000e-01,4.821899414062499889e-01
2.607177734375000222e-01,4.868164062500000000e-01,2.342529296874999722e-02
1.744702148437500044e+00,-8.764648437500000000e-01,2.342529296874999722e-02
2.154052734374999889e-01,-1.069335937500000000e-01,8.235961914062499556e-01
2.696264648437499911e+00,-1.069335937500000000e-01,8.235961914062499556e-01
2.154052734374999889e-01,6.547851562500000000e-01,8.235961914062499556e-01
2.154052734374999889e-01,-1.069335937500000000e-01,1.273315429687499889e-01
2.696264648437499911e+00,6.547851562500000000e-01,1.273315429687499889e-01
1.665405273437500000e+00,8.930664062500000000e-01,3.485961914062499778e-01
1.246264648437499956e+00,8.930664062500000000e-01,3.485961914062499778e-01
1.665405273437500000e+00,-3.452148437500000000e-01,3.485961914062499778e-01
1.665405273437500000e+00,8.930664062500000000e-01,6.023315429687500222e-01
1.246264648437499956e+00,-3.452148437500000000e-01,6.023315429687500222e-01
2.390405273437500089e+00,-6.069335937500000000e-01,5.860961914062500222e-01
1.971264648437500044e+00,-6.069335937500000000e-01,5.860961914062500222e-01
2.390405273437500089e+00,-8.452148437500000000e-01,5.860961914062500222e-01
2.390405273437500089e+00,-6.069335937500000000e-01,8.398315429687499556e-01
1.971264648437500044e+00,-8.452148437500000000e-01,8.398315429687499556e-01
9.404052734374999112e-01,3.930664062500000000e-01,1.110961914062499889e-01
5.212646484374999778e-01,3.930664062500000000e-01,1.110961914062499889e-01
9.404052734374999112e-01,1.547851562500000000e-01,1.110961914062499889e-01
9.404052734374999112e-01,3.930664062500000000e-01,3.648315429687499778e-01
5.212646484374999778e-01,1.547851562500000000e-01,3.648315429687499778e-01
1.302905273437499956e+00,-8.569335937500000000e-01,4.673461914062500000e-01
1.587646484374999889e-01,-8.569335937500000000e-01,4.673461914062500000e-01
1.302905273437499956e+00,4.047851562500000000e-01,4.673461914062500000e-01
1.302905273437499956e+00,-8.569335937500000000e-01,8.581542968749999653e-03
1.587646484374999889e-01,4.047851562500000000e-01,8.581542968749999653e-03
2.752905273437499911e+00,1.430664062500000000e-01,9.423461914062499778e-01
1.608764648437500000e+00,1.430664062500000000e-01,9.423461914062499778e-01
2.752905273437499911e+00,-5.952148437500000000e-01,9.423461914062499778e-01
2.752905273437499911e+00,1.430664062500000000e-01,4.835815429687500000e-01
1.608764648437500000e+00,-5.952148437500000000e-01,4.835815429687500000e-01
2.027905273437499822e+00,-3.569335937500000000e-01,2.298461914062499833e-01
8.837646484374999112e-01,-3.569335937500000000e-01,2.298461914062499833e-01
2.027905273437499822e+00,-9.521484375000000000e-02,2.298461914062499833e-01
2.027905273437499822e+00,-3.569335937500000000e-01,7.210815429687499334e-01
8.837646484374999112e-01,-9.521484375000000000e-02,7.210815429687499334e-01
5.779052734374999778e-01,6.430664062500000000e-01,7.048461914062499334e-01
2.333764648437500089e+00,6.430664062500000000e-01,7.048461914062499334e-01
5.779052734374999778e-01,9.047851562500000000e-01,7.048461914062499334e-01
5.779052734374999778e-01,6.430664062500000000e-01,2.460815429687499833e-01
2.333764648437500089e+00,9.047851562500000000e-01,2.460815429687499833e-01
7.591552734375000000e-01,-7.319335937500000000e-01,1.704711914062500000e-01
1.790014648437500133e+00,-7.319335937500000000e-01,1.704711914062500000e-01
7.591552734375000000e-01,-4.702148437500000000e-01,1.704711914062500000e-01
7.591552734375000000e-01,-7.319335937500000000e-01,4.242065429687499889e-01
1.790014648437500133e+00,-4.702148437500000000e-01,4.242065429687499889e-01
2.209155273437500178e+00,2.680664062500000000e-01,6.454711914062499778e-01
3.400146484375000111e-01,2.680664062500000000e-01,6.454711914062499778e-01
2.209155273437500178e+00,5.297851562500000000e-01,6.454711914062499778e-01
2.209155273437500178e+00,2.680664062500000000e-01,8.992065429687499112e-01
3.400146484375000111e-01,5.297851562500000000e-01,8.992065429687499112e-01
2.934155273437499822e+00,-2.319335937500000000e-01,4.079711914062499889e-01
2.515014648437500000e+00,-2.319335937500000000e-01,4.079711914062499889e-01
2.934155273437499822e+00,2.978515625000000000e-02,4.079711914062499889e-01
2.934155273437499822e+00,-2.319335937500000000e-01,6.617065429687499778e-01
2.515014648437500000e+00,2.978515625000000000e-02,6.617065429687499778e-01
1.484155273437500089e+00,7.680664062500000000e-01,8.829711914062499112e-01
1.065014648437500044e+00,7.680664062500000000e-01,8.829711914062499112e-01
1.484155273437500089e+00,-9.702148437500000000e-01,8.829711914062499112e-01
1.484155273437500089e+00,7.680664062500000000e-01,1.867065429687500000e-01
1.065014648437500044e+00,-9.702148437500000000e-01,1.867065429687500000e-01
1.121655273437500044e+00,-4.819335937500000000e-01,5.267211914062499556e-01
1.427514648437500089e+00,-4.819335937500000000e-01,5.267211914062499556e-01
1.121655273437500044e+00,-7.202148437500000000e-01,5.267211914062499556e-01
1.121655273437500044e+00,-4.819335937500000000e-01,3.054565429687499667e-01
1.427514648437500089e+00,-7.202148437500000000e-01,3.054565429687499667e-01
2.571655273437500000e+00,5.180664062500000000e-01,5.172119140624999861e-02
2.877514648437499822e+00,5.180664062500000000e-01,5.172119140624999861e-02
2.571655273437500000e+00,2.797851562500000000e-01,5.172119140624999861e-02
2.571655273437500000e+00,5.180664062500000000e-01,7.804565429687500000e-01
2.877514648437499822e+00,2.797851562500000000e-01,7.804565429687500000e-01
1.846655273437500133e+00,-9.819335937500000000e-01,7.642211914062500000e-01
7.025146484375000000e-01,-9.819335937500000000e-01,7.642211914062500000e-01
1.846655273437500133e+00,7.797851562500000000e-01,7.642211914062500000e-01
1.846655273437500133e+00,-9.819335937500000000e-01,5.429565429687499556e-01
7.025146484375000000e-01,7.797851562500000000e-01,5.429565429687499556e-01
3.966552734374999556e-01,1.806640625000000000e-02,2.892211914062499667e-01
2.152514648437500178e+00,1.806640625000000000e-02,2.892211914062499667e-01
3.966552734374999556e-01,-2.202148437500000000e-01,2.892211914062499667e-01
3.966552734374999556e-01,1.806640625000000000e-02,6.795654296874999167e-02
2.152514648437500178e+00,-2.202148437500000000e-01,6.795654296874999167e-02
3.060302734375000000e-01,-9.194335937500000000e-01,6.157836914062500000e-01
9.743896484374999778e-01,-9.194335937500000000e-01,6.157836914062500000e-01
3.060302734375000000e-01,2.172851562500000000e-01,6.157836914062500000e-01
3.060302734375000000e-01,-9.194335937500000000e-01,8.101440429687499778e-01
9.743896484374999778e-01,2.172851562500000000e-01,8.101440429687499778e-01
1.756030273437499956e+00,8.056640625000000000e-02,1.407836914062499944e-01
2.424389648437499822e+00,8.056640625000000000e-02,1.407836914062499944e-01
1.756030273437499956e+00,-7.827148437500000000e-01,1.407836914062499944e-01
1.756030273437499956e+00,8.056640625000000000e-02,3.351440429687500000e-01
2.424389648437499822e+00,-7.827148437500000000e-01,3.351440429687500000e-01
2.481030273437499822e+00,-4.194335937500000000e-01,8.532836914062499334e-01
2.493896484375000000e-01,-4.194335937500000000e-01,8.532836914062499334e-01
2.481030273437499822e+00,-2.827148437500000000e-01,8.532836914062499334e-01
2.481030273437499822e+00,-4.194335937500000000e-01,9.764404296874999722e-02
2.493896484375000000e-01,-2.827148437500000000e-01,9.764404296874999722e-02
1.031030273437500089e+00,5.805664062500000000e-01,3.782836914062499556e-01
1.699389648437499956e+00,5.805664062500000000e-01,3.782836914062499556e-01
1.031030273437500089e+00,7.172851562500000000e-01,3.782836914062499556e-01
1.031030273437500089e+00,5.805664062500000000e-01,5.726440429687499334e-01
1.699389648437499956e+00,7.172851562500000000e-01,5.726440429687499334e-01
1.393530273437500133e+00,-1.694335937500000000e-01,2.203369140625000000e-02
2.061889648437500000e+00,-1.694335937500000000e-01,2.203369140625000000e-02
1.393530273437500133e+00,9.672851562500000000e-01,2.203369140625000000e-02
1.393530273437500133e+00,-1.694335937500000000e-01,9.288940429687500000e-01
2.061889648437500000e+00,9.672851562500000000e-01,9.288940429687500000e-01
2.843530273437500089e+00,8.305664062500000000e-01,4.970336914062499778e-01
6.118896484374999334e-01,8.305664062500000000e-01,4.970336914062499778e-01
2.843530273437500089e+00,-3.271484375000000000e-02,4.970336914062499778e-01
2.843530273437500089e+00,8.305664062500000000e-01,4.538940429687499667e-01
6.118896484374999334e-01,-3.271484375000000000e-02,4.538940429687499667e-01
2.118530273437500000e+00,-6.694335937500000000e-01,2.595336914062499889e-01
2.786889648437500089e+00,-6.694335937500000000e-01,2.595336914062499889e-01
2.118530273437500000e+00,-5.327148437500000000e-01,2.595336914062499889e-01
2.118530273437500000e+00,-6.694335937500000000e-01,2.163940429687499778e-01
2.786889648437500089e+00,-5.327148437500000000e-01,2.163940429687499778e-01
6.685302734374999334e-01,3.305664062500000000e-01,7.345336914062499112e-01
1.336889648437500133e+00,3.305664062500000000e-01,7.345336914062499112e-01
6.685302734374999334e-01,4.672851562500000000e-01,7.345336914062499112e-01
6.685302734374999334e-01,3.305664062500000000e-01,6.913940429687499556e-01
1.336889648437500133e+00,4.672851562500000000e-01,6.913940429687499556e-01
4.872802734375000222e-01,-2.944335937500000000e-01,3.189086914062500000e-01
7.931396484374999556e-01,-2.944335937500000000e-01,3.189086914062500000e-01
4.872802734375000222e-01,-9.077148437500000000e-01,3.189086914062500000e-01
4.872802734375000222e-01,-2.944335937500000000e-01,5.132690429687499778e-01
7.931396484374999556e-01,-9.077148437500000000e-01,5.132690429687499778e-01
1.937280273437500089e+00,7.055664062500000000e-01,7.939086914062499778e-01
2.243139648437499911e+00,7.055664062500000000e-01,7.939086914062499778e-01
1.937280273437500089e+00,9.228515625000000000e-02,7.939086914062499778e-01
1.937280273437500089e+00,7.055664062500000000e-01,3.826904296875000000e-02
2.243139648437499911e+00,9.228515625000000000e-02,3.826904296875000000e-02
2.662280273437500178e+00,-7.944335937500000000e-01,8.140869140624999722e-02
1.518139648437500044e+00,-7.944335937500000000e-01,8.140869140624999722e-02
2.662280273437500178e+00,5.922851562500000000e-01,8.140869140624999722e-02
2.662280273437500178e+00,-7.944335937500000000e-01,2.757690429687499889e-01
1.518139648437500044e+00,5.922851562500000000e-01,2.757690429687499889e-01
1.212280273437500000e+00,2.055664062500000000e-01,5.564086914062499334e-01
2.968139648437500000e+00,2.055664062500000000e-01,5.564086914062499334e-01
1.212280273437500000e+00,-4.077148437500000000e-01,5.564086914062499334e-01
1.212280273437500000e+00,2.055664062500000000e-01,7.507690429687499112e-01
2.968139648437500000e+00,-4.077148437500000000e-01,7.507690429687499112e-01
8.497802734374999556e-01,-5.444335937500000000e-01,9.126586914062500000e-01
2.605639648437500178e+00,-5.444335937500000000e-01,9.126586914062500000e-01
8.497802734374999556e-01,-1.577148437500000000e-01,9.126586914062500000e-01
8.497802734374999556e-01,-5.444335937500000000e-01,6.320190429687500000e-01
2.605639648437500178e+00,-1.577148437500000000e-01,6.320190429687500000e-01
2.299780273437499911e+00,4.555664062500000000e-01,4.376586914062499667e-01
1.155639648437500000e+00,4.555664062500000000e-01,4.376586914062499667e-01
2.299780273437499911e+00,8.422851562500000000e-01,4.376586914062499667e-01
2.299780273437499911e+00,4.555664062500000000e-01,1.570190429687499944e-01
1.155639648437500000e+00,8.422851562500000000e-01,1.570190429687499944e-01
1.574780273437500044e+00,-4.443359375000000000e-02,6.751586914062499556e-01
1.880639648437500089e+00,-4.443359375000000000e-02,6.751586914062499556e-01
1.574780273437500044e+00,3.422851562500000000e-01,6.751586914062499556e-01
1.574780273437500044e+00,-4.443359375000000000e-02,3.945190429687499556e-01
1.880639648437500089e+00,3.422851562500000000e-01,3.945190429687499556e-01
1.247802734375000056e-01,9.555664062500000000e-01,2.001586914062499778e-01
4.306396484375000222e-01,9.555664062500000000e-01,2.001586914062499778e-01
1.247802734375000056e-01,-6.577148437500000000e-01,2.001586914062499778e-01
1.247802734375000056e-01,9.555664062500000000e-01,8.695190429687499334e-01
4.306396484375000222e-01,-6.577148437500000000e-01,8.695190429687499334e-01
1.361083984375000000e-01,-9.584960937500000000e-01,8.941040039062500000e-01
1.710717773437500089e+00,-9.584960937500000000e-01,8.941040039062500000e-01
1.361083984375000000e-01,4.282226562500000000e-01,8.941040039062500000e-01
1.361083984375000000e-01,-9.584960937500000000e-01,6.424560546874999445e-02
1.710717773437500089e+00,4.282226562500000000e-01,6.424560546874999445e-02
1.586108398437499956e+00,4.150390625000000000e-02,4.191040039062499667e-01
2.607177734375000222e-01,4.150390625000000000e-02,4.191040039062499667e-01
1.586108398437499956e+00,-5.717773437500000000e-01,4.191040039062499667e-01
1.586108398437499956e+00,4.150390625000000000e-02,5.392456054687500000e-01
2.607177734375000222e-01,-5.717773437500000000e-01,5.392456054687500000e-01
2.311108398437499822e+00,-4.584960937500000000e-01,6.566040039062499556e-01
2.435717773437500178e+00,-4.584960937500000000e-01,6.566040039062499556e-01
2.311108398437499822e+00,-7.177734375000000000e-02,6.566040039062499556e-01
2.311108398437499822e+00,-4.584960937500000000e-01,7.767456054687499334e-01
2.435717773437500178e+00,-7.177734375000000000e-02,7.767456054687499334e-01
8.611083984374999778e-01,5.415039062500000000e-01,1.816040039062499778e-01
9.857177734375000000e-01,5.415039062500000000e-01,1.816040039062499778e-01
8.611083984374999778e-01,9.282226562500000000e-01,1.816040039062499778e-01
8.611083984374999778e-01,5.415039062500000000e-01,3.017456054687500111e-01
9.857177734375000000e-01,9.282226562500000000e-01,3.017456054687500111e-01
1.223608398437500133e+00,-2.084960937500000000e-01,3.003540039062500000e-01
1.348217773437500044e+00,-2.084960937500000000e-01,3.003540039062500000e-01
1.223608398437500133e+00,6.782226562500000000e-01,3.003540039062500000e-01
1.223608398437500133e+00,-2.084960937500000000e-01,1.829956054687499889e-01
1.348217773437500044e+00,6.782226562500000000e-01,1.829956054687499889e-01
2.673608398437500089e+00,7.915039062500000000e-01,7.753540039062499778e-01
2.798217773437500000e+00,7.915039062500000000e-01,7.753540039062499778e-01
2.673608398437500089e+00,-3.217773437500000000e-01,7.753540039062499778e-01
2.673608398437500089e+00,7.915039062500000000e-01,6.579956054687500222e-01
2.798217773437500000e+00,-3.217773437500000000e-01,6.579956054687500222e-01
1.948608398437500000e+00,-7.084960937500000000e-01,6.285400390624999722e-02
6.232177734374999556e-01,-7.084960937500000000e-01,6.285400390624999722e-02
1.948608398437500000e+00,-8.217773437500000000e-01,6.285400390624999722e-02
1.948608398437500000e+00,-7.084960937500000000e-01,8.954956054687499556e-01
6.232177734374999556e-01,-8.217773437500000000e-01,8.954956054687499556e-01
4.986083984375000444e-01,2.915039062500000000e-01,5.378540039062499334e-01
2.073217773437499911e+00,2.915039062500000000e-01,5.378540039062499334e-01
4.986083984375000444e-01,1.782226562500000000e-01,5.378540039062499334e-01
4.986083984375000444e-01,2.915039062500000000e-01,4.204956054687499778e-01
2.073217773437499911e+00,1.782226562500000000e-01,4.204956054687499778e-01
6.798583984374999556e-01,-3.334960937500000000e-01,3.479003906250000000e-03
2.979467773437499911e+00,-3.334960937500000000e-01,3.479003906250000000e-03
6.798583984374999556e-01,-6.967773437500000000e-01,3.479003906250000000e-03
6.798583984374999556e-01,-3.334960937500000000e-01,2.423706054687500000e-01
2.979467773437499911e+00,-6.967773437500000000e-01,2.423706054687500000e-01
2.129858398437499911e+00,6.665039062500000000e-01,4.784790039062499778e-01
1.529467773437499956e+00,6.665039062500000000e-01,4.784790039062499778e-01
2.129858398437499911e+00,3.032226562500000000e-01,4.784790039062499778e-01
2.129858398437499911e+00,6.665039062500000000e-01,7.173706054687499778e-01
1.529467773437499956e+00,3.032226562500000000e-01,7.173706054687499778e-01
2.854858398437500000e+00,-8.334960937500000000e-01,2.409790039062499889e-01
2.254467773437499822e+00,-8.334960937500000000e-01,2.409790039062499889e-01
2.854858398437500000e+00,8.032226562500000000e-01,2.409790039062499889e-01
2.854858398437500000e+00,-8.334960937500000000e-01,4.798706054687499889e-01
2.254467773437499822e+00,8.032226562500000000e-01,4.798706054687499889e-01
1.404858398437500044e+00,1.665039062500000000e-01,7.159790039062499112e-01
8.044677734374999778e-01,1.665039062500000000e-01,7.159790039062499112e-01
1.404858398437500044e+00,-1.967773437500000000e-01,7.159790039062499112e-01
1.404858398437500044e+00,1.665039062500000000e-01,4.870605468749999827e-03
8.044677734374999778e-01,-1.967773437500000000e-01,4.870605468749999827e-03
1.042358398437500000e+00,-5.834960937500000000e-01,5.972290039062500000e-01
4.419677734375000444e-01,-5.834960937500000000e-01,5.972290039062500000e-01
1.042358398437500000e+00,-4.467773437500000000e-01,5.972290039062500000e-01
1.042358398437500000e+00,-5.834960937500000000e-01,3.611206054687499667e-01
4.419677734375000444e-01,-4.467773437500000000e-01,3.611206054687499667e-01
2.492358398437500178e+00,4.165039062500000000e-01,1.222290039062499944e-01
1.891967773437500000e+00,4.165039062500000000e-01,1.222290039062499944e-01
2.492358398437500178e+00,5.532226562500000000e-01,1.222290039062499944e-01
2.492358398437500178e+00,4.165039062500000000e-01,8.361206054687500000e-01
1.891967773437500000e+00,5.532226562500000000e-01,8.361206054687500000e-01
1.767358398437500089e+00,-8.349609375000000000e-02,8.347290039062499334e-01
1.166967773437500133e+00,-8.349609375000000000e-02,8.347290039062499334e-01
1.767358398437500089e+00,5.322265625000000000e-02,8.347290039062499334e-01
1.767358398437500089e+00,-8.349609375000000000e-02,5.986206054687499556e-01
1.166967773437500133e+00,5.322265625000000000e-02,5.986206054687499556e-01
3.173583984375000222e-01,9.165039062500000000e-01,3.597290039062499556e-01
2.616967773437500089e+00,9.165039062500000000e-01,3.597290039062499556e-01
3.173583984375000222e-01,-9.467773437500000000e-01,3.597290039062499556e-01
3.173583984375000222e-01,9.165039062500000000e-01,1.236206054687499917e-01
2.616967773437500089e+00,-9.467773437500000000e-01,1.236206054687499917e-01
4.079833984374999778e-01,-2.099609375000000000e-02,5.081665039062499556e-01
5.325927734375000000e-01,-2.099609375000000000e-02,5.081665039062499556e-01
4.079833984374999778e-01,9.907226562500000000e-01,5.081665039062499556e-01
4.079833984374999778e-01,-2.099609375000000000e-02,8.658081054687499778e-01
5.325927734375000000e-01,9.907226562500000000e-01,8.658081054687499778e-01
1.857983398437500044e+00,9.790039062500000000e-01,3.316650390624999861e-02
1.982592773437499956e+00,9.790039062500000000e-01,3.316650390624999861e-02
1.857983398437500044e+00,-9.277343750000000000e-03,3.316650390624999861e-02
1.857983398437500044e+00,9.790039062500000000e-01,3.908081054687500000e-01
1.982592773437499956e+00,-9.277343750000000000e-03,3.908081054687500000e-01
2.582983398437499911e+00,-5.209960937500000000e-01,7.456665039062500000e-01
1.257592773437500089e+00,-5.209960937500000000e-01,7.456665039062500000e-01
2.582983398437499911e+00,-5.092773437500000000e-01,7.456665039062500000e-01
2.582983398437499911e+00,-5.209960937500000000e-01,1.533081054687499833e-01
1.257592773437500089e+00,-5.092773437500000000e-01,1.533081054687499833e-01
1.132983398437499956e+00,4.790039062500000000e-01,2.706665039062499667e-01
2.707592773437499822e+00,4.790039062500000000e-01,2.706665039062499667e-01
1.132983398437499956e+00,4.907226562500000000e-01,2.706665039062499667e-01
1.132983398437499956e+00,4.790039062500000000e-01,6.283081054687499334e-01
2.707592773437499822e+00,4.907226562500000000e-01,6.283081054687499334e-01
1.495483398437500000e+00,-7.709960937500000000e-01,1.519165039062500000e-01
2.345092773437500000e+00,-7.709960937500000000e-01,1.519165039062500000e-01
1.495483398437500000e+00,2.407226562500000000e-01,1.519165039062500000e-01
1.495483398437500000e+00,-7.709960937500000000e-01,7.470581054687499556e-01
2.345092773437500000e+00,2.407226562500000000e-01,7.470581054687499556e-01
2.945483398437500178e+00,2.290039062500000000e-01,6.269165039062499778e-01
8.950927734374999334e-01,2.290039062500000000e-01,6.269165039062499778e-01
2.945483398437500178e+00,-7.592773437500000000e-01,6.269165039062499778e-01
2.945483398437500178e+00,2.290039062500000000e-01,2.720581054687499778e-01
8.950927734374999334e-01,-7.592773437500000000e-01,2.720581054687499778e-01
2.220483398437500089e+00,-2.709960937500000000e-01,3.894165039062499889e-01
1.620092773437500133e+00,-2.709960937500000000e-01,3.894165039062499889e-01
2.220483398437500089e+00,-2.592773437500000000e-01,3.894165039062499889e-01
2.220483398437500089e+00,-2.709960937500000000e-01,3.455810546874999584e-02
1.620092773437500133e+00,-2.592773437500000000e-01,3.455810546874999584e-02
7.704833984374999112e-01,7.290039062500000000e-01,8.644165039062499112e-01
1.700927734375000111e-01,7.290039062500000000e-01,8.644165039062499112e-01
7.704833984374999112e-01,7.407226562500000000e-01,8.644165039062499112e-01
7.704833984374999112e-01,7.290039062500000000e-01,5.095581054687500222e-01
1.700927734375000111e-01,7.407226562500000000e-01,5.095581054687500222e-01
5.892333984375000000e-01,-6.459960937500000000e-01,4.487915039062500000e-01
1.076342773437499956e+00,-6.459960937500000000e-01,4.487915039062500000e-01
5.892333984375000000e-01,-1.342773437500000000e-01,4.487915039062500000e-01
5.892333984375000000e-01,-6.459960937500000000e-01,6.876831054687500000e-01
1.076342773437499956e+00,-1.342773437500000000e-01,6.876831054687500000e-01
2.039233398437499734e+00,3.540039062500000000e-01,9.237915039062499778e-01
2.526342773437499911e+00,3.540039062500000000e-01,9.237915039062499778e-01
2.039233398437499734e+00,8.657226562500000000e-01,9.237915039062499778e-01
2.039233398437499734e+00,3.540039062500000000e-01,2.126831054687499944e-01
2.526342773437499911e+00,8.657226562500000000e-01,2.126831054687499944e-01
2.764233398437499822e+00,-1.459960937500000000e-01,2.112915039062499833e-01
3.513427734374999778e-01,-1.459960937500000000e-01,2.112915039062499833e-01
2.764233398437499822e+00,3.657226562500000000e-01,2.112915039062499833e-01
2.764233398437499822e+00,-1.459960937500000000e-01,4.501831054687499556e-01
3.513427734374999778e-01,3.657226562500000000e-01,4.501831054687499556e-01
1.314233398437500089e+00,8.540039062500000000e-01,6.862915039062499334e-01
1.801342773437500044e+00,8.540039062500000000e-01,6.862915039062499334e-01
1.314233398437500089e+00,-6.342773437500000000e-01,6.862915039062499334e-01
1.314233398437500089e+00,8.540039062500000000e-01,9.251831054687499334e-01
1.801342773437500044e+00,-6.342773437500000000e-01,9.251831054687499334e-01
9.517333984374999334e-01,-3.959960937500000000e-01,8.050415039062499556e-01
2.163842773437500089e+00,-3.959960937500000000e-01,8.050415039062499556e-01
9.517333984374999334e-01,-8.842773437500000000e-01,8.050415039062499556e-01
9.517333984374999334e-01,-3.959960937500000000e-01,5.689331054687499778e-01
2.163842773437500089e+00,-8.842773437500000000e-01,5.689331054687499778e-01
2.401733398437500000e+00,6.040039062500000000e-01,3.300415039062499778e-01
7.138427734374999112e-01,6.040039062500000000e-01,3.300415039062499778e-01
2.401733398437500000e+00,1.157226562500000000e-01,3.300415039062499778e-01
2.401733398437500000e+00,6.040039062500000000e-01,9.393310546875000000e-02
7.138427734374999112e-01,1.157226562500000000e-01,9.393310546875000000e-02
1.676733398437500133e+00,-8.959960937500000000e-01,5.675415039062500222e-01
2.888842773437500178e+00,-8.959960937500000000e-01,5.675415039062500222e-01
1.676733398437500133e+00,6.157226562500000000e-01,5.675415039062500222e-01
1.676733398437500133e+00,-8.959960937500000000e-01,3.314331054687499889e-01
2.888842773437500178e+00,6.157226562500000000e-01,3.314331054687499889e-01
2.267333984375000111e-01,1.040039062500000000e-01,9.254150390624998890e-02
1.438842773437500000e+00,1.040039062500000000e-01,9.254150390624998890e-02
2.267333984375000111e-01,-3.842773437500000000e-01,9.254150390624998890e-02
2.267333984375000111e-01,1.040039062500000000e-01,8.064331054687499112e-01
1.438842773437500000e+00,-3.842773437500000000e-01,8.064331054687499112e-01
2.720458984374999889e-01,-4.897460937500000000e-01,2.558227539062499778e-01
1.247802734375000056e-01,-4.897460937500000000e-01,2.558227539062499778e-01
2.720458984374999889e-01,1.469726562500000000e-01,2.558227539062499778e-01
2.720458984374999889e-01,-4.897460937500000000e-01,9.400268554687499778e-01
1.247802734375000056e-01,1.469726562500000000e-01,9.400268554687499778e-01
1.722045898437500000e+00,5.102539062500000000e-01,7.308227539062499556e-01
1.574780273437500044e+00,5.102539062500000000e-01,7.308227539062499556e-01
1.722045898437500000e+00,-8.530273437500000000e-01,7.308227539062499556e-01
1.722045898437500000e+00,5.102539062500000000e-01,4.650268554687500000e-01
1.574780273437500044e+00,-8.530273437500000000e-01,4.650268554687500000e-01
2.447045898437500089e+00,-9.897460937500000000e-01,1.832275390624999931e-02
8.497802734374999556e-01,-9.897460937500000000e-01,1.832275390624999931e-02
2.447045898437500089e+00,-3.530273437500000000e-01,1.832275390624999931e-02
2.447045898437500089e+00,-9.897460937500000000e-01,2.275268554687499833e-01
8.497802734374999556e-01,-3.530273437500000000e-01,2.275268554687499833e-01
9.970458984374999112e-01,1.025390625000000000e-02,4.933227539062499667e-01
2.299780273437499911e+00,1.025390625000000000e-02,4.933227539062499667e-01
9.970458984374999112e-01,6.469726562500000000e-01,4.933227539062499667e-01
9.970458984374999112e-01,1.025390625000000000e-02,7.025268554687499334e-01
2.299780273437499911e+00,6.469726562500000000e-01,7.025268554687499334e-01
1.359545898437499956e+00,-7.397460937500000000e-01,8.495727539062499778e-01
2.662280273437500178e+00,-7.397460937500000000e-01,8.495727539062499778e-01
1.359545898437499956e+00,8.969726562500000000e-01,8.495727539062499778e-01
1.359545898437499956e+00,-7.397460937500000000e-01,8.212768554687499556e-01
2.662280273437500178e+00,8.969726562500000000e-01,8.212768554687499556e-01
2.809545898437499911e+00,2.602539062500000000e-01,3.745727539062500000e-01
1.212280273437500000e+00,2.602539062500000000e-01,3.745727539062500000e-01
2.809545898437499911e+00,-1.030273437500000000e-01,3.745727539062500000e-01
2.809545898437499911e+00,2.602539062500000000e-01,3.462768554687499778e-01
1.212280273437500000e+00,-1.030273437500000000e-01,3.462768554687499778e-01
2.084545898437499822e+00,-2.397460937500000000e-01,6.120727539062499334e-01
1.937280273437500089e+00,-2.397460937500000000e-01,6.120727539062499334e-01
2.084545898437499822e+00,-6.030273437500000000e-01,6.120727539062499334e-01
2.084545898437499822e+00,-2.397460937500000000e-01,1.087768554687499889e-01
1.937280273437500089e+00,-6.030273437500000000e-01,1.087768554687499889e-01
6.345458984374999778e-01,7.602539062500000000e-01,1.370727539062499833e-01
4.872802734375000222e-01,7.602539062500000000e-01,1.370727539062499833e-01
6.345458984374999778e-01,3.969726562500000000e-01,1.370727539062499833e-01
6.345458984374999778e-01,7.602539062500000000e-01,5.837768554687500222e-01
4.872802734375000222e-01,3.969726562500000000e-01,5.837768554687500222e-01
8.157958984375000000e-01,-8.647460937500000000e-01,6.714477539062500000e-01
1.393530273437500133e+00,-8.647460937500000000e-01,6.714477539062500000e-01
8.157958984375000000e-01,-9.780273437500000000e-01,6.714477539062500000e-01
8.157958984375000000e-01,-8.647460937500000000e-01,6.431518554687499778e-01
1.393530273437500133e+00,-9.780273437500000000e-01,6.431518554687499778e-01
2.265795898437500178e+00,1.352539062500000000e-01,1.964477539062499944e-01
2.843530273437500089e+00,1.352539062500000000e-01,1.964477539062499944e-01
2.265795898437500178e+00,2.197265625000000000e-02,1.964477539062499944e-01
2.265795898437500178e+00,1.352539062500000000e-01,1.681518554687500000e-01
2.843530273437500089e+00,2.197265625000000000e-02,1.681518554687500000e-01
2.990795898437499822e+00,-3.647460937500000000e-01,9.089477539062499334e-01
6.685302734374999334e-01,-3.647460937500000000e-01,9.089477539062499334e-01
2.990795898437499822e+00,5.219726562500000000e-01,9.089477539062499334e-01
2.990795898437499822e+00,-3.647460937500000000e-01,4.056518554687499889e-01
6.685302734374999334e-01,5.219726562500000000e-01,4.056518554687499889e-01
1.540795898437500089e+00,6.352539062500000000e-01,4.339477539062499556e-01
2.118530273437500000e+00,6.352539062500000000e-01,4.339477539062499556e-01
1.540795898437500089e+00,-4.780273437500000000e-01,4.339477539062499556e-01
1.540795898437500089e+00,6.352539062500000000e-01,8.806518554687499112e-01
2.118530273437500000e+00,-4.780273437500000000e-01,8.806518554687499112e-01
1.178295898437500044e+00,-1.147460937500000000e-01,7.769775390625000000e-02
1.756030273437499956e+00,-1.147460937500000000e-01,7.769775390625000000e-02
1.178295898437500044e+00,-2.280273437500000000e-01,7.769775390625000000e-02
1.178295898437500044e+00,-1.147460937500000000e-01,5.244018554687499556e-01
1.756030273437499956e+00,-2.280273437500000000e-01,5.244018554687499556e-01
2.628295898437500000e+00,8.852539062500000000e-01,5.526977539062499778e-01
3.060302734375000000e-01,8.852539062500000000e-01,5.526977539062499778e-01
2.628295898437500000e+00,7.719726562500000000e-01,5.526977539062499778e-01
2.628295898437500000e+00,8.852539062500000000e-01,4.940185546874999861e-02
3.060302734375000000e-01,7.719726562500000000e-01,4.940185546874999861e-02
1.903295898437500133e+00,-6.147460937500000000e-01,3.151977539062499889e-01
2.481030273437499822e+00,-6.147460937500000000e-01,3.151977539062499889e-01
1.903295898437500133e+00,2.719726562500000000e-01,3.151977539062499889e-01
1.903295898437500133e+00,-6.147460937500000000e-01,2.869018554687499667e-01
2.481030273437499822e+00,2.719726562500000000e-01,2.869018554687499667e-01
4.532958984374999556e-01,3.852539062500000000e-01,7.901977539062499112e-01
1.031030273437500089e+00,3.852539062500000000e-01,7.901977539062499112e-01
4.532958984374999556e-01,-7.280273437500000000e-01,7.901977539062499112e-01
4.532958984374999556e-01,3.852539062500000000e-01,7.619018554687500000e-01
1.031030273437500089e+00,-7.280273437500000000e-01,7.619018554687500000e-01
3.626708984375000000e-01,-5.522460937500000000e-01,2.261352539062500000e-01
2.027905273437499822e+00,-5.522460937500000000e-01,2.261352539062500000e-01
3.626708984375000000e-01,7.094726562500000000e-01,2.261352539062500000e-01
3.626708984375000000e-01,-5.522460937500000000e-01,1.971435546875000000e-02
2.027905273437499822e+00,7.094726562500000000e-01,1.971435546875000000e-02
1.812670898437499956e+00,4.477539062500000000e-01,7.011352539062499778e-01
5.779052734374999778e-01,4.477539062500000000e-01,7.011352539062499778e-01
1.812670898437499956e+00,-2.905273437500000000e-01,7.011352539062499778e-01
1.812670898437499956e+00,4.477539062500000000e-01,4.947143554687499778e-01
5.779052734374999778e-01,-2.905273437500000000e-01,4.947143554687499778e-01
2.537670898437499822e+00,-5.224609375000000000e-02,4.636352539062499889e-01
2.752905273437499911e+00,-5.224609375000000000e-02,4.636352539062499889e-01
2.537670898437499822e+00,-7.905273437500000000e-01,4.636352539062499889e-01
2.537670898437499822e+00,-5.224609375000000000e-02,7.322143554687499112e-01
2.752905273437499911e+00,-7.905273437500000000e-01,7.322143554687499112e-01
1.087670898437500089e+00,9.477539062500000000e-01,9.386352539062499112e-01
1.302905273437499956e+00,9.477539062500000000e-01,9.386352539062499112e-01
1.087670898437500089e+00,2.094726562500000000e-01,9.386352539062499112e-01
1.087670898437500089e+00,9.477539062500000000e-01,2.572143554687499889e-01
1.302905273437499956e+00,2.094726562500000000e-01,2.572143554687499889e-01
1.450170898437500133e+00,-3.022460937500000000e-01,5.823852539062499556e-01
9.404052734374999112e-01,-3.022460937500000000e-01,5.823852539062499556e-01
1.450170898437500133e+00,4.594726562500000000e-01,5.823852539062499556e-01
1.450170898437500133e+00,-3.022460937500000000e-01,1.384643554687499944e-01
9.404052734374999112e-01,4.594726562500000000e-01,1.384643554687499944e-01
2.900170898437500089e+00,6.977539062500000000e-01,1.073852539062499917e-01
2.390405273437500089e+00,6.977539062500000000e-01,1.073852539062499917e-01
2.900170898437500089e+00,-5.405273437500000000e-01,1.073852539062499917e-01
2.900170898437500089e+00,6.977539062500000000e-01,6.134643554687500000e-01
2.390405273437500089e+00,-5.405273437500000000e-01,6.134643554687500000e-01
2.175170898437500000e+00,-8.022460937500000000e-01,8.198852539062500000e-01
2.154052734374999889e-01,-8.022460937500000000e-01,8.198852539062500000e-01
2.175170898437500000e+00,-4.052734375000000000e-02,8.198852539062500000e-01
2.175170898437500000e+00,-8.022460937500000000e-01,8.509643554687499334e-01
2.154052734374999889e-01,-4.052734375000000000e-02,8.509643554687499334e-01
7.251708984374999334e-01,1.977539062500000000e-01,3.448852539062499667e-01
1.665405273437500000e+00,1.977539062500000000e-01,3.448852539062499667e-01
7.251708984374999334e-01,9.594726562500000000e-01,3.448852539062499667e-01
7.251708984374999334e-01,1.977539062500000000e-01,3.759643554687499556e-01
1.665405273437500000e+00,9.594726562500000000e-01,3.759643554687499556e-01
5.439208984375000222e-01,-1.772460937500000000e-01,7.605102539062499334e-01
2.571655273437500000e+00,-1.772460937500000000e-01,7.605102539062499334e-01
5.439208984375000222e-01,-4.155273437500000000e-01,7.605102539062499334e-01
5.439208984375000222e-01,-1.772460937500000000e-01,3.165893554687500000e-01
2.571655273437500000e+00,-4.155273437500000000e-01,3.165893554687500000e-01
1.993920898437500089e+00,8.227539062500000000e-01,2.855102539062500111e-01
1.121655273437500044e+00,8.227539062500000000e-01,2.855102539062500111e-01
1.993920898437500089e+00,5.844726562500000000e-01,2.855102539062500111e-01
1.993920898437500089e+00,8.227539062500000000e-01,7.915893554687499778e-01
1.121655273437500044e+00,5.844726562500000000e-01,7.915893554687499778e-01
2.718920898437500178e+00,-6.772460937500000000e-01,5.230102539062500000e-01
1.846655273437500133e+00,-6.772460937500000000e-01,5.230102539062500000e-01
2.718920898437500178e+00,8.447265625000000000e-02,5.230102539062500000e-01
2.718920898437500178e+00,-6.772460937500000000e-01,5.540893554687499334e-01
1.846655273437500133e+00,8.447265625000000000e-02,5.540893554687499334e-01
1.268920898437500000e+00,3.227539062500000000e-01,4.801025390624999445e-02
3.966552734374999556e-01,3.227539062500000000e-01,4.801025390624999445e-02
1.268920898437500000e+00,-9.155273437500000000e-01,4.801025390624999445e-02
1.268920898437500000e+00,3.227539062500000000e-01,7.908935546874999722e-02
3.966552734374999556e-01,-9.155273437500000000e-01,7.908935546874999722e-02
9.064208984374999556e-01,-9.272460937500000000e-01,4.042602539062499778e-01
7.591552734375000000e-01,-9.272460937500000000e-01,4.042602539062499778e-01
9.064208984374999556e-01,-6.655273437500000000e-01,4.042602539062499778e-01
9.064208984374999556e-01,-9.272460937500000000e-01,4.353393554687499667e-01
7.591552734375000000e-01,-6.655273437500000000e-01,4.353393554687499667e-01
2.356420898437499911e+00,7.275390625000000000e-02,8.792602539062499556e-01
2.209155273437500178e+00,7.275390625000000000e-02,8.792602539062499556e-01
2.356420898437499911e+00,3.344726562500000000e-01,8.792602539062499556e-01
2.356420898437499911e+00,7.275390625000000000e-02,9.103393554687500000e-01
2.209155273437500178e+00,3.344726562500000000e-01,9.103393554687500000e-01
1.631420898437500044e+00,-4.272460937500000000e-01,1.667602539062499889e-01
1.484155273437500089e+00,-4.272460937500000000e-01,1.667602539062499889e-01
1.631420898437500044e+00,8.344726562500000000e-01,1.667602539062499889e-01
1.631420898437500044e+00,-4.272460937500000000e-01,6.728393554687499556e-01
1.484155273437500089e+00,8.344726562500000000e-01,6.728393554687499556e-01
1.814208984375000056e-01,5.727539062500000000e-01,6.417602539062500222e-01
2.934155273437499822e+00,5.727539062500000000e-01,6.417602539062500222e-01
1.814208984375000056e-01,-1.655273437500000000e-01,6.417602539062500222e-01
1.814208984375000056e-01,5.727539062500000000e-01,1.978393554687499778e-01
2.934155273437499822e+00,-1.655273437500000000e-01,1.978393554687499778e-01
1.587646484374999889e-01,-2.241210937500000000e-01,1.296508789062499889e-01
1.098999023437500000e+00,-2.241210937500000000e-01,1.296508789062499889e-01
1.587646484374999889e-01,-8.686523437500000000e-01,1.296508789062499889e-01
1.587646484374999889e-01,-2.241210937500000000e-01,3.685424804687499889e-01
1.098999023437500000e+00,-8.686523437500000000e-01,3.685424804687499889e-01
1.608764648437500000e+00,7.758789062500000000e-01,6.046508789062500222e-01
2.548999023437500178e+00,7.758789062500000000e-01,6.046508789062500222e-01
1.608764648437500000e+00,1.313476562500000000e-01,6.046508789062500222e-01
1.608764648437500000e+00,7.758789062500000000e-01,8.435424804687499112e-01
2.548999023437500178e+00,1.313476562500000000e-01,8.435424804687499112e-01
2.333764648437500089e+00,-7.241210937500000000e-01,3.671508789062499778e-01
3.739990234375000222e-01,-7.241210937500000000e-01,3.671508789062499778e-01
2.333764648437500089e+00,6.313476562500000000e-01,3.671508789062499778e-01
2.333764648437500089e+00,-7.241210937500000000e-01,6.060424804687499778e-01
3.739990234375000222e-01,6.313476562500000000e-01,6.060424804687499778e-01
8.837646484374999112e-01,2.758789062500000000e-01,8.421508789062499556e-01
1.823999023437500089e+00,2.758789062500000000e-01,8.421508789062499556e-01
8.837646484374999112e-01,-3.686523437500000000e-01,8.421508789062499556e-01
8.837646484374999112e-01,2.758789062500000000e-01,1.310424804687500000e-01
1.823999023437500089e+00,-3.686523437500000000e-01,1.310424804687500000e-01
1.246264648437499956e+00,-9.741210937500000000e-01,4.859008789062500000e-01
2.186499023437499911e+00,-9.741210937500000000e-01,4.859008789062500000e-01
1.246264648437499956e+00,-1.186523437500000000e-01,4.859008789062500000e-01
1.246264648437499956e+00,-9.741210937500000000e-01,2.497924804687499944e-01
2.186499023437499911e+00,-1.186523437500000000e-01,2.497924804687499944e-01
2.696264648437499911e+00,2.587890625000000000e-02,1.090087890624999965e-02
7.364990234374999556e-01,2.587890625000000000e-02,1.090087890624999965e-02
2.696264648437499911e+00,8.813476562500000000e-01,1.090087890624999965e-02
2.696264648437499911e+00,2.587890625000000000e-02,7.247924804687500000e-01
7.364990234374999556e-01,8.813476562500000000e-01,7.247924804687500000e-01
1.971264648437500044e+00,-4.741210937500000000e-01,7.234008789062499334e-01
2.911499023437500000e+00,-4.741210937500000000e-01,7.234008789062499334e-01
1.971264648437500044e+00,3.813476562500000000e-01,7.234008789062499334e-01
1.971264648437500044e+00,-4.741210937500000000e-01,4.872924804687499556e-01
2.911499023437500000e+00,3.813476562500000000e-01,4.872924804687499556e-01
5.212646484374999778e-01,5.258789062500000000e-01,2.484008789062499833e-01
1.461499023437500044e+00,5.258789062500000000e-01,2.484008789062499833e-01
5.212646484374999778e-01,-6.186523437500000000e-01,2.484008789062499833e-01
5.212646484374999778e-01,5.258789062500000000e-01,1.229248046874999861e-02
1.461499023437500044e+00,-6.186523437500000000e-01,1.229248046874999861e-02
7.025146484375000000e-01,-5.991210937500000000e-01,7.827758789062500000e-01
5.552490234375000444e-01,-5.991210937500000000e-01,7.827758789062500000e-01
7.025146484375000000e-01,6.347656250000000000e-03,7.827758789062500000e-01
7.025146484375000000e-01,-5.991210937500000000e-01,1.904174804687499833e-01
5.552490234375000444e-01,6.347656250000000000e-03,1.904174804687499833e-01
2.152514648437500178e+00,4.008789062500000000e-01,3.077758789062499667e-01
2.005249023437500000e+00,4.008789062500000000e-01,3.077758789062499667e-01
2.152514648437500178e+00,-9.936523437500000000e-01,3.077758789062499667e-01
2.152514648437500178e+00,4.008789062500000000e-01,6.654174804687499334e-01
2.005249023437500000e+00,-9.936523437500000000e-01,6.654174804687499334e-01
2.877514648437499822e+00,-9.912109375000000000e-02,5.452758789062499556e-01
1.280249023437500133e+00,-9.912109375000000000e-02,5.452758789062499556e-01
2.877514648437499822e+00,-4.936523437500000000e-01,5.452758789062499556e-01
2.877514648437499822e+00,-9.912109375000000000e-02,9.029174804687499778e-01
1.280249023437500133e+00,-4.936523437500000000e-01,9.029174804687499778e-01
1.427514648437500089e+00,9.008789062500000000e-01,7.027587890624999167e-02
2.730249023437500089e+00,9.008789062500000000e-01,7.027587890624999167e-02
1.427514648437500089e+00,5.063476562500000000e-01,7.027587890624999167e-02
1.427514648437500089e+00,9.008789062500000000e-01,4.279174804687500000e-01
2.730249023437500089e+00,5.063476562500000000e-01,4.279174804687500000e-01
1.065014648437500044e+00,-3.491210937500000000e-01,4.265258789062499889e-01
2.367749023437499822e+00,-3.491210937500000000e-01,4.265258789062499889e-01
1.065014648437500044e+00,7.563476562500000000e-01,4.265258789062499889e-01
1.065014648437500044e+00,-3.491210937500000000e-01,7.166748046875000278e-02
2.367749023437499822e+00,7.563476562500000000e-01,7.166748046875000278e-02
2.515014648437500000e+00,6.508789062500000000e-01,9.015258789062499112e-01
9.177490234374999778e-01,6.508789062500000000e-01,9.015258789062499112e-01
2.515014648437500000e+00,-2.436523437500000000e-01,9.015258789062499112e-01
2.515014648437500000e+00,6.508789062500000000e-01,5.466674804687500222e-01
9.177490234374999778e-01,-2.436523437500000000e-01,5.466674804687500222e-01
1.790014648437500133e+00,-8.491210937500000000e-01,1.890258789062500000e-01
1.642749023437499956e+00,-8.491210937500000000e-01,1.890258789062500000e-01
1.790014648437500133e+00,-7.436523437500000000e-01,1.890258789062500000e-01
1.790014648437500133e+00,-8.491210937500000000e-01,7.841674804687499556e-01
1.642749023437499956e+00,-7.436523437500000000e-01,7.841674804687499556e-01
3.400146484375000111e-01,1.508789062500000000e-01,6.640258789062499778e-01
1.927490234375000000e-01,1.508789062500000000e-01,6.640258789062499778e-01
3.400146484375000111e-01,2.563476562500000000e-01,6.640258789062499778e-01
3.400146484375000111e-01,1.508789062500000000e-01,3.091674804687499778e-01
1.927490234375000000e-01,2.563476562500000000e-01,3.091674804687499778e-01
4.306396484375000222e-01,-7.866210937500000000e-01,3.374633789062500000e-01
2.820874023437499822e+00,-7.866210937500000000e-01,3.374633789062500000e-01
4.306396484375000222e-01,-3.061523437500000000e-01,3.374633789062500000e-01
4.306396484375000222e-01,-7.866210937500000000e-01,5.763549804687500000e-01
2.820874023437499822e+00,-3.061523437500000000e-01,5.763549804687500000e-01
1.880639648437500089e+00,2.133789062500000000e-01,8.124633789062499778e-01
1.370874023437500089e+00,2.133789062500000000e-01,8.124633789062499778e-01
1.880639648437500089e+00,6.938476562500000000e-01,8.124633789062499778e-01
1.880639648437500089e+00,2.133789062500000000e-01,1.013549804687499944e-01
1.370874023437500089e+00,6.938476562500000000e-01,1.013549804687499944e-01
2.605639648437500178e+00,-2.866210937500000000e-01,9.996337890624999722e-02
2.095874023437499734e+00,-2.866210937500000000e-01,9.996337890624999722e-02
2.605639648437500178e+00,1.938476562500000000e-01,9.996337890624999722e-02
2.605639648437500178e+00,-2.866210937500000000e-01,3.388549804687500111e-01
2.095874023437499734e+00,1.938476562500000000e-01,3.388549804687500111e-01
1.155639648437500000e+00,7.133789062500000000e-01,5.749633789062499334e-01
6.458740234375000000e-01,7.133789062500000000e-01,5.749633789062499334e-01
1.155639648437500000e+00,-8.061523437500000000e-01,5.749633789062499334e-01
1.155639648437500000e+00,7.133789062500000000e-01,8.138549804687499334e-01
6.458740234375000000e-01,-8.061523437500000000e-01,8.138549804687499334e-01
1.518139648437500044e+00,-3.662109375000000000e-02,9.312133789062500000e-01
2.833740234375000111e-01,-3.662109375000000000e-02,9.312133789062500000e-01
1.518139648437500044e+00,-5.561523437500000000e-01,9.312133789062500000e-01
1.518139648437500044e+00,-3.662109375000000000e-02,6.951049804687500222e-01
2.833740234375000111e-01,-5.561523437500000000e-01,6.951049804687500222e-01
2.968139648437500000e+00,9.633789062500000000e-01,4.562133789062499667e-01
1.733374023437500133e+00,9.633789062500000000e-01,4.562133789062499667e-01
2.968139648437500000e+00,4.438476562500000000e-01,4.562133789062499667e-01
2.968139648437500000e+00,9.633789062500000000e-01,2.201049804687499889e-01
1.733374023437500133e+00,4.438476562500000000e-01,2.201049804687499889e-01
2.243139648437499911e+00,-5.366210937500000000e-01,6.937133789062499556e-01
1.008374023437500044e+00,-5.366210937500000000e-01,6.937133789062499556e-01
2.243139648437499911e+00,9.438476562500000000e-01,6.937133789062499556e-01
2.243139648437499911e+00,-5.366210937500000000e-01,4.576049804687499778e-01
1.008374023437500044e+00,9.438476562500000000e-01,4.576049804687499778e-01
7.931396484374999556e-01,4.633789062500000000e-01,2.187133789062499778e-01
2.458374023437500000e+00,4.633789062500000000e-01,2.187133789062499778e-01
7.931396484374999556e-01,-5.615234375000000000e-02,2.187133789062499778e-01
7.931396484374999556e-01,4.633789062500000000e-01,9.326049804687499556e-01
2.458374023437500000e+00,-5.615234375000000000e-02,9.326049804687499556e-01
6.118896484374999334e-01,-4.116210937500000000e-01,6.343383789062500000e-01
1.552124023437500000e+00,-4.116210937500000000e-01,6.343383789062500000e-01
6.118896484374999334e-01,5.688476562500000000e-01,6.343383789062500000e-01
6.118896484374999334e-01,-4.116210937500000000e-01,7.544799804687499778e-01
1.552124023437500000e+00,5.688476562500000000e-01,7.544799804687499778e-01
2.061889648437500000e+00,5.883789062500000000e-01,1.593383789062499944e-01
1.021240234375000028e-01,5.883789062500000000e-01,1.593383789062499944e-01
2.061889648437500000e+00,-4.311523437500000000e-01,1.593383789062499944e-01
2.061889648437500000e+00,5.883789062500000000e-01,2.794799804687500000e-01
1.021240234375000028e-01,-4.311523437500000000e-01,2.794799804687500000e-01
2.786889648437500089e+00,-9.116210937500000000e-01,8.718383789062499334e-01
2.277124023437500089e+00,-9.116210937500000000e-01,8.718383789062499334e-01
2.786889648437500089e+00,-9.311523437500000000e-01,8.718383789062499334e-01
2.786889648437500089e+00,-9.116210937500000000e-01,4.197998046874999722e-02
2.277124023437500089e+00,-9.311523437500000000e-01,4.197998046874999722e-02
1.336889648437500133e+00,8.837890625000000000e-02,3.968383789062499556e-01
8.271240234374999112e-01,8.837890625000000000e-02,3.968383789062499556e-01
1.336889648437500133e+00,6.884765625000000000e-02,3.968383789062499556e-01
1.336889648437500133e+00,8.837890625000000000e-02,5.169799804687499334e-01
8.271240234374999112e-01,6.884765625000000000e-02,5.169799804687499334e-01
9.743896484374999778e-01,-6.616210937500000000e-01,4.058837890625000000e-02
1.189624023437499956e+00,-6.616210937500000000e-01,4.058837890625000000e-02
9.743896484374999778e-01,3.188476562500000000e-01,4.058837890625000000e-02
9.743896484374999778e-01,-6.616210937500000000e-01,8.732299804687500000e-01
1.189624023437499956e+00,3.188476562500000000e-01,8.732299804687500000e-01
2.424389648437499822e+00,3.383789062500000000e-01,5.155883789062499778e-01
2.639624023437499911e+00,3.383789062500000000e-01,5.155883789062499778e-01
2.424389648437499822e+00,-6.811523437500000000e-01,5.155883789062499778e-01
2.424389648437499822e+00,3.383789062500000000e-01,3.982299804687499667e-01
2.639624023437499911e+00,-6.811523437500000000e-01,3.982299804687499667e-01
1.699389648437499956e+00,-1.616210937500000000e-01,2.780883789062499889e-01
4.646240234374999778e-01,-1.616210937500000000e-01,2.780883789062499889e-01
1.699389648437499956e+00,-1.811523437500000000e-01,2.780883789062499889e-01
1.699389648437499956e+00,-1.616210937500000000e-01,1.607299804687500056e-01
4.646240234374999778e-01,-1.811523437500000000e-01,1.607299804687500056e-01
2.493896484375000000e-01,8.383789062500000000e-01,7.530883789062499112e-01
1.914624023437500044e+00,8.383789062500000000e-01,7.530883789062499112e-01
2.493896484375000000e-01,8.188476562500000000e-01,7.530883789062499112e-01
2.493896484375000000e-01,8.383789062500000000e-01,6.357299804687499556e-01
1.914624023437500044e+00,8.188476562500000000e-01,6.357299804687499556e-01
2.040771484375000222e-01,-6.928710937500000000e-01,5.601196289062500000e-01
2.503686523437500089e+00,-6.928710937500000000e-01,5.601196289062500000e-01
2.040771484375000222e-01,-5.874023437500000000e-01,5.601196289062500000e-01
2.040771484375000222e-01,-6.928710937500000000e-01,5.318237304687499778e-01
2.503686523437500089e+00,-5.874023437500000000e-01,5.318237304687499778e-01
1.654077148437500089e+00,3.071289062500000000e-01,8.511962890624999445e-02
1.053686523437499911e+00,3.071289062500000000e-01,8.511962890624999445e-02
1.654077148437500089e+00,4.125976562500000000e-01,8.511962890624999445e-02
1.654077148437500089e+00,3.071289062500000000e-01,5.682373046875000000e-02
1.053686523437499911e+00,4.125976562500000000e-01,5.682373046875000000e-02
2.379077148437500178e+00,-1.928710937500000000e-01,7.976196289062499334e-01
1.778686523437500000e+00,-1.928710937500000000e-01,7.976196289062499334e-01
2.379077148437500178e+00,9.125976562500000000e-01,7.976196289062499334e-01
2.379077148437500178e+00,-1.928710937500000000e-01,2.943237304687499889e-01
1.778686523437500000e+00,9.125976562500000000e-01,2.943237304687499889e-01
9.290771484375000000e-01,8.071289062500000000e-01,3.226196289062500111e-01
3.286865234374999889e-01,8.071289062500000000e-01,3.226196289062500111e-01
9.290771484375000000e-01,-8.740234375000000000e-02,3.226196289062500111e-01
9.290771484375000000e-01,8.071289062500000000e-01,7.693237304687499112e-01
3.286865234374999889e-01,-8.740234375000000000e-02,7.693237304687499112e-01
1.291577148437500044e+00,-4.428710937500000000e-01,2.038696289062499889e-01
6.911865234374999778e-01,-4.428710937500000000e-01,2.038696289062499889e-01
1.291577148437500044e+00,-3.374023437500000000e-01,2.038696289062499889e-01
1.291577148437500044e+00,-4.428710937500000000e-01,6.505737304687500000e-01
6.911865234374999778e-01,-3.374023437500000000e-01,6.505737304687500000e-01
2.741577148437500000e+00,5.571289062500000000e-01,6.788696289062500222e-01
2.141186523437499822e+00,5.571289062500000000e-01,6.788696289062500222e-01
2.741577148437500000e+00,6.625976562500000000e-01,6.788696289062500222e-01
2.741577148437500000e+00,5.571289062500000000e-01,1.755737304687499944e-01
2.141186523437499822e+00,6.625976562500000000e-01,1.755737304687499944e-01
2.016577148437499911e+00,-9.428710937500000000e-01,4.413696289062499778e-01
1.416186523437499956e+00,-9.428710937500000000e-01,4.413696289062499778e-01
2.016577148437499911e+00,1.625976562500000000e-01,4.413696289062499778e-01
2.016577148437499911e+00,-9.428710937500000000e-01,4.130737304687499556e-01
1.416186523437499956e+00,1.625976562500000000e-01,4.130737304687499556e-01
5.665771484374999556e-01,5.712890625000000000e-02,9.163696289062499556e-01
2.866186523437499911e+00,5.712890625000000000e-02,9.163696289062499556e-01
5.665771484374999556e-01,-8.374023437500000000e-01,9.163696289062499556e-01
5.665771484374999556e-01,5.712890625000000000e-02,8.880737304687499334e-01
2.866186523437499911e+00,-8.374023437500000000e-01,8.880737304687499334e-01
7.478271484374999778e-01,-6.787109375000000000e-02,3.819946289062499667e-01
1.959936523437500133e+00,-6.787109375000000000e-02,3.819946289062499667e-01
7.478271484374999778e-01,2.875976562500000000e-01,3.819946289062499667e-01
7.478271484374999778e-01,-6.787109375000000000e-02,8.286987304687499778e-01
1.959936523437500133e+00,2.875976562500000000e-01,8.286987304687499778e-01
2.197827148437499822e+00,9.321289062500000000e-01,8.569946289062500000e-01
5.099365234374999556e-01,9.321289062500000000e-01,8.569946289062500000e-01
2.197827148437499822e+00,-7.124023437500000000e-01,8.569946289062500000e-01
2.197827148437499822e+00,9.321289062500000000e-01,3.536987304687500000e-01
5.099365234374999556e-01,-7.124023437500000000e-01,3.536987304687500000e-01
2.922827148437499911e+00,-5.678710937500000000e-01,1.444946289062500056e-01
2.684936523437500000e+00,-5.678710937500000000e-01,1.444946289062500056e-01
2.922827148437499911e+00,-2.124023437500000000e-01,1.444946289062500056e-01
2.922827148437499911e+00,-5.678710937500000000e-01,1.161987304687499972e-01
2.684936523437500000e+00,-2.124023437500000000e-01,1.161987304687499972e-01
1.472827148437499956e+00,4.321289062500000000e-01,6.194946289062499556e-01
1.234936523437500044e+00,4.321289062500000000e-01,6.194946289062499556e-01
1.472827148437499956e+00,7.875976562500000000e-01,6.194946289062499556e-01
1.472827148437499956e+00,4.321289062500000000e-01,5.911987304687499334e-01
1.234936523437500044e+00,7.875976562500000000e-01,5.911987304687499334e-01
1.110327148437500133e+00,-8.178710937500000000e-01,7.382446289062499778e-01
8.724365234375000000e-01,-8.178710937500000000e-01,7.382446289062499778e-01
1.110327148437500133e+00,5.375976562500000000e-01,7.382446289062499778e-01
1.110327148437500133e+00,-8.178710937500000000e-01,9.474487304687500000e-01
8.724365234375000000e-01,5.375976562500000000e-01,9.474487304687500000e-01
2.560327148437500089e+00,1.821289062500000000e-01,2.632446289062500000e-01
2.322436523437500178e+00,1.821289062500000000e-01,2.632446289062500000e-01
2.560327148437500089e+00,-4.624023437500000000e-01,2.632446289062500000e-01
2.560327148437500089e+00,1.821289062500000000e-01,4.724487304687499667e-01
2.322436523437500178e+00,-4.624023437500000000e-01,4.724487304687499667e-01
1.835327148437500000e+00,-3.178710937500000000e-01,5.007446289062499334e-01
1.474365234374999944e-01,-3.178710937500000000e-01,5.007446289062499334e-01
1.835327148437500000e+00,-9.624023437500000000e-01,5.007446289062499334e-01
1.835327148437500000e+00,-3.178710937500000000e-01,2.349487304687499778e-01
1.474365234374999944e-01,-9.624023437500000000e-01,2.349487304687499778e-01
3.853271484375000444e-01,6.821289062500000000e-01,2.574462890624999722e-02
1.597436523437500089e+00,6.821289062500000000e-01,2.574462890624999722e-02
3.853271484375000444e-01,3.759765625000000000e-02,2.574462890624999722e-02
3.853271484375000444e-01,6.821289062500000000e-01,7.099487304687499556e-01
1.597436523437500089e+00,3.759765625000000000e-02,7.099487304687499556e-01
2.947021484374999778e-01,-2.553710937500000000e-01,8.866821289062499778e-01
1.506811523437500133e+00,-2.553710937500000000e-01,8.866821289062499778e-01
2.947021484374999778e-01,-2.490234375000000000e-02,8.866821289062499778e-01
2.947021484374999778e-01,-2.553710937500000000e-01,4.427612304687499889e-01
1.506811523437500133e+00,-2.490234375000000000e-02,4.427612304687499889e-01
1.744702148437500044e+00,7.446289062500000000e-01,4.116821289062500000e-01
2.956811523437500089e+00,7.446289062500000000e-01,4.116821289062500000e-01
1.744702148437500044e+00,9.750976562500000000e-01,4.116821289062500000e-01
1.744702148437500044e+00,7.446289062500000000e-01,9.177612304687499112e-01
2.956811523437500089e+00,9.750976562500000000e-01,9.177612304687499112e-01
2.469702148437499911e+00,-7.553710937500000000e-01,6.491821289062499334e-01
7.818115234374999334e-01,-7.553710937500000000e-01,6.491821289062499334e-01
2.469702148437499911e+00,4.750976562500000000e-01,6.491821289062499334e-01
2.469702148437499911e+00,-7.553710937500000000e-01,6.802612304687499778e-01
7.818115234374999334e-01,4.750976562500000000e-01,6.802612304687499778e-01
1.019702148437499956e+00,2.446289062500000000e-01,1.741821289062499833e-01
2.231811523437500000e+00,2.446289062500000000e-01,1.741821289062499833e-01
1.019702148437499956e+00,-5.249023437500000000e-01,1.741821289062499833e-01
1.019702148437499956e+00,2.446289062500000000e-01,2.052612304687500000e-01
2.231811523437500000e+00,-5.249023437500000000e-01,2.052612304687500000e-01
1.382202148437500000e+00,-5.053710937500000000e-01,2.929321289062499778e-01
1.869311523437499956e+00,-5.053710937500000000e-01,2.929321289062499778e-01
1.382202148437500000e+00,-7.749023437500000000e-01,2.929321289062499778e-01
1.382202148437500000e+00,-5.053710937500000000e-01,3.240112304687499667e-01
1.869311523437499956e+00,-7.749023437500000000e-01,3.240112304687499667e-01
2.832202148437500178e+00,4.946289062500000000e-01,7.679321289062499556e-01
4.193115234375000000e-01,4.946289062500000000e-01,7.679321289062499556e-01
2.832202148437500178e+00,2.250976562500000000e-01,7.679321289062499556e-01
2.832202148437500178e+00,4.946289062500000000e-01,7.990112304687500000e-01
4.193115234375000000e-01,2.250976562500000000e-01,7.990112304687500000e-01
2.107202148437500089e+00,-5.371093750000000000e-03,5.543212890624999584e-02
2.594311523437499822e+00,-5.371093750000000000e-03,5.543212890624999584e-02
2.107202148437500089e+00,7.250976562500000000e-01,5.543212890624999584e-02
2.107202148437500089e+00,-5.371093750000000000e-03,5.615112304687499556e-01
2.594311523437499822e+00,7.250976562500000000e-01,5.615112304687499556e-01
6.572021484374999112e-01,9.946289062500000000e-01,5.304321289062500222e-01
1.144311523437500089e+00,9.946289062500000000e-01,5.304321289062500222e-01
6.572021484374999112e-01,-2.749023437500000000e-01,5.304321289062500222e-01
6.572021484374999112e-01,9.946289062500000000e-01,8.651123046874999167e-02
1.144311523437500089e+00,-2.749023437500000000e-01,8.651123046874999167e-02
4.759521484375000000e-01,-8.803710937500000000e-01,1.148071289062500000e-01
2.380615234375000056e-01,-8.803710937500000000e-01,1.148071289062500000e-01
4.759521484375000000e-01,8.500976562500000000e-01,1.148071289062500000e-01
4.759521484375000000e-01,-8.803710937500000000e-01,1.458862304687499889e-01
2.380615234375000056e-01,8.500976562500000000e-01,1.458862304687499889e-01
1.925952148437499956e+00,1.196289062500000000e-01,5.898071289062499778e-01
1.688061523437500044e+00,1.196289062500000000e-01,5.898071289062499778e-01
1.925952148437499956e+00,-1.499023437500000000e-01,5.898071289062499778e-01
1.925952148437499956e+00,1.196289062500000000e-01,6.208862304687500222e-01
1.688061523437500044e+00,-1.499023437500000000e-01,6.208862304687500222e-01
2.650952148437499822e+00,-3.803710937500000000e-01,3.523071289062499889e-01
9.630615234374999556e-01,-3.803710937500000000e-01,3.523071289062499889e-01
2.650952148437499822e+00,-6.499023437500000000e-01,3.523071289062499889e-01
2.650952148437499822e+00,-3.803710937500000000e-01,8.583862304687499556e-01
9.630615234374999556e-01,-6.499023437500000000e-01,8.583862304687499556e-01
1.200952148437500089e+00,6.196289062500000000e-01,8.273071289062499112e-01
2.413061523437499911e+00,6.196289062500000000e-01,8.273071289062499112e-01
1.200952148437500089e+00,3.500976562500000000e-01,8.273071289062499112e-01
1.200952148437500089e+00,6.196289062500000000e-01,3.833862304687499778e-01
2.413061523437499911e+00,3.500976562500000000e-01,3.833862304687499778e-01
8.384521484374999334e-01,-1.303710937500000000e-01,7.085571289062500000e-01
2.775561523437500178e+00,-1.303710937500000000e-01,7.085571289062500000e-01
8.384521484374999334e-01,1.000976562500000000e-01,7.085571289062500000e-01
8.384521484374999334e-01,-1.303710937500000000e-01,2.713623046874999792e-02
2.775561523437500178e+00,1.000976562500000000e-01,2.713623046874999792e-02
2.288452148437500000e+00,8.696289062500000000e-01,2.335571289062499944e-01
1.325561523437500000e+00,8.696289062500000000e-01,2.335571289062499944e-01
2.288452148437500000e+00,-8.999023437500000000e-01,2.335571289062499944e-01
2.288452148437500000e+00,8.696289062500000000e-01,5.021362304687500000e-01
1.325561523437500000e+00,-8.999023437500000000e-01,5.021362304687500000e-01
1.563452148437500133e+00,-6.303710937500000000e-01,9.460571289062499334e-01
2.050561523437500089e+00,-6.303710937500000000e-01,9.460571289062499334e-01
1.563452148437500133e+00,-3.999023437500000000e-01,9.460571289062499334e-01
1.563452148437500133e+00,-6.303710937500000000e-01,7.396362304687499334e-01
2.050561523437500089e+00,-3.999023437500000000e-01,7.396362304687499334e-01
1.134521484375000111e-01,3.696289062500000000e-01,4.710571289062499556e-01
6.005615234374999112e-01,3.696289062500000000e-01,4.710571289062499556e-01
1.134521484375000111e-01,6.000976562500000000e-01,4.710571289062499556e-01
1.134521484375000111e-01,3.696289062500000000e-01,2.646362304687500111e-01
6.005615234374999112e-01,6.000976562500000000e-01,2.646362304687500111e-01
1.191162109375000083e-01,-6.264648437500000000e-01,8.326416015625000278e-02
2.871850585937500089e+00,-6.264648437500000000e-01,8.326416015625000278e-02
1.191162109375000083e-01,1.743164062500000000e-01,8.326416015625000278e-02
1.191162109375000083e-01,-6.264648437500000000e-01,6.227416992187500000e-01
2.871850585937500089e+00,1.743164062500000000e-01,6.227416992187500000e-01
1.569116210937500089e+00,3.735351562500000000e-01,5.582641601562500222e-01
1.421850585937500133e+00,3.735351562500000000e-01,5.582641601562500222e-01
1.569116210937500089e+00,-8.256835937500000000e-01,5.582641601562500222e-01
1.569116210937500089e+00,3.735351562500000000e-01,1.477416992187499944e-01
1.421850585937500133e+00,-8.256835937500000000e-01,1.477416992187499944e-01
2.294116210937500178e+00,-1.264648437500000000e-01,3.207641601562499778e-01
2.146850585937500000e+00,-1.264648437500000000e-01,3.207641601562499778e-01
2.294116210937500178e+00,-3.256835937500000000e-01,3.207641601562499778e-01
2.294116210937500178e+00,-1.264648437500000000e-01,3.852416992187499556e-01
2.146850585937500000e+00,-3.256835937500000000e-01,3.852416992187499556e-01
8.441162109375000000e-01,8.735351562500000000e-01,7.957641601562499556e-01
6.968505859374999334e-01,8.735351562500000000e-01,7.957641601562499556e-01
8.441162109375000000e-01,6.743164062500000000e-01,7.957641601562499556e-01
8.441162109375000000e-01,8.735351562500000000e-01,8.602416992187499334e-01
6.968505859374999334e-01,6.743164062500000000e-01,8.602416992187499334e-01
1.206616210937500044e+00,-3.764648437500000000e-01,6.770141601562499334e-01
3.343505859375000000e-01,-3.764648437500000000e-01,6.770141601562499334e-01
1.206616210937500044e+00,9.243164062500000000e-01,6.770141601562499334e-01
1.206616210937500044e+00,-3.764648437500000000e-01,5.039916992187499778e-01
3.343505859375000000e-01,9.243164062500000000e-01,5.039916992187499778e-01
2.656616210937500000e+00,6.235351562500000000e-01,2.020141601562499833e-01
1.784350585937499956e+00,6.235351562500000000e-01,2.020141601562499833e-01
2.656616210937500000e+00,-7.568359375000000000e-02,2.020141601562499833e-01
2.656616210937500000e+00,6.235351562500000000e-01,2.899169921875000000e-02
1.784350585937499956e+00,-7.568359375000000000e-02,2.899169921875000000e-02
1.931616210937500133e+00,-8.764648437500000000e-01,9.145141601562499778e-01
1.059350585937500089e+00,-8.764648437500000000e-01,9.145141601562499778e-01
1.931616210937500133e+00,-5.756835937500000000e-01,9.145141601562499778e-01
1.931616210937500133e+00,-8.764648437500000000e-01,2.664916992187499889e-01
1.059350585937500089e+00,-5.756835937500000000e-01,2.664916992187499889e-01
4.816162109374999556e-01,1.235351562500000000e-01,4.395141601562500000e-01
2.509350585937499822e+00,1.235351562500000000e-01,4.395141601562500000e-01
4.816162109374999556e-01,4.243164062500000000e-01,4.395141601562500000e-01
4.816162109374999556e-01,1.235351562500000000e-01,7.414916992187499112e-01
2.509350585937499822e+00,4.243164062500000000e-01,7.414916992187499112e-01
6.628662109374999778e-01,-1.464843750000000000e-03,8.551391601562499112e-01
1.603100585937500044e+00,-1.464843750000000000e-03,8.551391601562499112e-01
6.628662109374999778e-01,-9.506835937500000000e-01,8.551391601562499112e-01
6.628662109374999778e-01,-1.464843750000000000e-03,9.196166992187500000e-01
1.603100585937500044e+00,-9.506835937500000000e-01,9.196166992187500000e-01
2.112866210937499822e+00,9.985351562500000000e-01,3.801391601562499889e-01
1.531005859375000056e-01,9.985351562500000000e-01,3.801391601562499889e-01
2.112866210937499822e+00,4.931640625000000000e-02,3.801391601562499889e-01
2.112866210937499822e+00,9.985351562500000000e-01,4.446166992187499667e-01
1.531005859375000056e-01,4.931640625000000000e-02,4.446166992187499667e-01
2.837866210937499911e+00,-5.014648437500000000e-01,6.176391601562499778e-01
2.328100585937499911e+00,-5.014648437500000000e-01,6.176391601562499778e-01
2.837866210937499911e+00,5.493164062500000000e-01,6.176391601562499778e-01
2.837866210937499911e+00,-5.014648437500000000e-01,2.071166992187499778e-01
2.328100585937499911e+00,5.493164062500000000e-01,2.071166992187499778e-01
1.387866210937499956e+00,4.985351562500000000e-01,1.426391601562500000e-01
8.781005859374999556e-01,4.985351562500000000e-01,1.426391601562500000e-01
1.387866210937499956e+00,-4.506835937500000000e-01,1.426391601562500000e-01
1.387866210937499956e+00,4.985351562500000000e-01,6.821166992187499556e-01
8.781005859374999556e-01,-4.506835937500000000e-01,6.821166992187499556e-01
1.025366210937499911e+00,-7.514648437500000000e-01,2.613891601562499667e-01
1.240600585937500000e+00,-7.514648437500000000e-01,2.613891601562499667e-01
1.025366210937499911e+00,-2.006835937500000000e-01,2.613891601562499667e-01
1.025366210937499911e+00,-7.514648437500000000e-01,8.008666992187499778e-01
1.240600585937500000e+00,-2.006835937500000000e-01,8.008666992187499778e-01
2.475366210937500089e+00,2.485351562500000000e-01,7.363891601562500000e-01
2.690600585937500178e+00,2.485351562500000000e-01,7.363891601562500000e-01
2.475366210937500089e+00,7.993164062500000000e-01,7.363891601562500000e-01
2.475366210937500089e+00,2.485351562500000000e-01,3.258666992187500000e-01
2.690600585937500178e+00,7.993164062500000000e-01,3.258666992187500000e-01
1.750366210937500000e+00,-2.514648437500000000e-01,2.388916015624999861e-02
5.156005859375000222e-01,-2.514648437500000000e-01,2.388916015624999861e-02
1.750366210937500000e+00,2.993164062500000000e-01,2.388916015624999861e-02
1.750366210937500000e+00,-2.514648437500000000e-01,8.836669921874999722e-02
5.156005859375000222e-01,2.993164062500000000e-01,8.836669921874999722e-02
3.003662109374999889e-01,7.485351562500000000e-01,4.988891601562499556e-01
1.965600585937500089e+00,7.485351562500000000e-01,4.988891601562499556e-01
3.003662109374999889e-01,-7.006835937500000000e-01,4.988891601562499556e-01
3.003662109374999889e-01,7.485351562500000000e-01,5.633666992187499334e-01
1.965600585937500089e+00,-7.006835937500000000e-01,5.633666992187499334e-01
3.909912109375000000e-01,-3.139648437500000000e-01,4.098266601562499667e-01
1.149975585937500044e+00,-3.139648437500000000e-01,4.098266601562499667e-01
3.909912109375000000e-01,7.368164062500000000e-01,4.098266601562499667e-01
3.909912109375000000e-01,-3.139648437500000000e-01,3.555541992187499778e-01
1.149975585937500044e+00,7.368164062500000000e-01,3.555541992187499778e-01
1.840991210937499956e+00,6.860351562500000000e-01,8.848266601562500000e-01
2.599975585937500000e+00,6.860351562500000000e-01,8.848266601562500000e-01
1.840991210937499956e+00,-2.631835937500000000e-01,8.848266601562500000e-01
1.840991210937499956e+00,6.860351562500000000e-01,8.305541992187499556e-01
2.599975585937500000e+00,-2.631835937500000000e-01,8.305541992187499556e-01
2.565991210937499822e+00,-8.139648437500000000e-01,1.723266601562500056e-01
4.249755859374999556e-01,-8.139648437500000000e-01,1.723266601562500056e-01
2.565991210937499822e+00,-7.631835937500000000e-01,1.723266601562500056e-01
2.565991210937499822e+00,-8.139648437500000000e-01,5.930541992187500222e-01
4.249755859374999556e-01,-7.631835937500000000e-01,5.930541992187500222e-01
1.115991210937500089e+00,1.860351562500000000e-01,6.473266601562499556e-01
1.874975585937500133e+00,1.860351562500000000e-01,6.473266601562499556e-01
1.115991210937500089e+00,2.368164062500000000e-01,6.473266601562499556e-01
1.115991210937500089e+00,1.860351562500000000e-01,1.180541992187499889e-01
1.874975585937500133e+00,2.368164062500000000e-01,1.180541992187499889e-01
1.478491210937500133e+00,-5.639648437500000000e-01,7.660766601562499778e-01
2.237475585937500178e+00,-5.639648437500000000e-01,7.660766601562499778e-01
1.478491210937500133e+00,4.868164062500000000e-01,7.660766601562499778e-01
1.478491210937500133e+00,-5.639648437500000000e-01,4.743041992187500000e-01
2.237475585937500178e+00,4.868164062500000000e-01,4.743041992187500000e-01
2.928491210937500089e+00,4.360351562500000000e-01,2.910766601562500000e-01
7.874755859375000000e-01,4.360351562500000000e-01,2.910766601562500000e-01
2.928491210937500089e+00,-5.131835937500000000e-01,2.910766601562500000e-01
2.928491210937500089e+00,4.360351562500000000e-01,9.493041992187499778e-01
7.874755859375000000e-01,-5.131835937500000000e-01,9.493041992187499778e-01
2.203491210937500000e+00,-6.396484375000000000e-02,5.285766601562499334e-01
2.962475585937499822e+00,-6.396484375000000000e-02,5.285766601562499334e-01
2.203491210937500000e+00,-1.318359375000000000e-02,5.285766601562499334e-01
2.203491210937500000e+00,-6.396484375000000000e-02,7.118041992187499334e-01
2.962475585937499822e+00,-1.318359375000000000e-02,7.118041992187499334e-01
7.534912109374999334e-01,9.360351562500000000e-01,5.357666015624999722e-02
1.512475585937500089e+00,9.360351562500000000e-01,5.357666015624999722e-02
7.534912109374999334e-01,9.868164062500000000e-01,5.357666015624999722e-02
7.534912109374999334e-01,9.360351562500000000e-01,2.368041992187499833e-01
1.512475585937500089e+00,9.868164062500000000e-01,2.368041992187499833e-01
5.722412109375000222e-01,-9.389648437500000000e-01,5.879516601562500000e-01
6.062255859374999778e-01,-9.389648437500000000e-01,5.879516601562500000e-01
5.722412109375000222e-01,-3.881835937500000000e-01,5.879516601562500000e-01
5.722412109375000222e-01,-9.389648437500000000e-01,5.867919921874999861e-02
6.062255859374999778e-01,-3.881835937500000000e-01,5.867919921874999861e-02
2.022241210937500089e+00,6.103515625000000000e-02,1.129516601562499944e-01
2.056225585937499822e+00,6.103515625000000000e-02,1.129516601562499944e-01
2.022241210937500089e+00,6.118164062500000000e-01,1.129516601562499944e-01
2.022241210937500089e+00,6.103515625000000000e-02,5.336791992187499556e-01
2.056225585937499822e+00,6.118164062500000000e-01,5.336791992187499556e-01
2.747241210937500178e+00,-4.389648437500000000e-01,8.254516601562499334e-01
1.331225585937499956e+00,-4.389648437500000000e-01,8.254516601562499334e-01
2.747241210937500178e+00,1.118164062500000000e-01,8.254516601562499334e-01
2.747241210937500178e+00,-4.389648437500000000e-01,7.711791992187500000e-01
1.331225585937499956e+00,1.118164062500000000e-01,7.711791992187500000e-01
1.297241210937500000e+00,5.610351562500000000e-01,3.504516601562500111e-01
2.781225585937499911e+00,5.610351562500000000e-01,3.504516601562500111e-01
1.297241210937500000e+00,-8.881835937500000000e-01,3.504516601562500111e-01
1.297241210937500000e+00,5.610351562500000000e-01,2.961791992187499667e-01
2.781225585937499911e+00,-8.881835937500000000e-01,2.961791992187499667e-01
9.347412109374999556e-01,-1.889648437500000000e-01,2.317016601562499889e-01
2.418725585937500089e+00,-1.889648437500000000e-01,2.317016601562499889e-01
9.347412109374999556e-01,-6.381835937500000000e-01,2.317016601562499889e-01
9.347412109374999556e-01,-1.889648437500000000e-01,1.774291992187500000e-01
2.418725585937500089e+00,-6.381835937500000000e-01,1.774291992187500000e-01
2.384741210937499911e+00,8.110351562500000000e-01,7.067016601562500222e-01
9.687255859374999112e-01,8.110351562500000000e-01,7.067016601562500222e-01
2.384741210937499911e+00,3.618164062500000000e-01,7.067016601562500222e-01
2.384741210937499911e+00,8.110351562500000000e-01,6.524291992187499778e-01
9.687255859374999112e-01,3.618164062500000000e-01,6.524291992187499778e-01
1.659741210937500044e+00,-6.889648437500000000e-01,4.692016601562499778e-01
1.693725585937500000e+00,-6.889648437500000000e-01,4.692016601562499778e-01
1.659741210937500044e+00,8.618164062500000000e-01,4.692016601562499778e-01
1.659741210937500044e+00,-6.889648437500000000e-01,8.899291992187499112e-01
1.693725585937500000e+00,8.618164062500000000e-01,8.899291992187499112e-01
2.097412109375000056e-01,3.110351562500000000e-01,9.442016601562499556e-01
2.437255859374999889e-01,3.110351562500000000e-01,9.442016601562499556e-01
2.097412109375000056e-01,-1.381835937500000000e-01,9.442016601562499556e-01
2.097412109375000056e-01,3.110351562500000000e-01,4.149291992187499889e-01
2.437255859374999889e-01,-1.381835937500000000e-01,4.149291992187499889e-01
2.550537109375000111e-01,-1.577148437500000000e-01,6.027954101562499334e-01
1.467163085937500000e+00,-1.577148437500000000e-01,6.027954101562499334e-01
2.550537109375000111e-01,3.930664062500000000e-01,6.027954101562499334e-01
2.550537109375000111e-01,-1.577148437500000000e-01,2.813354492187499778e-01
1.467163085937500000e+00,3.930664062500000000e-01,2.813354492187499778e-01
1.705053710937500133e+00,8.422851562500000000e-01,1.277954101562499833e-01
2.917163085937500178e+00,8.422851562500000000e-01,1.277954101562499833e-01
1.705053710937500133e+00,-6.069335937500000000e-01,1.277954101562499833e-01
1.705053710937500133e+00,8.422851562500000000e-01,7.563354492187499556e-01
2.917163085937500178e+00,-6.069335937500000000e-01,7.563354492187499556e-01
2.430053710937500000e+00,-6.577148437500000000e-01,8.402954101562499778e-01
7.421630859374999112e-01,-6.577148437500000000e-01,8.402954101562499778e-01
2.430053710937500000e+00,-1.069335937500000000e-01,8.402954101562499778e-01
2.430053710937500000e+00,-6.577148437500000000e-01,5.188354492187500222e-01
7.421630859374999112e-01,-1.069335937500000000e-01,5.188354492187500222e-01
9.800537109374999334e-01,3.422851562500000000e-01,3.652954101562500000e-01
2.192163085937500089e+00,3.422851562500000000e-01,3.652954101562500000e-01
9.800537109374999334e-01,8.930664062500000000e-01,3.652954101562500000e-01
9.800537109374999334e-01,3.422851562500000000e-01,4.383544921874999584e-02
2.192163085937500089e+00,8.930664062500000000e-01,4.383544921874999584e-02
1.342553710937500089e+00,-9.077148437500000000e-01,9.045410156249999306e-03
1.829663085937500044e+00,-9.077148437500000000e-01,9.045410156249999306e-03
1.342553710937500089e+00,6.430664062500000000e-01,9.045410156249999306e-03
1.342553710937500089e+00,-9.077148437500000000e-01,4.000854492187500000e-01
1.829663085937500044e+00,6.430664062500000000e-01,4.000854492187500000e-01
2.792553710937499822e+00,9.228515625000000000e-02,4.840454101562499667e-01
3.796630859374999778e-01,9.228515625000000000e-02,4.840454101562499667e-01
2.792553710937499822e+00,-3.569335937500000000e-01,4.840454101562499667e-01
2.792553710937499822e+00,9.228515625000000000e-02,8.750854492187499778e-01
3.796630859374999778e-01,-3.569335937500000000e-01,8.750854492187499778e-01
2.067553710937499734e+00,-4.077148437500000000e-01,2.465454101562499778e-01
2.554663085937499911e+00,-4.077148437500000000e-01,2.465454101562499778e-01
2.067553710937499734e+00,-8.569335937500000000e-01,2.465454101562499778e-01
2.067553710937499734e+00,-4.077148437500000000e-01,6.375854492187499334e-01
2.554663085937499911e+00,-8.569335937500000000e-01,6.375854492187499334e-01
6.175537109375000000e-01,5.922851562500000000e-01,7.215454101562499556e-01
1.104663085937499956e+00,5.922851562500000000e-01,7.215454101562499556e-01
6.175537109375000000e-01,1.430664062500000000e-01,7.215454101562499556e-01
6.175537109375000000e-01,5.922851562500000000e-01,1.625854492187499833e-01
1.104663085937499956e+00,1.430664062500000000e-01,1.625854492187499833e-01
7.988037109374999112e-01,-5.327148437500000000e-01,3.059204101562499889e-01
1.984130859375000111e-01,-5.327148437500000000e-01,3.059204101562499889e-01
7.988037109374999112e-01,-7.319335937500000000e-01,3.059204101562499889e-01
7.988037109374999112e-01,-5.327148437500000000e-01,1.032104492187500000e-01
1.984130859375000111e-01,-7.319335937500000000e-01,1.032104492187500000e-01
2.248803710937500089e+00,4.672851562500000000e-01,7.809204101562499112e-01
1.648413085937500133e+00,4.672851562500000000e-01,7.809204101562499112e-01
2.248803710937500089e+00,2.680664062500000000e-01,7.809204101562499112e-01
2.248803710937500089e+00,4.672851562500000000e-01,5.782104492187499778e-01
1.648413085937500133e+00,2.680664062500000000e-01,5.782104492187499778e-01
2.973803710937500178e+00,-3.271484375000000000e-02,6.842041015625000000e-02
9.234130859374999334e-01,-3.271484375000000000e-02,6.842041015625000000e-02
2.973803710937500178e+00,7.680664062500000000e-01,6.842041015625000000e-02
2.973803710937500178e+00,-3.271484375000000000e-02,8.157104492187499112e-01
9.234130859374999334e-01,7.680664062500000000e-01,8.157104492187499112e-01
1.523803710937500000e+00,9.672851562500000000e-01,5.434204101562499778e-01
2.373413085937500000e+00,9.672851562500000000e-01,5.434204101562499778e-01
1.523803710937500000e+00,-2.319335937500000000e-01,5.434204101562499778e-01
1.523803710937500000e+00,9.672851562500000000e-01,3.407104492187499889e-01
2.373413085937500000e+00,-2.319335937500000000e-01,3.407104492187499889e-01
1.161303710937499956e+00,-2.827148437500000000e-01,8.996704101562499334e-01
2.735913085937499822e+00,-2.827148437500000000e-01,8.996704101562499334e-01
1.161303710937499956e+00,-4.819335937500000000e-01,8.996704101562499334e-01
1.161303710937499956e+00,-2.827148437500000000e-01,2.219604492187499944e-01
2.735913085937499822e+00,-4.819335937500000000e-01,2.219604492187499944e-01
2.611303710937499911e+00,7.172851562500000000e-01,4.246704101562499556e-01
1.285913085937500089e+00,7.172851562500000000e-01,4.246704101562499556e-01
2.611303710937499911e+00,5.180664062500000000e-01,4.246704101562499556e-01
2.611303710937499911e+00,7.172851562500000000e-01,6.969604492187500000e-01
1.285913085937500089e+00,5.180664062500000000e-01,6.969604492187500000e-01
1.886303710937500044e+00,-7.827148437500000000e-01,6.621704101562500000e-01
2.010913085937499734e+00,-7.827148437500000000e-01,6.621704101562500000e-01
1.886303710937500044e+00,1.806640625000000000e-02,6.621704101562500000e-01
1.886303710937500044e+00,-7.827148437500000000e-01,9.344604492187499334e-01
2.010913085937499734e+00,1.806640625000000000e-02,9.344604492187499334e-01
4.363037109374999778e-01,2.172851562500000000e-01,1.871704101562499944e-01
5.609130859375000000e-01,2.172851562500000000e-01,1.871704101562499944e-01
4.363037109374999778e-01,-9.819335937500000000e-01,1.871704101562499944e-01
4.363037109374999778e-01,2.172851562500000000e-01,4.594604492187499556e-01
5.609130859375000000e-01,-9.819335937500000000e-01,4.594604492187499556e-01
3.456787109375000222e-01,-8.452148437500000000e-01,8.106079101562500000e-01
2.464038085937500178e+00,-8.452148437500000000e-01,8.106079101562500000e-01
3.456787109375000222e-01,9.555664062500000000e-01,8.106079101562500000e-01
3.456787109375000222e-01,-8.452148437500000000e-01,6.672729492187500222e-01
2.464038085937500178e+00,9.555664062500000000e-01,6.672729492187500222e-01
1.795678710937500089e+00,1.547851562500000000e-01,3.356079101562499667e-01
1.014038085937500000e+00,1.547851562500000000e-01,3.356079101562499667e-01
1.795678710937500089e+00,-4.443359375000000000e-02,3.356079101562499667e-01
1.795678710937500089e+00,1.547851562500000000e-01,1.922729492187499889e-01
1.014038085937500000e+00,-4.443359375000000000e-02,1.922729492187499889e-01
2.520678710937500178e+00,-3.452148437500000000e-01,5.731079101562499556e-01
1.739038085937500089e+00,-3.452148437500000000e-01,5.731079101562499556e-01
2.520678710937500178e+00,-5.444335937500000000e-01,5.731079101562499556e-01
2.520678710937500178e+00,-3.452148437500000000e-01,4.297729492187499778e-01
1.739038085937500089e+00,-5.444335937500000000e-01,4.297729492187499778e-01
1.070678710937500000e+00,6.547851562500000000e-01,9.810791015624999167e-02
2.890380859375000222e-01,6.547851562500000000e-01,9.810791015624999167e-02
1.070678710937500000e+00,4.555664062500000000e-01,9.810791015624999167e-02
1.070678710937500000e+00,6.547851562500000000e-01,9.047729492187499556e-01
2.890380859375000222e-01,4.555664062500000000e-01,9.047729492187499556e-01
1.433178710937500044e+00,-9.521484375000000000e-02,4.543579101562499889e-01
6.515380859374999556e-01,-9.521484375000000000e-02,4.543579101562499889e-01
1.433178710937500044e+00,2.055664062500000000e-01,4.543579101562499889e-01
1.433178710937500044e+00,-9.521484375000000000e-02,5.485229492187500000e-01
6.515380859374999556e-01,2.055664062500000000e-01,5.485229492187500000e-01
2.883178710937500000e+00,9.047851562500000000e-01,9.293579101562499112e-01
2.101538085937499911e+00,9.047851562500000000e-01,9.293579101562499112e-01
2.883178710937500000e+00,-7.944335937500000000e-01,9.293579101562499112e-01
2.883178710937500000e+00,9.047851562500000000e-01,7.352294921874999445e-02
2.101538085937499911e+00,-7.944335937500000000e-01,7.352294921874999445e-02
2.158178710937499911e+00,-5.952148437500000000e-01,2.168579101562500000e-01
1.376538085937500044e+00,-5.952148437500000000e-01,2.168579101562500000e-01
2.158178710937499911e+00,-2.944335937500000000e-01,2.168579101562500000e-01
2.158178710937499911e+00,-5.952148437500000000e-01,3.110229492187500111e-01
1.376538085937500044e+00,-2.944335937500000000e-01,3.110229492187500111e-01
7.081787109374999556e-01,4.047851562500000000e-01,6.918579101562499778e-01
2.826538085937500000e+00,4.047851562500000000e-01,6.918579101562499778e-01
7.081787109374999556e-01,7.055664062500000000e-01,6.918579101562499778e-01
7.081787109374999556e-01,4.047851562500000000e-01,7.860229492187499334e-01
2.826538085937500000e+00,7.055664062500000000e-01,7.860229492187499334e-01
5.269287109375000444e-01,-4.702148437500000000e-01,1.574829101562499889e-01
1.920288085937500000e+00,-4.702148437500000000e-01,1.574829101562499889e-01
5.269287109375000444e-01,-1.694335937500000000e-01,1.574829101562499889e-01
5.269287109375000444e-01,-4.702148437500000000e-01,8.453979492187500000e-01
1.920288085937500000e+00,-1.694335937500000000e-01,8.453979492187500000e-01
1.976928710937500000e+00,5.297851562500000000e-01,6.324829101562500222e-01
4.702880859375000444e-01,5.297851562500000000e-01,6.324829101562500222e-01
1.976928710937500000e+00,8.305664062500000000e-01,6.324829101562500222e-01
1.976928710937500000e+00,5.297851562500000000e-01,3.703979492187499667e-01
4.702880859375000444e-01,8.305664062500000000e-01,3.703979492187499667e-01
2.701928710937500089e+00,-9.702148437500000000e-01,3.949829101562499778e-01
2.645288085937500089e+00,-9.702148437500000000e-01,3.949829101562499778e-01
2.701928710937500089e+00,3.305664062500000000e-01,3.949829101562499778e-01
2.701928710937500089e+00,-9.702148437500000000e-01,1.328979492187500056e-01
2.645288085937500089e+00,3.305664062500000000e-01,1.328979492187500056e-01
1.251928710937500133e+00,2.978515625000000000e-02,8.699829101562499556e-01
1.195288085937500133e+00,2.978515625000000000e-02,8.699829101562499556e-01
1.251928710937500133e+00,-6.694335937500000000e-01,8.699829101562499556e-01
1.251928710937500133e+00,2.978515625000000000e-02,6.078979492187499556e-01
1.195288085937500133e+00,-6.694335937500000000e-01,6.078979492187499556e-01
8.894287109374999778e-01,-7.202148437500000000e-01,5.137329101562500000e-01
8.327880859374999778e-01,-7.202148437500000000e-01,5.137329101562500000e-01
8.894287109374999778e-01,-9.194335937500000000e-01,5.137329101562500000e-01
8.894287109374999778e-01,-7.202148437500000000e-01,7.266479492187499778e-01
8.327880859374999778e-01,-9.194335937500000000e-01,7.266479492187499778e-01
2.339428710937499822e+00,2.797851562500000000e-01,3.873291015625000139e-02
2.282788085937499822e+00,2.797851562500000000e-01,3.873291015625000139e-02
2.339428710937499822e+00,8.056640625000000000e-02,3.873291015625000139e-02
2.339428710937499822e+00,2.797851562500000000e-01,2.516479492187500000e-01
2.282788085937499822e+00,8.056640625000000000e-02,2.516479492187500000e-01
1.614428710937499956e+00,-2.202148437500000000e-01,7.512329101562499334e-01
1.077880859375000000e-01,-2.202148437500000000e-01,7.512329101562499334e-01
1.614428710937499956e+00,5.805664062500000000e-01,7.512329101562499334e-01
1.614428710937499956e+00,-2.202148437500000000e-01,1.414794921874999896e-02
1.077880859375000000e-01,5.805664062500000000e-01,1.414794921874999896e-02
1.644287109375000000e-01,7.797851562500000000e-01,2.762329101562500111e-01
1.557788085937499956e+00,7.797851562500000000e-01,2.762329101562500111e-01
1.644287109375000000e-01,-4.194335937500000000e-01,2.762329101562500111e-01
1.644287109375000000e-01,7.797851562500000000e-01,4.891479492187499889e-01
1.557788085937499956e+00,-4.194335937500000000e-01,4.891479492187499889e-01
1.870849609374999889e-01,-4.233398437500000000e-01,7.289672851562499778e-01
4.929443359374999778e-01,-4.233398437500000000e-01,7.289672851562499778e-01
1.870849609374999889e-01,-6.225585937500000000e-01,7.289672851562499778e-01
1.870849609374999889e-01,-4.233398437500000000e-01,7.934448242187499556e-01
4.929443359374999778e-01,-6.225585937500000000e-01,7.934448242187499556e-01
1.637084960937500000e+00,5.766601562500000000e-01,2.539672851562500000e-01
1.942944335937500044e+00,5.766601562500000000e-01,2.539672851562500000e-01
1.637084960937500000e+00,3.774414062500000000e-01,2.539672851562500000e-01
1.637084960937500000e+00,5.766601562500000000e-01,3.184448242187499778e-01
1.942944335937500044e+00,3.774414062500000000e-01,3.184448242187499778e-01
2.362084960937500089e+00,-9.233398437500000000e-01,4.914672851562499889e-01
1.217944335937499956e+00,-9.233398437500000000e-01,4.914672851562499889e-01
2.362084960937500089e+00,8.774414062500000000e-01,4.914672851562499889e-01
2.362084960937500089e+00,-9.233398437500000000e-01,8.094482421875000278e-02
1.217944335937499956e+00,8.774414062500000000e-01,8.094482421875000278e-02
9.120849609374999112e-01,7.666015625000000000e-02,1.646728515625000069e-02
2.667944335937499911e+00,7.666015625000000000e-02,1.646728515625000069e-02
9.120849609374999112e-01,-1.225585937500000000e-01,1.646728515625000069e-02
9.120849609374999112e-01,7.666015625000000000e-02,5.559448242187500222e-01
2.667944335937499911e+00,-1.225585937500000000e-01,5.559448242187500222e-01
1.274584960937499956e+00,-6.733398437500000000e-01,3.727172851562499667e-01
2.305444335937500089e+00,-6.733398437500000000e-01,3.727172851562499667e-01
1.274584960937499956e+00,-3.725585937500000000e-01,3.727172851562499667e-01
1.274584960937499956e+00,-6.733398437500000000e-01,9.121948242187499778e-01
2.305444335937500089e+00,-3.725585937500000000e-01,9.121948242187499778e-01
2.724584960937499911e+00,3.266601562500000000e-01,8.477172851562500000e-01
8.554443359374999112e-01,3.266601562500000000e-01,8.477172851562500000e-01
2.724584960937499911e+00,6.274414062500000000e-01,8.477172851562500000e-01
2.724584960937499911e+00,3.266601562500000000e-01,4.371948242187500000e-01
8.554443359374999112e-01,6.274414062500000000e-01,4.371948242187500000e-01
1.999584960937500044e+00,-1.733398437500000000e-01,1.352172851562500056e-01
1.580444335937500000e+00,-1.733398437500000000e-01,1.352172851562500056e-01
1.999584960937500044e+00,1.274414062500000000e-01,1.352172851562500056e-01
1.999584960937500044e+00,-1.733398437500000000e-01,1.996948242187499833e-01
1.580444335937500000e+00,1.274414062500000000e-01,1.996948242187499833e-01
5.495849609374999778e-01,8.266601562500000000e-01,6.102172851562499556e-01
1.304443359375000167e-01,8.266601562500000000e-01,6.102172851562499556e-01
5.495849609374999778e-01,-8.725585937500000000e-01,6.102172851562499556e-01
5.495849609374999778e-01,8.266601562500000000e-01,6.746948242187499334e-01
1.304443359375000167e-01,-8.725585937500000000e-01,6.746948242187499334e-01
7.308349609375000000e-01,-7.983398437500000000e-01,1.945922851562499889e-01
1.036694335937500044e+00,-7.983398437500000000e-01,1.945922851562499889e-01
7.308349609375000000e-01,2.524414062500000000e-01,1.945922851562499889e-01
7.308349609375000000e-01,-7.983398437500000000e-01,4.965698242187499556e-01
1.036694335937500044e+00,2.524414062500000000e-01,4.965698242187499556e-01
2.180834960937500178e+00,2.016601562500000000e-01,6.695922851562500222e-01
2.486694335937500000e+00,2.016601562500000000e-01,6.695922851562500222e-01
2.180834960937500178e+00,-7.475585937500000000e-01,6.695922851562500222e-01
2.180834960937500178e+00,2.016601562500000000e-01,2.156982421874999861e-02
2.486694335937500000e+00,-7.475585937500000000e-01,2.156982421874999861e-02
2.905834960937499822e+00,-2.983398437500000000e-01,4.320922851562499778e-01
3.116943359375000111e-01,-2.983398437500000000e-01,4.320922851562499778e-01
2.905834960937499822e+00,-2.475585937500000000e-01,4.320922851562499778e-01
2.905834960937499822e+00,-2.983398437500000000e-01,2.590698242187499667e-01
3.116943359375000111e-01,-2.475585937500000000e-01,2.590698242187499667e-01
1.455834960937500089e+00,7.016601562500000000e-01,9.070922851562499556e-01
1.761694335937500133e+00,7.016601562500000000e-01,9.070922851562499556e-01
1.455834960937500089e+00,7.524414062500000000e-01,9.070922851562499556e-01
1.455834960937500089e+00,7.016601562500000000e-01,7.340698242187500000e-01
1.761694335937500133e+00,7.524414062500000000e-01,7.340698242187500000e-01
1.093334960937500044e+00,-4.833984375000000000e-02,5.508422851562500000e-01
2.124194335937500178e+00,-4.833984375000000000e-02,5.508422851562500000e-01
1.093334960937500044e+00,5.024414062500000000e-01,5.508422851562500000e-01
1.093334960937500044e+00,-4.833984375000000000e-02,6.153198242187499778e-01
2.124194335937500178e+00,5.024414062500000000e-01,6.153198242187499778e-01
2.543334960937500000e+00,9.516601562500000000e-01,7.584228515624999445e-02
6.741943359375000000e-01,9.516601562500000000e-01,7.584228515624999445e-02
2.543334960937500000e+00,-4.975585937500000000e-01,7.584228515624999445e-02
2.543334960937500000e+00,9.516601562500000000e-01,1.403198242187500000e-01
6.741943359375000000e-01,-4.975585937500000000e-01,1.403198242187500000e-01
1.818334960937500133e+00,-5.483398437500000000e-01,7.883422851562499334e-01
2.849194335937499822e+00,-5.483398437500000000e-01,7.883422851562499334e-01
1.818334960937500133e+00,-9.975585937500000000e-01,7.883422851562499334e-01
1.818334960937500133e+00,-5.483398437500000000e-01,3.778198242187499889e-01
2.849194335937499822e+00,-9.975585937500000000e-01,3.778198242187499889e-01
3.683349609374999556e-01,4.516601562500000000e-01,3.133422851562500111e-01
1.399194335937500089e+00,4.516601562500000000e-01,3.133422851562500111e-01
3.683349609374999556e-01,2.441406250000000000e-03,3.133422851562500111e-01
3.683349609374999556e-01,4.516601562500000000e-01,8.528198242187499112e-01
1.399194335937500089e+00,2.441406250000000000e-03,8.528198242187499112e-01
4.589599609375000222e-01,-6.108398437500000000e-01,6.992797851562500000e-01
1.671069335937499956e+00,-6.108398437500000000e-01,6.992797851562500000e-01
4.589599609375000222e-01,-6.005859375000000000e-02,6.992797851562500000e-01
4.589599609375000222e-01,-6.108398437500000000e-01,1.700073242187500056e-01
1.671069335937499956e+00,-6.005859375000000000e-02,1.700073242187500056e-01
1.908959960937500089e+00,3.891601562500000000e-01,2.242797851562499944e-01
2.210693359375000000e-01,3.891601562500000000e-01,2.242797851562499944e-01
1.908959960937500089e+00,9.399414062500000000e-01,2.242797851562499944e-01
1.908959960937500089e+00,3.891601562500000000e-01,6.450073242187499556e-01
2.210693359375000000e-01,9.399414062500000000e-01,6.450073242187499556e-01
2.633959960937500178e+00,-1.108398437500000000e-01,9.367797851562499334e-01
2.396069335937499822e+00,-1.108398437500000000e-01,9.367797851562499334e-01
2.633959960937500178e+00,4.399414062500000000e-01,9.367797851562499334e-01
2.633959960937500178e+00,-1.108398437500000000e-01,8.825073242187500000e-01
2.396069335937499822e+00,4.399414062500000000e-01,8.825073242187500000e-01
1.183959960937500000e+00,8.891601562500000000e-01,4.617797851562499556e-01
9.460693359374999778e-01,8.891601562500000000e-01,4.617797851562499556e-01
1.183959960937500000e+00,-5.600585937500000000e-01,4.617797851562499556e-01
1.183959960937500000e+00,8.891601562500000000e-01,4.075073242187499667e-01
9.460693359374999778e-01,-5.600585937500000000e-01,4.075073242187499667e-01
1.546459960937500044e+00,-3.608398437500000000e-01,1.055297851562500000e-01
1.308569335937500133e+00,-3.608398437500000000e-01,1.055297851562500000e-01
1.546459960937500044e+00,-8.100585937500000000e-01,1.055297851562500000e-01
1.546459960937500044e+00,-3.608398437500000000e-01,5.125732421874999722e-02
1.308569335937500133e+00,-8.100585937500000000e-01,5.125732421874999722e-02
2.996459960937500000e+00,6.391601562500000000e-01,5.805297851562499778e-01
2.758569335937500089e+00,6.391601562500000000e-01,5.805297851562499778e-01
2.996459960937500000e+00,1.899414062500000000e-01,5.805297851562499778e-01
2.996459960937500000e+00,6.391601562500000000e-01,5.262573242187499334e-01
2.758569335937500089e+00,1.899414062500000000e-01,5.262573242187499334e-01
2.271459960937499911e+00,-8.608398437500000000e-01,3.430297851562499889e-01
5.835693359375000444e-01,-8.608398437500000000e-01,3.430297851562499889e-01
2.271459960937499911e+00,6.899414062500000000e-01,3.430297851562499889e-01
2.271459960937499911e+00,-8.608398437500000000e-01,7.637573242187499778e-01
5.835693359375000444e-01,6.899414062500000000e-01,7.637573242187499778e-01
8.214599609374999556e-01,1.391601562500000000e-01,8.180297851562499112e-01
2.033569335937500000e+00,1.391601562500000000e-01,8.180297851562499112e-01
8.214599609374999556e-01,-3.100585937500000000e-01,8.180297851562499112e-01
8.214599609374999556e-01,1.391601562500000000e-01,2.887573242187500000e-01
2.033569335937500000e+00,-3.100585937500000000e-01,2.887573242187500000e-01
6.402099609374999334e-01,-2.358398437500000000e-01,2.836547851562499778e-01
2.939819335937500000e+00,-2.358398437500000000e-01,2.836547851562499778e-01
6.402099609374999334e-01,8.149414062500000000e-01,2.836547851562499778e-01
6.402099609374999334e-01,-2.358398437500000000e-01,4.668823242187499778e-01
2.939819335937500000e+00,8.149414062500000000e-01,4.668823242187499778e-01
2.090209960937500000e+00,7.641601562500000000e-01,7.586547851562499556e-01
1.489819335937500044e+00,7.641601562500000000e-01,7.586547851562499556e-01
2.090209960937500000e+00,-1.850585937500000000e-01,7.586547851562499556e-01
2.090209960937500000e+00,7.641601562500000000e-01,9.418823242187499556e-01
1.489819335937500044e+00,-1.850585937500000000e-01,9.418823242187499556e-01
2.815209960937500089e+00,-7.358398437500000000e-01,4.615478515624999584e-02
2.214819335937499911e+00,-7.358398437500000000e-01,4.615478515624999584e-02
2.815209960937500089e+00,-6.850585937500000000e-01,4.615478515624999584e-02
2.815209960937500089e+00,-7.358398437500000000e-01,7.043823242187500222e-01
2.214819335937499911e+00,-6.850585937500000000e-01,7.043823242187500222e-01
1.365209960937500133e+00,2.641601562500000000e-01,5.211547851562500222e-01
7.648193359374999556e-01,2.641601562500000000e-01,5.211547851562500222e-01
1.365209960937500133e+00,3.149414062500000000e-01,5.211547851562500222e-01
1.365209960937500133e+00,2.641601562500000000e-01,2.293823242187499889e-01
7.648193359374999556e-01,3.149414062500000000e-01,2.293823242187499889e-01
1.002709960937500089e+00,-9.858398437500000000e-01,8.774047851562499778e-01
4.023193359375000222e-01,-9.858398437500000000e-01,8.774047851562499778e-01
1.002709960937500089e+00,6.494140625000000000e-02,8.774047851562499778e-01
1.002709960937500089e+00,-9.858398437500000000e-01,3.481323242187500111e-01
4.023193359375000222e-01,6.494140625000000000e-02,3.481323242187500111e-01
2.452709960937499822e+00,1.416015625000000000e-02,4.024047851562500000e-01
1.852319335937500089e+00,1.416015625000000000e-02,4.024047851562500000e-01
2.452709960937499822e+00,-9.350585937500000000e-01,4.024047851562500000e-01
2.452709960937499822e+00,1.416015625000000000e-02,8.231323242187499334e-01
1.852319335937500089e+00,-9.350585937500000000e-01,8.231323242187499334e-01
1.727709960937499956e+00,-4.858398437500000000e-01,6.399047851562499334e-01
1.127319335937500000e+00,-4.858398437500000000e-01,6.399047851562499334e-01
1.727709960937499956e+00,-4.350585937500000000e-01,6.399047851562499334e-01
1.727709960937499956e+00,-4.858398437500000000e-01,5.856323242187500000e-01
1.127319335937500000e+00,-4.350585937500000000e-01,5.856323242187500000e-01
2.777099609375000000e-01,5.141601562500000000e-01,1.649047851562499833e-01
2.577319335937500178e+00,5.141601562500000000e-01,1.649047851562499833e-01
2.777099609375000000e-01,5.649414062500000000e-01,1.649047851562499833e-01
2.777099609375000000e-01,5.141601562500000000e-01,1.106323242187499944e-01
2.577319335937500178e+00,5.649414062500000000e-01,1.106323242187499944e-01
2.323974609374999944e-01,-8.920898437500000000e-01,4.172485351562499889e-01
2.078881835937500089e+00,-8.920898437500000000e-01,4.172485351562499889e-01
2.323974609374999944e-01,-8.413085937500000000e-01,4.172485351562499889e-01
2.323974609374999944e-01,-8.920898437500000000e-01,2.145385742187500000e-01
2.078881835937500089e+00,-8.413085937500000000e-01,2.145385742187500000e-01
1.682397460937500089e+00,1.079101562500000000e-01,8.922485351562499112e-01
6.288818359374999112e-01,1.079101562500000000e-01,8.922485351562499112e-01
1.682397460937500089e+00,1.586914062500000000e-01,8.922485351562499112e-01
1.682397460937500089e+00,1.079101562500000000e-01,6.895385742187499778e-01
6.288818359374999112e-01,1.586914062500000000e-01,6.895385742187499778e-01
2.407397460937500178e+00,-3.920898437500000000e-01,1.797485351562500000e-01
2.803881835937500178e+00,-3.920898437500000000e-01,1.797485351562500000e-01
2.407397460937500178e+00,6.586914062500000000e-01,1.797485351562500000e-01
2.407397460937500178e+00,-3.920898437500000000e-01,9.270385742187499112e-01
2.803881835937500178e+00,6.586914062500000000e-01,9.270385742187499112e-01
9.573974609375000000e-01,6.079101562500000000e-01,6.547485351562499778e-01
1.353881835937500000e+00,6.079101562500000000e-01,6.547485351562499778e-01
9.573974609375000000e-01,-3.413085937500000000e-01,6.547485351562499778e-01
9.573974609375000000e-01,6.079101562500000000e-01,4.520385742187499889e-01
1.353881835937500000e+00,-3.413085937500000000e-01,4.520385742187499889e-01
1.319897460937500044e+00,-1.420898437500000000e-01,7.734985351562500000e-01
9.913818359374999556e-01,-1.420898437500000000e-01,7.734985351562500000e-01
1.319897460937500044e+00,-9.130859375000000000e-02,7.734985351562500000e-01
1.319897460937500044e+00,-1.420898437500000000e-01,9.578857421874999167e-02
9.913818359374999556e-01,-9.130859375000000000e-02,9.578857421874999167e-02
2.769897460937500000e+00,8.579101562500000000e-01,2.984985351562499667e-01
2.441381835937499911e+00,8.579101562500000000e-01,2.984985351562499667e-01
2.769897460937500000e+00,9.086914062500000000e-01,2.984985351562499667e-01
2.769897460937500000e+00,8.579101562500000000e-01,5.707885742187499556e-01
2.441381835937499911e+00,9.086914062500000000e-01,5.707885742187499556e-01
2.044897460937499911e+00,-6.420898437500000000e-01,5.359985351562499556e-01
2.663818359374999778e-01,-6.420898437500000000e-01,5.359985351562499556e-01
2.044897460937499911e+00,4.086914062500000000e-01,5.359985351562499556e-01
2.044897460937499911e+00,-6.420898437500000000e-01,8.082885742187500000e-01
2.663818359374999778e-01,4.086914062500000000e-01,8.082885742187500000e-01
5.948974609374999556e-01,3.579101562500000000e-01,6.099853515624999861e-02
1.716381835937500044e+00,3.579101562500000000e-01,6.099853515624999861e-02
5.948974609374999556e-01,-5.913085937500000000e-01,6.099853515624999861e-02
5.948974609374999556e-01,3.579101562500000000e-01,3.332885742187499667e-01
1.716381835937500044e+00,-5.913085937500000000e-01,3.332885742187499667e-01
7.761474609374999778e-01,-2.670898437500000000e-01,4.766235351562500000e-01
2.622631835937499822e+00,-2.670898437500000000e-01,4.766235351562500000e-01
7.761474609374999778e-01,3.369140625000000000e-02,4.766235351562500000e-01
7.761474609374999778e-01,-2.670898437500000000e-01,3.926635742187499778e-01
2.622631835937499822e+00,3.369140625000000000e-02,3.926635742187499778e-01
2.226147460937499822e+00,7.329101562500000000e-01,1.623535156249999870e-03
1.172631835937500089e+00,7.329101562500000000e-01,1.623535156249999870e-03
2.226147460937499822e+00,-9.663085937500000000e-01,1.623535156249999870e-03
2.226147460937499822e+00,7.329101562500000000e-01,8.676635742187499556e-01
1.172631835937500089e+00,-9.663085937500000000e-01,8.676635742187499556e-01
2.951147460937499911e+00,-7.670898437500000000e-01,7.141235351562499334e-01
1.897631835937499956e+00,-7.670898437500000000e-01,7.141235351562499334e-01
2.951147460937499911e+00,-4.663085937500000000e-01,7.141235351562499334e-01
2.951147460937499911e+00,-7.670898437500000000e-01,6.301635742187500222e-01
1.897631835937499956e+00,-4.663085937500000000e-01,6.301635742187500222e-01
1.501147460937499956e+00,2.329101562500000000e-01,2.391235351562499833e-01
4.476318359375000000e-01,2.329101562500000000e-01,2.391235351562499833e-01
1.501147460937499956e+00,5.336914062500000000e-01,2.391235351562499833e-01
1.501147460937499956e+00,2.329101562500000000e-01,1.551635742187499889e-01
4.476318359375000000e-01,5.336914062500000000e-01,1.551635742187499889e-01
1.138647460937500133e+00,-5.170898437500000000e-01,1.203735351562499889e-01
8.101318359374999334e-01,-5.170898437500000000e-01,1.203735351562499889e-01
1.138647460937500133e+00,7.836914062500000000e-01,1.203735351562499889e-01
1.138647460937500133e+00,-5.170898437500000000e-01,2.739135742187500111e-01
8.101318359374999334e-01,7.836914062500000000e-01,2.739135742187500111e-01
2.588647460937500089e+00,4.829101562500000000e-01,5.953735351562500222e-01
2.260131835937500000e+00,4.829101562500000000e-01,5.953735351562500222e-01
2.588647460937500089e+00,-2.163085937500000000e-01,5.953735351562500222e-01
2.588647460937500089e+00,4.829101562500000000e-01,7.489135742187499334e-01
2.260131835937500000e+00,-2.163085937500000000e-01,7.489135742187499334e-01
1.863647460937500000e+00,-1.708984375000000000e-02,3.578735351562499778e-01
1.535131835937500133e+00,-1.708984375000000000e-02,3.578735351562499778e-01
1.863647460937500000e+00,-7.163085937500000000e-01,3.578735351562499778e-01
1.863647460937500000e+00,-1.708984375000000000e-02,5.114135742187500000e-01
1.535131835937500133e+00,-7.163085937500000000e-01,5.114135742187500000e-01
4.136474609375000444e-01,9.829101562500000000e-01,8.328735351562499556e-01
2.985131835937500089e+00,9.829101562500000000e-01,8.328735351562499556e-01
4.136474609375000444e-01,2.836914062500000000e-01,8.328735351562499556e-01
4.136474609375000444e-01,9.829101562500000000e-01,3.641357421875000139e-02
2.985131835937500089e+00,2.836914062500000000e-01,3.641357421875000139e-02
3.230224609374999778e-01,-7.958984375000000000e-02,3.131103515625000000e-02
1.757568359375000222e-01,-7.958984375000000000e-02,3.131103515625000000e-02
3.230224609374999778e-01,-2.788085937500000000e-01,3.131103515625000000e-02
3.230224609374999778e-01,-7.958984375000000000e-02,7.192260742187499556e-01
1.757568359375000222e-01,-2.788085937500000000e-01,7.192260742187499556e-01
1.773022460937500044e+00,9.204101562500000000e-01,5.063110351562499778e-01
1.625756835937500089e+00,9.204101562500000000e-01,5.063110351562499778e-01
1.773022460937500044e+00,7.211914062500000000e-01,5.063110351562499778e-01
1.773022460937500044e+00,9.204101562500000000e-01,2.442260742187499778e-01
1.625756835937500089e+00,7.211914062500000000e-01,2.442260742187499778e-01
2.498022460937499911e+00,-5.795898437500000000e-01,2.688110351562499889e-01
9.007568359375000000e-01,-5.795898437500000000e-01,2.688110351562499889e-01
2.498022460937499911e+00,2.211914062500000000e-01,2.688110351562499889e-01
2.498022460937499911e+00,-5.795898437500000000e-01,6.726074218749999306e-03
9.007568359375000000e-01,2.211914062500000000e-01,6.726074218749999306e-03
1.048022460937499956e+00,4.204101562500000000e-01,7.438110351562499112e-01
2.350756835937500178e+00,4.204101562500000000e-01,7.438110351562499112e-01
1.048022460937499956e+00,-7.788085937500000000e-01,7.438110351562499112e-01
1.048022460937499956e+00,4.204101562500000000e-01,4.817260742187499667e-01
2.350756835937500178e+00,-7.788085937500000000e-01,4.817260742187499667e-01
1.410522460937500000e+00,-8.295898437500000000e-01,6.250610351562500000e-01
2.713256835937500000e+00,-8.295898437500000000e-01,6.250610351562500000e-01
1.410522460937500000e+00,-5.288085937500000000e-01,6.250610351562500000e-01
1.410522460937500000e+00,-8.295898437500000000e-01,8.379760742187499778e-01
2.713256835937500000e+00,-5.288085937500000000e-01,8.379760742187499778e-01
2.860522460937500178e+00,1.704101562500000000e-01,1.500610351562499944e-01
1.263256835937500044e+00,1.704101562500000000e-01,1.500610351562499944e-01
2.860522460937500178e+00,4.711914062500000000e-01,1.500610351562499944e-01
2.860522460937500178e+00,1.704101562500000000e-01,3.629760742187500000e-01
1.263256835937500044e+00,4.711914062500000000e-01,3.629760742187500000e-01
2.135522460937500089e+00,-3.295898437500000000e-01,8.625610351562499334e-01
1.988256835937500133e+00,-3.295898437500000000e-01,8.625610351562499334e-01
2.135522460937500089e+00,9.711914062500000000e-01,8.625610351562499334e-01
2.135522460937500089e+00,-3.295898437500000000e-01,1.254760742187499833e-01
1.988256835937500133e+00,9.711914062500000000e-01,1.254760742187499833e-01
6.855224609374999112e-01,6.704101562500000000e-01,3.875610351562499556e-01
5.382568359374999556e-01,6.704101562500000000e-01,3.875610351562499556e-01
6.855224609374999112e-01,-2.880859375000000000e-02,3.875610351562499556e-01
6.855224609374999112e-01,6.704101562500000000e-01,6.004760742187499334e-01
5.382568359374999556e-01,-2.880859375000000000e-02,6.004760742187499334e-01
5.042724609375000000e-01,-7.045898437500000000e-01,9.219360351562500000e-01
1.444506835937499956e+00,-7.045898437500000000e-01,9.219360351562500000e-01
5.042724609375000000e-01,5.961914062500000000e-01,9.219360351562500000e-01
5.042724609375000000e-01,-7.045898437500000000e-01,5.411010742187499778e-01
1.444506835937499956e+00,5.961914062500000000e-01,5.411010742187499778e-01
1.954272460937499956e+00,2.954101562500000000e-01,4.469360351562499667e-01
2.894506835937499911e+00,2.954101562500000000e-01,4.469360351562499667e-01
1.954272460937499956e+00,-4.038085937500000000e-01,4.469360351562499667e-01
1.954272460937499956e+00,2.954101562500000000e-01,6.610107421875000000e-02
2.894506835937499911e+00,-4.038085937500000000e-01,6.610107421875000000e-02
2.679272460937499822e+00,-2.045898437500000000e-01,6.844360351562499556e-01
7.195068359374999778e-01,-2.045898437500000000e-01,6.844360351562499556e-01
2.679272460937499822e+00,-9.038085937500000000e-01,6.844360351562499556e-01
2.679272460937499822e+00,-2.045898437500000000e-01,3.036010742187499889e-01
7.195068359374999778e-01,-9.038085937500000000e-01,3.036010742187499889e-01
1.229272460937500089e+00,7.954101562500000000e-01,2.094360351562499778e-01
2.169506835937499822e+00,7.954101562500000000e-01,2.094360351562499778e-01
1.229272460937500089e+00,9.619140625000000000e-02,2.094360351562499778e-01
1.229272460937500089e+00,7.954101562500000000e-01,7.786010742187499112e-01
2.169506835937499822e+00,9.619140625000000000e-02,7.786010742187499112e-01
8.667724609374999334e-01,-4.545898437500000000e-01,3.281860351562500000e-01
1.807006835937500000e+00,-4.545898437500000000e-01,3.281860351562500000e-01
8.667724609374999334e-01,3.461914062500000000e-01,3.281860351562500000e-01
8.667724609374999334e-01,-4.545898437500000000e-01,6.598510742187500000e-01
1.807006835937500000e+00,3.461914062500000000e-01,6.598510742187500000e-01
2.316772460937500000e+00,5.454101562500000000e-01,8.031860351562499778e-01
3.570068359375000444e-01,5.454101562500000000e-01,8.031860351562499778e-01
2.316772460937500000e+00,-6.538085937500000000e-01,8.031860351562499778e-01
2.316772460937500000e+00,5.454101562500000000e-01,1.848510742187499944e-01
3.570068359375000444e-01,-6.538085937500000000e-01,1.848510742187499944e-01
1.591772460937500133e+00,-9.545898437500000000e-01,9.068603515624999722e-02
2.532006835937500089e+00,-9.545898437500000000e-01,9.068603515624999722e-02
1.591772460937500133e+00,-1.538085937500000000e-01,9.068603515624999722e-02
1.591772460937500133e+00,-9.545898437500000000e-01,4.223510742187499556e-01
2.532006835937500089e+00,-1.538085937500000000e-01,4.223510742187499556e-01
1.417724609375000111e-01,4.541015625000000000e-02,5.656860351562499334e-01
1.082006835937499911e+00,4.541015625000000000e-02,5.656860351562499334e-01
1.417724609375000111e-01,8.461914062500000000e-01,5.656860351562499334e-01
1.417724609375000111e-01,4.541015625000000000e-02,8.973510742187499334e-01
1.082006835937499911e+00,8.461914062500000000e-01,8.973510742187499334e-01
1.304443359375000167e-01,-4.052734375000000000e-02,3.467407226562500000e-01
2.339428710937499822e+00,-4.052734375000000000e-02,3.467407226562500000e-01
1.304443359375000167e-01,-1.147460937500000000e-01,3.467407226562500000e-01
1.304443359375000167e-01,-4.052734375000000000e-02,4.012451171874999861e-02
2.339428710937499822e+00,-1.147460937500000000e-01,4.012451171874999861e-02
1.580444335937500000e+00,9.594726562500000000e-01,8.217407226562499778e-01
8.894287109374999778e-01,9.594726562500000000e-01,8.217407226562499778e-01
1.580444335937500000e+00,8.852539062500000000e-01,8.217407226562499778e-01
1.580444335937500000e+00,9.594726562500000000e-01,5.151245117187499556e-01
8.894287109374999778e-01,8.852539062500000000e-01,5.151245117187499556e-01
2.305444335937500089e+00,-5.405273437500000000e-01,1.092407226562499972e-01
1.614428710937499956e+00,-5.405273437500000000e-01,1.092407226562499972e-01
2.305444335937500089e+00,3.852539062500000000e-01,1.092407226562499972e-01
2.305444335937500089e+00,-5.405273437500000000e-01,7.526245117187500000e-01
1.614428710937499956e+00,3.852539062500000000e-01,7.526245117187500000e-01
8.554443359374999112e-01,4.594726562500000000e-01,5.842407226562499334e-01
1.644287109375000000e-01,4.594726562500000000e-01,5.842407226562499334e-01
8.554443359374999112e-01,-6.147460937500000000e-01,5.842407226562499334e-01
8.554443359374999112e-01,4.594726562500000000e-01,2.776245117187499667e-01
1.644287109375000000e-01,-6.147460937500000000e-01,2.776245117187499667e-01
1.217944335937499956e+00,-7.905273437500000000e-01,9.404907226562500000e-01
5.269287109375000444e-01,-7.905273437500000000e-01,9.404907226562500000e-01
1.217944335937499956e+00,-8.647460937500000000e-01,9.404907226562500000e-01
1.217944335937499956e+00,-7.905273437500000000e-01,1.588745117187500000e-01
5.269287109375000444e-01,-8.647460937500000000e-01,1.588745117187500000e-01
2.667944335937499911e+00,2.094726562500000000e-01,4.654907226562499667e-01
1.976928710937500000e+00,2.094726562500000000e-01,4.654907226562499667e-01
2.667944335937499911e+00,1.352539062500000000e-01,4.654907226562499667e-01
2.667944335937499911e+00,2.094726562500000000e-01,6.338745117187499778e-01
1.976928710937500000e+00,1.352539062500000000e-01,6.338745117187499778e-01
1.942944335937500044e+00,-2.905273437500000000e-01,7.029907226562499556e-01
1.251928710937500133e+00,-2.905273437500000000e-01,7.029907226562499556e-01
1.942944335937500044e+00,6.352539062500000000e-01,7.029907226562499556e-01
1.942944335937500044e+00,-2.905273437500000000e-01,8.713745117187499112e-01
1.251928710937500133e+00,6.352539062500000000e-01,8.713745117187499112e-01
4.929443359374999778e-01,7.094726562500000000e-01,2.279907226562499778e-01
2.701928710937500089e+00,7.094726562500000000e-01,2.279907226562499778e-01
4.929443359374999778e-01,-3.647460937500000000e-01,2.279907226562499778e-01
4.929443359374999778e-01,7.094726562500000000e-01,3.963745117187499889e-01
2.701928710937500089e+00,-3.647460937500000000e-01,3.963745117187499889e-01
6.741943359375000000e-01,-6.655273437500000000e-01,6.436157226562500000e-01
2.158178710937499911e+00,-6.655273437500000000e-01,6.436157226562500000e-01
6.741943359375000000e-01,7.602539062500000000e-01,6.436157226562500000e-01
6.741943359375000000e-01,-6.655273437500000000e-01,3.369995117187499778e-01
2.158178710937499911e+00,7.602539062500000000e-01,3.369995117187499778e-01
2.124194335937500178e+00,3.344726562500000000e-01,1.686157226562499944e-01
7.081787109374999556e-01,3.344726562500000000e-01,1.686157226562499944e-01
2.124194335937500178e+00,-2.397460937500000000e-01,1.686157226562499944e-01
2.124194335937500178e+00,3.344726562500000000e-01,8.119995117187499556e-01
7.081787109374999556e-01,-2.397460937500000000e-01,8.119995117187499556e-01
2.849194335937499822e+00,-1.655273437500000000e-01,8.811157226562499334e-01
2.883178710937500000e+00,-1.655273437500000000e-01,8.811157226562499334e-01
2.849194335937499822e+00,-7.397460937500000000e-01,8.811157226562499334e-01
2.849194335937499822e+00,-1.655273437500000000e-01,5.744995117187500222e-01
2.883178710937500000e+00,-7.397460937500000000e-01,5.744995117187500222e-01
1.399194335937500089e+00,8.344726562500000000e-01,4.061157226562499556e-01
1.433178710937500044e+00,8.344726562500000000e-01,4.061157226562499556e-01
1.399194335937500089e+00,2.602539062500000000e-01,4.061157226562499556e-01
1.399194335937500089e+00,8.344726562500000000e-01,9.949951171874998890e-02
1.433178710937500044e+00,2.602539062500000000e-01,9.949951171874998890e-02
1.036694335937500044e+00,-4.155273437500000000e-01,4.986572265625000000e-02
1.070678710937500000e+00,-4.155273437500000000e-01,4.986572265625000000e-02
1.036694335937500044e+00,1.025390625000000000e-02,4.986572265625000000e-02
1.036694335937500044e+00,-4.155273437500000000e-01,4.557495117187500000e-01
1.070678710937500000e+00,1.025390625000000000e-02,4.557495117187500000e-01
2.486694335937500000e+00,5.844726562500000000e-01,5.248657226562499778e-01
2.520678710937500178e+00,5.844726562500000000e-01,5.248657226562499778e-01
2.486694335937500000e+00,-9.897460937500000000e-01,5.248657226562499778e-01
2.486694335937500000e+00,5.844726562500000000e-01,9.307495117187499778e-01
2.520678710937500178e+00,-9.897460937500000000e-01,9.307495117187499778e-01
1.761694335937500133e+00,-9.155273437500000000e-01,2.873657226562499889e-01
3.456787109375000222e-01,-9.155273437500000000e-01,2.873657226562499889e-01
1.761694335937500133e+00,-4.897460937500000000e-01,2.873657226562499889e-01
1.761694335937500133e+00,-9.155273437500000000e-01,6.932495117187499334e-01
3.456787109375000222e-01,-4.897460937500000000e-01,6.932495117187499334e-01
3.116943359375000111e-01,8.447265625000000000e-02,7.623657226562499112e-01
1.795678710937500089e+00,8.447265625000000000e-02,7.623657226562499112e-01
3.116943359375000111e-01,5.102539062500000000e-01,7.623657226562499112e-01
3.116943359375000111e-01,8.447265625000000000e-02,2.182495117187499833e-01
1.795678710937500089e+00,5.102539062500000000e-01,2.182495117187499833e-01
4.023193359375000222e-01,-9.780273437500000000e-01,1.389282226562499889e-01
1.342553710937500089e+00,-9.780273437500000000e-01,1.389282226562499889e-01
4.023193359375000222e-01,-5.522460937500000000e-01,1.389282226562499889e-01
4.023193359375000222e-01,-9.780273437500000000e-01,9.010620117187500000e-01
1.342553710937500089e+00,-5.522460937500000000e-01,9.010620117187500000e-01
1.852319335937500089e+00,2.197265625000000000e-02,6.139282226562500222e-01
2.792553710937499822e+00,2.197265625000000000e-02,6.139282226562500222e-01
1.852319335937500089e+00,4.477539062500000000e-01,6.139282226562500222e-01
1.852319335937500089e+00,2.197265625000000000e-02,4.260620117187499667e-01
2.792553710937499822e+00,4.477539062500000000e-01,4.260620117187499667e-01
2.577319335937500178e+00,-4.780273437500000000e-01,3.764282226562499778e-01
6.175537109375000000e-01,-4.780273437500000000e-01,3.764282226562499778e-01
2.577319335937500178e+00,9.477539062500000000e-01,3.764282226562499778e-01
2.577319335937500178e+00,-4.780273437500000000e-01,1.885620117187499778e-01
6.175537109375000000e-01,9.477539062500000000e-01,1.885620117187499778e-01
1.127319335937500000e+00,5.219726562500000000e-01,8.514282226562499556e-01
2.067553710937499734e+00,5.219726562500000000e-01,8.514282226562499556e-01
1.127319335937500000e+00,-5.224609375000000000e-02,8.514282226562499556e-01
1.127319335937500000e+00,5.219726562500000000e-01,6.635620117187499556e-01
2.067553710937499734e+00,-5.224609375000000000e-02,6.635620117187499556e-01
1.489819335937500044e+00,-2.280273437500000000e-01,4.951782226562500000e-01
1.705053710937500133e+00,-2.280273437500000000e-01,4.951782226562500000e-01
1.489819335937500044e+00,-3.022460937500000000e-01,4.951782226562500000e-01
1.489819335937500044e+00,-2.280273437500000000e-01,7.823120117187499778e-01
1.705053710937500133e+00,-3.022460937500000000e-01,7.823120117187499778e-01
2.939819335937500000e+00,7.719726562500000000e-01,2.017822265624999792e-02
2.550537109375000111e-01,7.719726562500000000e-01,2.017822265624999792e-02
2.939819335937500000e+00,6.977539062500000000e-01,2.017822265624999792e-02
2.939819335937500000e+00,7.719726562500000000e-01,3.073120117187500000e-01
2.550537109375000111e-01,6.977539062500000000e-01,3.073120117187500000e-01
2.214819335937499911e+00,-7.280273437500000000e-01,7.326782226562499334e-01
2.430053710937500000e+00,-7.280273437500000000e-01,7.326782226562499334e-01
2.214819335937499911e+00,1.977539062500000000e-01,7.326782226562499334e-01
2.214819335937499911e+00,-7.280273437500000000e-01,6.981201171874999722e-02
2.430053710937500000e+00,1.977539062500000000e-01,6.981201171874999722e-02
7.648193359374999556e-01,2.719726562500000000e-01,2.576782226562500111e-01
9.800537109374999334e-01,2.719726562500000000e-01,2.576782226562500111e-01
7.648193359374999556e-01,-8.022460937500000000e-01,2.576782226562500111e-01
7.648193359374999556e-01,2.719726562500000000e-01,5.448120117187499334e-01
9.800537109374999334e-01,-8.022460937500000000e-01,5.448120117187499334e-01
5.835693359375000444e-01,-3.530273437500000000e-01,7.920532226562500000e-01
4.363037109374999778e-01,-3.530273437500000000e-01,7.920532226562500000e-01
5.835693359375000444e-01,3.227539062500000000e-01,7.920532226562500000e-01
5.835693359375000444e-01,-3.530273437500000000e-01,6.041870117187500000e-01
4.363037109374999778e-01,3.227539062500000000e-01,6.041870117187500000e-01
2.033569335937500000e+00,6.469726562500000000e-01,3.170532226562499667e-01
1.886303710937500044e+00,6.469726562500000000e-01,3.170532226562499667e-01
2.033569335937500000e+00,-6.772460937500000000e-01,3.170532226562499667e-01
2.033569335937500000e+00,6.469726562500000000e-01,1.291870117187499944e-01
1.886303710937500044e+00,-6.772460937500000000e-01,1.291870117187499944e-01
2.758569335937500089e+00,-8.530273437500000000e-01,5.545532226562499556e-01
1.161303710937499956e+00,-8.530273437500000000e-01,5.545532226562499556e-01
2.758569335937500089e+00,-1.772460937500000000e-01,5.545532226562499556e-01
2.758569335937500089e+00,-8.530273437500000000e-01,3.666870117187499556e-01
1.161303710937499956e+00,-1.772460937500000000e-01,3.666870117187499556e-01
1.308569335937500133e+00,1.469726562500000000e-01,7.955322265624999167e-02
2.611303710937499911e+00,1.469726562500000000e-01,7.955322265624999167e-02
1.308569335937500133e+00,8.227539062500000000e-01,7.955322265624999167e-02
1.308569335937500133e+00,1.469726562500000000e-01,8.416870117187499334e-01
2.611303710937499911e+00,8.227539062500000000e-01,8.416870117187499334e-01
9.460693359374999778e-01,-6.030273437500000000e-01,4.358032226562499889e-01
2.973803710937500178e+00,-6.030273437500000000e-01,4.358032226562499889e-01
9.460693359374999778e-01,5.727539062500000000e-01,4.358032226562499889e-01
9.460693359374999778e-01,-6.030273437500000000e-01,4.854370117187499778e-01
2.973803710937500178e+00,5.727539062500000000e-01,4.854370117187499778e-01
2.396069335937499822e+00,3.969726562500000000e-01,9.108032226562499112e-01
1.523803710937500000e+00,3.969726562500000000e-01,9.108032226562499112e-01
2.396069335937499822e+00,-4.272460937500000000e-01,9.108032226562499112e-01
2.396069335937499822e+00,3.969726562500000000e-01,1.043701171875000000e-02
1.523803710937500000e+00,-4.272460937500000000e-01,1.043701171875000000e-02
1.671069335937499956e+00,-1.030273437500000000e-01,1.983032226562500000e-01
2.248803710937500089e+00,-1.030273437500000000e-01,1.983032226562500000e-01
1.671069335937499956e+00,-9.272460937500000000e-01,1.983032226562500000e-01
1.671069335937499956e+00,-1.030273437500000000e-01,2.479370117187499889e-01
2.248803710937500089e+00,-9.272460937500000000e-01,2.479370117187499889e-01
2.210693359375000000e-01,8.969726562500000000e-01,6.733032226562499778e-01
7.988037109374999112e-01,8.969726562500000000e-01,6.733032226562499778e-01
2.210693359375000000e-01,7.275390625000000000e-02,6.733032226562499778e-01
2.210693359375000000e-01,8.969726562500000000e-01,7.229370117187499112e-01
7.988037109374999112e-01,7.275390625000000000e-02,7.229370117187499112e-01
2.663818359374999778e-01,-5.092773437500000000e-01,8.662719726562500000e-01
9.347412109374999556e-01,-5.092773437500000000e-01,8.662719726562500000e-01
2.663818359374999778e-01,-3.334960937500000000e-01,8.662719726562500000e-01
2.663818359374999778e-01,-5.092773437500000000e-01,8.565307617187499778e-01
9.347412109374999556e-01,-3.334960937500000000e-01,8.565307617187499778e-01
1.716381835937500044e+00,4.907226562500000000e-01,3.912719726562499667e-01
2.384741210937499911e+00,4.907226562500000000e-01,3.912719726562499667e-01
1.716381835937500044e+00,6.665039062500000000e-01,3.912719726562499667e-01
1.716381835937500044e+00,4.907226562500000000e-01,3.815307617187500000e-01
2.384741210937499911e+00,6.665039062500000000e-01,3.815307617187500000e-01
2.441381835937499911e+00,-9.277343750000000000e-03,6.287719726562499556e-01
2.097412109375000056e-01,-9.277343750000000000e-03,6.287719726562499556e-01
2.441381835937499911e+00,1.665039062500000000e-01,6.287719726562499556e-01
2.441381835937499911e+00,-9.277343750000000000e-03,1.440307617187499833e-01
2.097412109375000056e-01,1.665039062500000000e-01,1.440307617187499833e-01
9.913818359374999556e-01,9.907226562500000000e-01,1.537719726562500056e-01
1.659741210937500044e+00,9.907226562500000000e-01,1.537719726562500056e-01
9.913818359374999556e-01,-8.334960937500000000e-01,1.537719726562500056e-01
9.913818359374999556e-01,9.907226562500000000e-01,6.190307617187499334e-01
1.659741210937500044e+00,-8.334960937500000000e-01,6.190307617187499334e-01
1.353881835937500000e+00,-2.592773437500000000e-01,2.725219726562500000e-01
2.022241210937500089e+00,-2.592773437500000000e-01,2.725219726562500000e-01
1.353881835937500000e+00,-5.834960937500000000e-01,2.725219726562500000e-01
1.353881835937500000e+00,-2.592773437500000000e-01,7.377807617187499556e-01
2.022241210937500089e+00,-5.834960937500000000e-01,7.377807617187499556e-01
2.803881835937500178e+00,7.407226562500000000e-01,7.475219726562499778e-01
5.722412109375000222e-01,7.407226562500000000e-01,7.475219726562499778e-01
2.803881835937500178e+00,4.165039062500000000e-01,7.475219726562499778e-01
2.803881835937500178e+00,7.407226562500000000e-01,2.627807617187499778e-01
5.722412109375000222e-01,4.165039062500000000e-01,2.627807617187499778e-01
2.078881835937500089e+00,-7.592773437500000000e-01,3.502197265624999722e-02
2.747241210937500178e+00,-7.592773437500000000e-01,3.502197265624999722e-02
2.078881835937500089e+00,9.165039062500000000e-01,3.502197265624999722e-02
2.078881835937500089e+00,-7.592773437500000000e-01,2.528076171874999931e-02
2.747241210937500178e+00,9.165039062500000000e-01,2.528076171874999931e-02
6.288818359374999112e-01,2.407226562500000000e-01,5.100219726562499334e-01
1.297241210937500000e+00,2.407226562500000000e-01,5.100219726562499334e-01
6.288818359374999112e-01,-8.349609375000000000e-02,5.100219726562499334e-01
6.288818359374999112e-01,2.407226562500000000e-01,5.002807617187500222e-01
1.297241210937500000e+00,-8.349609375000000000e-02,5.002807617187500222e-01
8.101318359374999334e-01,-1.342773437500000000e-01,9.439697265624999445e-02
7.534912109374999334e-01,-1.342773437500000000e-01,9.439697265624999445e-02
8.101318359374999334e-01,5.415039062500000000e-01,9.439697265624999445e-02
8.101318359374999334e-01,-1.342773437500000000e-01,6.784057617187500000e-01
7.534912109374999334e-01,5.415039062500000000e-01,6.784057617187500000e-01
2.260131835937500000e+00,8.657226562500000000e-01,5.693969726562500000e-01
2.203491210937500000e+00,8.657226562500000000e-01,5.693969726562500000e-01
2.260131835937500000e+00,-4.584960937500000000e-01,5.693969726562500000e-01
2.260131835937500000e+00,8.657226562500000000e-01,2.034057617187499944e-01
2.203491210937500000e+00,-4.584960937500000000e-01,2.034057617187499944e-01
2.985131835937500089e+00,-6.342773437500000000e-01,3.318969726562500111e-01
1.478491210937500133e+00,-6.342773437500000000e-01,3.318969726562500111e-01
2.985131835937500089e+00,-9.584960937500000000e-01,3.318969726562500111e-01
2.985131835937500089e+00,-6.342773437500000000e-01,4.409057617187499556e-01
1.478491210937500133e+00,-9.584960937500000000e-01,4.409057617187499556e-01
1.535131835937500133e+00,3.657226562500000000e-01,8.068969726562499334e-01
2.928491210937500089e+00,3.657226562500000000e-01,8.068969726562499334e-01
1.535131835937500133e+00,4.150390625000000000e-02,8.068969726562499334e-01
1.535131835937500133e+00,3.657226562500000000e-01,9.159057617187499334e-01
2.928491210937500089e+00,4.150390625000000000e-02,9.159057617187499334e-01
1.172631835937500089e+00,-8.842773437500000000e-01,6.881469726562500222e-01
2.565991210937499822e+00,-8.842773437500000000e-01,6.881469726562500222e-01
1.172631835937500089e+00,2.915039062500000000e-01,6.881469726562500222e-01
1.172631835937500089e+00,-8.842773437500000000e-01,5.596557617187499778e-01
2.565991210937499822e+00,2.915039062500000000e-01,5.596557617187499778e-01
2.622631835937499822e+00,1.157226562500000000e-01,2.131469726562499889e-01
1.115991210937500089e+00,1.157226562500000000e-01,2.131469726562499889e-01
2.622631835937499822e+00,-7.084960937500000000e-01,2.131469726562499889e-01
2.622631835937499822e+00,1.157226562500000000e-01,8.465576171875000000e-02
1.115991210937500089e+00,-7.084960937500000000e-01,8.465576171875000000e-02
1.897631835937499956e+00,-3.842773437500000000e-01,9.256469726562499556e-01
1.840991210937499956e+00,-3.842773437500000000e-01,9.256469726562499556e-01
1.897631835937499956e+00,-2.084960937500000000e-01,9.256469726562499556e-01
1.897631835937499956e+00,-3.842773437500000000e-01,3.221557617187499889e-01
1.840991210937499956e+00,-2.084960937500000000e-01,3.221557617187499889e-01
4.476318359375000000e-01,6.157226562500000000e-01,4.506469726562499778e-01
3.909912109375000000e-01,6.157226562500000000e-01,4.506469726562499778e-01
4.476318359375000000e-01,7.915039062500000000e-01,4.506469726562499778e-01
4.476318359375000000e-01,6.157226562500000000e-01,7.971557617187499112e-01
3.909912109375000000e-01,7.915039062500000000e-01,7.971557617187499112e-01
3.570068359375000444e-01,-4.467773437500000000e-01,5.397094726562500222e-01
2.656616210937500000e+00,-4.467773437500000000e-01,5.397094726562500222e-01
3.570068359375000444e-01,-7.709960937500000000e-01,5.397094726562500222e-01
3.570068359375000444e-01,-4.467773437500000000e-01,1.143432617187499917e-01
2.656616210937500000e+00,-7.709960937500000000e-01,1.143432617187499917e-01
1.807006835937500000e+00,5.532226562500000000e-01,6.470947265625000278e-02
1.206616210937500044e+00,5.532226562500000000e-01,6.470947265625000278e-02
1.807006835937500000e+00,2.290039062500000000e-01,6.470947265625000278e-02
1.807006835937500000e+00,5.532226562500000000e-01,5.893432617187499556e-01
1.206616210937500044e+00,2.290039062500000000e-01,5.893432617187499556e-01
2.532006835937500089e+00,-9.467773437500000000e-01,7.772094726562499556e-01
1.931616210937500133e+00,-9.467773437500000000e-01,7.772094726562499556e-01
2.532006835937500089e+00,7.290039062500000000e-01,7.772094726562499556e-01
2.532006835937500089e+00,-9.467773437500000000e-01,8.268432617187500000e-01
1.931616210937500133e+00,7.290039062500000000e-01,8.268432617187500000e-01
1.082006835937499911e+00,5.322265625000000000e-02,3.022094726562499778e-01
4.816162109374999556e-01,5.322265625000000000e-02,3.022094726562499778e-01
1.082006835937499911e+00,-2.709960937500000000e-01,3.022094726562499778e-01
1.082006835937499911e+00,5.322265625000000000e-02,3.518432617187499667e-01
4.816162109374999556e-01,-2.709960937500000000e-01,3.518432617187499667e-01
1.444506835937499956e+00,-6.967773437500000000e-01,1.834594726562499833e-01
1.191162109375000083e-01,-6.967773437500000000e-01,1.834594726562499833e-01
1.444506835937499956e+00,-2.099609375000000000e-02,1.834594726562499833e-01
1.444506835937499956e+00,-6.967773437500000000e-01,2.330932617187500000e-01
1.191162109375000083e-01,-2.099609375000000000e-02,2.330932617187500000e-01
2.894506835937499911e+00,3.032226562500000000e-01,6.584594726562499334e-01
1.569116210937500089e+00,3.032226562500000000e-01,6.584594726562499334e-01
2.894506835937499911e+00,9.790039062500000000e-01,6.584594726562499334e-01
2.894506835937499911e+00,3.032226562500000000e-01,7.080932617187499778e-01
1.569116210937500089e+00,9.790039062500000000e-01,7.080932617187499778e-01
2.169506835937499822e+00,-1.967773437500000000e-01,4.209594726562500000e-01
8.441162109375000000e-01,-1.967773437500000000e-01,4.209594726562500000e-01
2.169506835937499822e+00,4.790039062500000000e-01,4.209594726562500000e-01
2.169506835937499822e+00,-1.967773437500000000e-01,9.455932617187499112e-01
8.441162109375000000e-01,4.790039062500000000e-01,9.455932617187499112e-01
7.195068359374999778e-01,8.032226562500000000e-01,8.959594726562499778e-01
2.294116210937500178e+00,8.032226562500000000e-01,8.959594726562499778e-01
7.195068359374999778e-01,-5.209960937500000000e-01,8.959594726562499778e-01
7.195068359374999778e-01,8.032226562500000000e-01,4.705932617187499889e-01
2.294116210937500178e+00,-5.209960937500000000e-01,4.705932617187499889e-01
5.382568359374999556e-01,-8.217773437500000000e-01,3.615844726562499889e-01
1.750366210937500000e+00,-8.217773437500000000e-01,3.615844726562499889e-01
5.382568359374999556e-01,1.040039062500000000e-01,3.615844726562499889e-01
5.382568359374999556e-01,-8.217773437500000000e-01,2.924682617187500111e-01
1.750366210937500000e+00,1.040039062500000000e-01,2.924682617187500111e-01
1.988256835937500133e+00,1.782226562500000000e-01,8.365844726562499112e-01
3.003662109374999889e-01,1.782226562500000000e-01,8.365844726562499112e-01
1.988256835937500133e+00,-8.959960937500000000e-01,8.365844726562499112e-01
1.988256835937500133e+00,1.782226562500000000e-01,7.674682617187499334e-01
3.003662109374999889e-01,-8.959960937500000000e-01,7.674682617187499334e-01
2.713256835937500000e+00,-3.217773437500000000e-01,1.240844726562500000e-01
2.475366210937500089e+00,-3.217773437500000000e-01,1.240844726562500000e-01
2.713256835937500000e+00,-3.959960937500000000e-01,1.240844726562500000e-01
2.713256835937500000e+00,-3.217773437500000000e-01,5.299682617187500000e-01
2.475366210937500089e+00,-3.959960937500000000e-01,5.299682617187500000e-01
1.263256835937500044e+00,6.782226562500000000e-01,5.990844726562499778e-01
1.025366210937499911e+00,6.782226562500000000e-01,5.990844726562499778e-01
1.263256835937500044e+00,6.040039062500000000e-01,5.990844726562499778e-01
1.263256835937500044e+00,6.782226562500000000e-01,5.496826171874999445e-02
1.025366210937499911e+00,6.040039062500000000e-01,5.496826171874999445e-02
9.007568359375000000e-01,-7.177734375000000000e-02,7.178344726562500000e-01
1.387866210937499956e+00,-7.177734375000000000e-02,7.178344726562500000e-01
9.007568359375000000e-01,8.540039062500000000e-01,7.178344726562500000e-01
9.007568359375000000e-01,-7.177734375000000000e-02,4.112182617187499778e-01
1.387866210937499956e+00,8.540039062500000000e-01,4.112182617187499778e-01
2.350756835937500178e+00,9.282226562500000000e-01,2.428344726562499944e-01
2.837866210937499911e+00,9.282226562500000000e-01,2.428344726562499944e-01
2.350756835937500178e+00,-1.459960937500000000e-01,2.428344726562499944e-01
2.350756835937500178e+00,9.282226562500000000e-01,8.862182617187499556e-01
2.837866210937499911e+00,-1.459960937500000000e-01,8.862182617187499556e-01
1.625756835937500089e+00,-5.717773437500000000e-01,4.803344726562499556e-01
6.628662109374999778e-01,-5.717773437500000000e-01,4.803344726562499556e-01
1.625756835937500089e+00,-6.459960937500000000e-01,4.803344726562499556e-01
1.625756835937500089e+00,-5.717773437500000000e-01,6.487182617187500222e-01
6.628662109374999778e-01,-6.459960937500000000e-01,6.487182617187500222e-01
1.757568359375000222e-01,4.282226562500000000e-01,5.334472656249999480e-03
2.112866210937499822e+00,4.282226562500000000e-01,5.334472656249999480e-03
1.757568359375000222e-01,3.540039062500000000e-01,5.334472656249999480e-03
1.757568359375000222e-01,4.282226562500000000e-01,1.737182617187499889e-01
2.112866210937499822e+00,3.540039062500000000e-01,1.737182617187499889e-01
1.531005859375000056e-01,-7.749023437500000000e-01,5.322875976562500000e-01
3.230224609374999778e-01,-7.749023437500000000e-01,5.322875976562500000e-01
1.531005859375000056e-01,6.821289062500000000e-01,5.322875976562500000e-01
1.531005859375000056e-01,-7.749023437500000000e-01,4.483276367187499778e-01
3.230224609374999778e-01,6.821289062500000000e-01,4.483276367187499778e-01
1.603100585937500044e+00,2.250976562500000000e-01,5.728759765624999445e-02
1.773022460937500044e+00,2.250976562500000000e-01,5.728759765624999445e-02
1.603100585937500044e+00,-3.178710937500000000e-01,5.728759765624999445e-02
1.603100585937500044e+00,2.250976562500000000e-01,9.233276367187499556e-01
1.773022460937500044e+00,-3.178710937500000000e-01,9.233276367187499556e-01
2.328100585937499911e+00,-2.749023437500000000e-01,7.697875976562499334e-01
1.048022460937499956e+00,-2.749023437500000000e-01,7.697875976562499334e-01
2.328100585937499911e+00,-8.178710937500000000e-01,7.697875976562499334e-01
2.328100585937499911e+00,-2.749023437500000000e-01,6.858276367187500222e-01
1.048022460937499956e+00,-8.178710937500000000e-01,6.858276367187500222e-01
8.781005859374999556e-01,7.250976562500000000e-01,2.947875976562500111e-01
2.498022460937499911e+00,7.250976562500000000e-01,2.947875976562500111e-01
8.781005859374999556e-01,1.821289062500000000e-01,2.947875976562500111e-01
8.781005859374999556e-01,7.250976562500000000e-01,2.108276367187499889e-01
2.498022460937499911e+00,1.821289062500000000e-01,2.108276367187499889e-01
1.240600585937500000e+00,-2.490234375000000000e-02,1.760375976562499889e-01
2.860522460937500178e+00,-2.490234375000000000e-02,1.760375976562499889e-01
1.240600585937500000e+00,4.321289062500000000e-01,1.760375976562499889e-01
1.240600585937500000e+00,-2.490234375000000000e-02,3.295776367187500111e-01
2.860522460937500178e+00,4.321289062500000000e-01,3.295776367187500111e-01
2.690600585937500178e+00,9.750976562500000000e-01,6.510375976562500222e-01
1.410522460937500000e+00,9.750976562500000000e-01,6.510375976562500222e-01
2.690600585937500178e+00,-5.678710937500000000e-01,6.510375976562500222e-01
2.690600585937500178e+00,9.750976562500000000e-01,8.045776367187499334e-01
1.410522460937500000e+00,-5.678710937500000000e-01,8.045776367187499334e-01
1.965600585937500089e+00,-5.249023437500000000e-01,4.135375976562499778e-01
2.135522460937500089e+00,-5.249023437500000000e-01,4.135375976562499778e-01
1.965600585937500089e+00,-6.787109375000000000e-02,4.135375976562499778e-01
1.965600585937500089e+00,-5.249023437500000000e-01,5.670776367187500000e-01
2.135522460937500089e+00,-6.787109375000000000e-02,5.670776367187500000e-01
5.156005859375000222e-01,4.750976562500000000e-01,8.885375976562499556e-01
6.855224609374999112e-01,4.750976562500000000e-01,8.885375976562499556e-01
5.156005859375000222e-01,9.321289062500000000e-01,8.885375976562499556e-01
5.156005859375000222e-01,4.750976562500000000e-01,9.207763671874999445e-02
6.855224609374999112e-01,9.321289062500000000e-01,9.207763671874999445e-02
6.968505859374999334e-01,-3.999023437500000000e-01,4.729125976562499889e-01
1.229272460937500089e+00,-3.999023437500000000e-01,4.729125976562499889e-01
6.968505859374999334e-01,-4.428710937500000000e-01,4.729125976562499889e-01
6.968505859374999334e-01,-3.999023437500000000e-01,1.514526367187500056e-01
1.229272460937500089e+00,-4.428710937500000000e-01,1.514526367187500056e-01
2.146850585937500000e+00,6.000976562500000000e-01,9.479125976562499112e-01
2.679272460937499822e+00,6.000976562500000000e-01,9.479125976562499112e-01
2.146850585937500000e+00,5.571289062500000000e-01,9.479125976562499112e-01
2.146850585937500000e+00,6.000976562500000000e-01,6.264526367187499556e-01
2.679272460937499822e+00,5.571289062500000000e-01,6.264526367187499556e-01
2.871850585937500089e+00,-8.999023437500000000e-01,2.354125976562500000e-01
5.042724609375000000e-01,-8.999023437500000000e-01,2.354125976562500000e-01
2.871850585937500089e+00,5.712890625000000000e-02,2.354125976562500000e-01
2.871850585937500089e+00,-8.999023437500000000e-01,8.639526367187500000e-01
5.042724609375000000e-01,5.712890625000000000e-02,8.639526367187500000e-01
1.421850585937500133e+00,1.000976562500000000e-01,7.104125976562499778e-01
1.954272460937499956e+00,1.000976562500000000e-01,7.104125976562499778e-01
1.421850585937500133e+00,-9.428710937500000000e-01,7.104125976562499778e-01
1.421850585937500133e+00,1.000976562500000000e-01,3.889526367187499667e-01
1.954272460937499956e+00,-9.428710937500000000e-01,3.889526367187499667e-01
1.059350585937500089e+00,-6.499023437500000000e-01,8.291625976562500000e-01
1.591772460937500133e+00,-6.499023437500000000e-01,8.291625976562500000e-01
1.059350585937500089e+00,-6.928710937500000000e-01,8.291625976562500000e-01
1.059350585937500089e+00,-6.499023437500000000e-01,3.270263671874999722e-02
1.591772460937500133e+00,-6.928710937500000000e-01,3.270263671874999722e-02
2.509350585937499822e+00,3.500976562500000000e-01,3.541625976562499667e-01
1.417724609375000111e-01,3.500976562500000000e-01,3.541625976562499667e-01
2.509350585937499822e+00,3.071289062500000000e-01,3.541625976562499667e-01
2.509350585937499822e+00,3.500976562500000000e-01,5.077026367187499334e-01
1.417724609375000111e-01,3.071289062500000000e-01,5.077026367187499334e-01
1.784350585937499956e+00,-1.499023437500000000e-01,5.916625976562499556e-01
2.316772460937500000e+00,-1.499023437500000000e-01,5.916625976562499556e-01
1.784350585937499956e+00,8.071289062500000000e-01,5.916625976562499556e-01
1.784350585937499956e+00,-1.499023437500000000e-01,7.452026367187499778e-01
2.316772460937500000e+00,8.071289062500000000e-01,7.452026367187499778e-01
3.343505859375000000e-01,8.500976562500000000e-01,1.166625976562499917e-01
8.667724609374999334e-01,8.500976562500000000e-01,1.166625976562499917e-01
3.343505859375000000e-01,-1.928710937500000000e-01,1.166625976562499917e-01
3.343505859375000000e-01,8.500976562500000000e-01,2.702026367187500000e-01
8.667724609374999334e-01,-1.928710937500000000e-01,2.702026367187500000e-01
4.249755859374999556e-01,-2.124023437500000000e-01,9.182250976562499334e-01
2.226147460937499822e+00,-2.124023437500000000e-01,9.182250976562499334e-01
4.249755859374999556e-01,2.446289062500000000e-01,9.182250976562499334e-01
4.249755859374999556e-01,-2.124023437500000000e-01,4.780151367187499556e-01
2.226147460937499822e+00,2.446289062500000000e-01,4.780151367187499556e-01
1.874975585937500133e+00,7.875976562500000000e-01,4.432250976562499556e-01
7.761474609374999778e-01,7.875976562500000000e-01,4.432250976562499556e-01
1.874975585937500133e+00,-7.553710937500000000e-01,4.432250976562499556e-01
1.874975585937500133e+00,7.875976562500000000e-01,3.015136718749999913e-03
7.761474609374999778e-01,-7.553710937500000000e-01,3.015136718749999913e-03
2.599975585937500000e+00,-7.124023437500000000e-01,6.807250976562500000e-01
2.951147460937499911e+00,-7.124023437500000000e-01,6.807250976562500000e-01
2.599975585937500000e+00,-2.553710937500000000e-01,6.807250976562500000e-01
2.599975585937500000e+00,-7.124023437500000000e-01,2.405151367187499944e-01
2.951147460937499911e+00,-2.553710937500000000e-01,2.405151367187499944e-01
1.149975585937500044e+00,2.875976562500000000e-01,2.057250976562499944e-01
1.501147460937499956e+00,2.875976562500000000e-01,2.057250976562499944e-01
1.149975585937500044e+00,7.446289062500000000e-01,2.057250976562499944e-01
1.149975585937500044e+00,2.875976562500000000e-01,7.155151367187500000e-01
1.501147460937499956e+00,7.446289062500000000e-01,7.155151367187500000e-01
1.512475585937500089e+00,-9.624023437500000000e-01,3.244750976562499889e-01
1.138647460937500133e+00,-9.624023437500000000e-01,3.244750976562499889e-01
1.512475585937500089e+00,9.946289062500000000e-01,3.244750976562499889e-01
1.512475585937500089e+00,-9.624023437500000000e-01,5.967651367187499778e-01
1.138647460937500133e+00,9.946289062500000000e-01,5.967651367187499778e-01
2.962475585937499822e+00,3.759765625000000000e-02,7.994750976562499112e-01
2.588647460937500089e+00,3.759765625000000000e-02,7.994750976562499112e-01
2.962475585937499822e+00,-5.371093750000000000e-03,7.994750976562499112e-01
2.962475585937499822e+00,3.759765625000000000e-02,1.217651367187500000e-01
2.588647460937500089e+00,-5.371093750000000000e-03,1.217651367187500000e-01
2.237475585937500178e+00,-4.624023437500000000e-01,8.697509765625000000e-02
4.136474609375000444e-01,-4.624023437500000000e-01,8.697509765625000000e-02
2.237475585937500178e+00,-5.053710937500000000e-01,8.697509765625000000e-02
2.237475585937500178e+00,-4.624023437500000000e-01,3.592651367187499889e-01
4.136474609375000444e-01,-5.053710937500000000e-01,3.592651367187499889e-01
7.874755859375000000e-01,5.375976562500000000e-01,5.619750976562499778e-01
1.863647460937500000e+00,5.375976562500000000e-01,5.619750976562499778e-01
7.874755859375000000e-01,4.946289062500000000e-01,5.619750976562499778e-01
7.874755859375000000e-01,5.375976562500000000e-01,8.342651367187499112e-01
1.863647460937500000e+00,4.946289062500000000e-01,8.342651367187499112e-01
6.062255859374999778e-01,-5.874023437500000000e-01,2.760009765624999931e-02
2.407397460937500178e+00,-5.874023437500000000e-01,2.760009765624999931e-02
6.062255859374999778e-01,-8.803710937500000000e-01,2.760009765624999931e-02
6.062255859374999778e-01,-5.874023437500000000e-01,7.748901367187499556e-01
2.407397460937500178e+00,-8.803710937500000000e-01,7.748901367187499556e-01
2.056225585937499822e+00,4.125976562500000000e-01,5.026000976562500222e-01
9.573974609375000000e-01,4.125976562500000000e-01,5.026000976562500222e-01
2.056225585937499822e+00,1.196289062500000000e-01,5.026000976562500222e-01
2.056225585937499822e+00,4.125976562500000000e-01,2.998901367187499778e-01
9.573974609375000000e-01,1.196289062500000000e-01,2.998901367187499778e-01
2.781225585937499911e+00,-8.740234375000000000e-02,2.651000976562499778e-01
1.682397460937500089e+00,-8.740234375000000000e-02,2.651000976562499778e-01
2.781225585937499911e+00,6.196289062500000000e-01,2.651000976562499778e-01
2.781225585937499911e+00,-8.740234375000000000e-02,6.239013671874999584e-02
1.682397460937500089e+00,6.196289062500000000e-01,6.239013671874999584e-02
1.331225585937499956e+00,9.125976562500000000e-01,7.401000976562499556e-01
2.323974609374999944e-01,9.125976562500000000e-01,7.401000976562499556e-01
1.331225585937499956e+00,-3.803710937500000000e-01,7.401000976562499556e-01
1.331225585937499956e+00,9.125976562500000000e-01,5.373901367187500222e-01
2.323974609374999944e-01,-3.803710937500000000e-01,5.373901367187500222e-01
9.687255859374999112e-01,-3.374023437500000000e-01,6.213500976562499334e-01
5.948974609374999556e-01,-3.374023437500000000e-01,6.213500976562499334e-01
9.687255859374999112e-01,-1.303710937500000000e-01,6.213500976562499334e-01
9.687255859374999112e-01,-3.374023437500000000e-01,8.936401367187499778e-01
5.948974609374999556e-01,-1.303710937500000000e-01,8.936401367187499778e-01
2.418725585937500089e+00,6.625976562500000000e-01,1.463500976562499833e-01
2.044897460937499911e+00,6.625976562500000000e-01,1.463500976562499833e-01
2.418725585937500089e+00,8.696289062500000000e-01,1.463500976562499833e-01
2.418725585937500089e+00,6.625976562500000000e-01,4.186401367187500000e-01
2.044897460937499911e+00,8.696289062500000000e-01,4.186401367187500000e-01
1.693725585937500000e+00,-8.374023437500000000e-01,8.588500976562499778e-01
1.319897460937500044e+00,-8.374023437500000000e-01,8.588500976562499778e-01
1.693725585937500000e+00,3.696289062500000000e-01,8.588500976562499778e-01
1.693725585937500000e+00,-8.374023437500000000e-01,1.811401367187499833e-01
1.319897460937500044e+00,3.696289062500000000e-01,1.811401367187499833e-01
2.437255859374999889e-01,1.625976562500000000e-01,3.838500976562500000e-01
2.769897460937500000e+00,1.625976562500000000e-01,3.838500976562500000e-01
2.437255859374999889e-01,-6.303710937500000000e-01,3.838500976562500000e-01
2.437255859374999889e-01,1.625976562500000000e-01,6.561401367187499334e-01
2.769897460937500000e+00,-6.303710937500000000e-01,6.561401367187499334e-01
1.984130859375000111e-01,-3.061523437500000000e-01,2.205688476562499833e-01
1.908959960937500089e+00,-3.061523437500000000e-01,2.205688476562499833e-01
1.984130859375000111e-01,9.008789062500000000e-01,2.205688476562499833e-01
1.984130859375000111e-01,-3.061523437500000000e-01,5.522338867187499556e-01
1.908959960937500089e+00,9.008789062500000000e-01,5.522338867187499556e-01
1.648413085937500133e+00,6.938476562500000000e-01,6.955688476562499334e-01
4.589599609375000222e-01,6.938476562500000000e-01,6.955688476562499334e-01
1.648413085937500133e+00,-9.912109375000000000e-02,6.955688476562499334e-01
1.648413085937500133e+00,6.938476562500000000e-01,7.723388671874999167e-02
4.589599609375000222e-01,-9.912109375000000000e-02,7.723388671874999167e-02
2.373413085937500000e+00,-8.061523437500000000e-01,4.580688476562500000e-01
2.633959960937500178e+00,-8.061523437500000000e-01,4.580688476562500000e-01
2.373413085937500000e+00,-5.991210937500000000e-01,4.580688476562500000e-01
2.373413085937500000e+00,-8.061523437500000000e-01,3.147338867187499667e-01
2.633959960937500178e+00,-5.991210937500000000e-01,3.147338867187499667e-01
9.234130859374999334e-01,1.938476562500000000e-01,9.330688476562499778e-01
1.183959960937500000e+00,1.938476562500000000e-01,9.330688476562499778e-01
9.234130859374999334e-01,4.008789062500000000e-01,9.330688476562499778e-01
9.234130859374999334e-01,1.938476562500000000e-01,7.897338867187500000e-01
1.183959960937500000e+00,4.008789062500000000e-01,7.897338867187500000e-01
1.285913085937500089e+00,-5.561523437500000000e-01,5.768188476562500222e-01
1.546459960937500044e+00,-5.561523437500000000e-01,5.768188476562500222e-01
1.285913085937500089e+00,1.508789062500000000e-01,5.768188476562500222e-01
1.285913085937500089e+00,-5.561523437500000000e-01,6.709838867187499778e-01
1.546459960937500044e+00,1.508789062500000000e-01,6.709838867187499778e-01
2.735913085937499822e+00,4.438476562500000000e-01,1.018188476562499889e-01
2.996459960937500000e+00,4.438476562500000000e-01,1.018188476562499889e-01
2.735913085937499822e+00,-8.491210937500000000e-01,1.018188476562499889e-01
2.735913085937499822e+00,4.438476562500000000e-01,1.959838867187500000e-01
2.996459960937500000e+00,-8.491210937500000000e-01,1.959838867187500000e-01
2.010913085937499734e+00,-5.615234375000000000e-02,8.143188476562499556e-01
8.214599609374999556e-01,-5.615234375000000000e-02,8.143188476562499556e-01
2.010913085937499734e+00,-3.491210937500000000e-01,8.143188476562499556e-01
2.010913085937499734e+00,-5.615234375000000000e-02,4.334838867187499889e-01
8.214599609374999556e-01,-3.491210937500000000e-01,4.334838867187499889e-01
5.609130859375000000e-01,9.438476562500000000e-01,3.393188476562499778e-01
2.271459960937499911e+00,9.438476562500000000e-01,3.393188476562499778e-01
5.609130859375000000e-01,6.508789062500000000e-01,3.393188476562499778e-01
5.609130859375000000e-01,9.438476562500000000e-01,9.084838867187499112e-01
2.271459960937499911e+00,6.508789062500000000e-01,9.084838867187499112e-01
7.421630859374999112e-01,-9.311523437500000000e-01,7.549438476562500000e-01
2.815209960937500089e+00,-9.311523437500000000e-01,7.549438476562500000e-01
7.421630859374999112e-01,-2.241210937500000000e-01,7.549438476562500000e-01
7.421630859374999112e-01,-9.311523437500000000e-01,7.303588867187499334e-01
2.815209960937500089e+00,-2.241210937500000000e-01,7.303588867187499334e-01
2.192163085937500089e+00,6.884765625000000000e-02,2.799438476562499667e-01
1.365209960937500133e+00,6.884765625000000000e-02,2.799438476562499667e-01
2.192163085937500089e+00,7.758789062500000000e-01,2.799438476562499667e-01
2.192163085937500089e+00,6.884765625000000000e-02,2.553588867187500111e-01
1.365209960937500133e+00,7.758789062500000000e-01,2.553588867187500111e-01
2.917163085937500178e+00,-4.311523437500000000e-01,5.174438476562499556e-01
2.090209960937500000e+00,-4.311523437500000000e-01,5.174438476562499556e-01
2.917163085937500178e+00,2.758789062500000000e-01,5.174438476562499556e-01
2.917163085937500178e+00,-4.311523437500000000e-01,1.785888671874999792e-02
2.090209960937500000e+00,2.758789062500000000e-01,1.785888671874999792e-02
1.467163085937500000e+00,5.688476562500000000e-01,4.244384765624999861e-02
6.402099609374999334e-01,5.688476562500000000e-01,4.244384765624999861e-02
1.467163085937500000e+00,-7.241210937500000000e-01,4.244384765624999861e-02
1.467163085937500000e+00,5.688476562500000000e-01,4.928588867187500000e-01
6.402099609374999334e-01,-7.241210937500000000e-01,4.928588867187500000e-01
1.104663085937499956e+00,-1.811523437500000000e-01,3.986938476562499889e-01
2.777099609375000000e-01,-1.811523437500000000e-01,3.986938476562499889e-01
1.104663085937499956e+00,-9.741210937500000000e-01,3.986938476562499889e-01
1.104663085937499956e+00,-1.811523437500000000e-01,8.491088867187499556e-01
2.777099609375000000e-01,-9.741210937500000000e-01,8.491088867187499556e-01
2.554663085937499911e+00,8.188476562500000000e-01,8.736938476562499112e-01
1.727709960937499956e+00,8.188476562500000000e-01,8.736938476562499112e-01
2.554663085937499911e+00,2.587890625000000000e-02,8.736938476562499112e-01
2.554663085937499911e+00,8.188476562500000000e-01,3.741088867187499778e-01
1.727709960937499956e+00,2.587890625000000000e-02,3.741088867187499778e-01
1.829663085937500044e+00,-6.811523437500000000e-01,1.611938476562500000e-01
1.002709960937500089e+00,-6.811523437500000000e-01,1.611938476562500000e-01
1.829663085937500044e+00,5.258789062500000000e-01,1.611938476562500000e-01
1.829663085937500044e+00,-6.811523437500000000e-01,1.366088867187499889e-01
1.002709960937500089e+00,5.258789062500000000e-01,1.366088867187499889e-01
3.796630859374999778e-01,3.188476562500000000e-01,6.361938476562499778e-01
2.452709960937499822e+00,3.188476562500000000e-01,6.361938476562499778e-01
3.796630859374999778e-01,-4.741210937500000000e-01,6.361938476562499778e-01
3.796630859374999778e-01,3.188476562500000000e-01,6.116088867187500222e-01
2.452709960937499822e+00,-4.741210937500000000e-01,6.116088867187500222e-01
2.890380859375000222e-01,-7.436523437500000000e-01,2.502563476562499889e-01
7.308349609375000000e-01,-7.436523437500000000e-01,2.502563476562499889e-01
2.890380859375000222e-01,4.633789062500000000e-01,2.502563476562499889e-01
2.890380859375000222e-01,-7.436523437500000000e-01,4.037963867187499556e-01
7.308349609375000000e-01,4.633789062500000000e-01,4.037963867187499556e-01
1.739038085937500089e+00,2.563476562500000000e-01,7.252563476562499112e-01
2.180834960937500178e+00,2.563476562500000000e-01,7.252563476562499112e-01
1.739038085937500089e+00,-5.366210937500000000e-01,7.252563476562499112e-01
1.739038085937500089e+00,2.563476562500000000e-01,8.787963867187499334e-01
2.180834960937500178e+00,-5.366210937500000000e-01,8.787963867187499334e-01
2.464038085937500178e+00,-2.436523437500000000e-01,1.275634765625000000e-02
1.455834960937500089e+00,-2.436523437500000000e-01,1.275634765625000000e-02
2.464038085937500178e+00,-3.662109375000000000e-02,1.275634765625000000e-02
2.464038085937500178e+00,-2.436523437500000000e-01,6.412963867187500000e-01
1.455834960937500089e+00,-3.662109375000000000e-02,6.412963867187500000e-01
1.014038085937500000e+00,7.563476562500000000e-01,4.877563476562499778e-01
2.905834960937499822e+00,7.563476562500000000e-01,4.877563476562499778e-01
1.014038085937500000e+00,9.633789062500000000e-01,4.877563476562499778e-01
1.014038085937500000e+00,7.563476562500000000e-01,1.662963867187499944e-01
2.905834960937499822e+00,9.633789062500000000e-01,1.662963867187499944e-01
1.376538085937500044e+00,-4.936523437500000000e-01,8.440063476562499334e-01
2.543334960937500000e+00,-4.936523437500000000e-01,8.440063476562499334e-01
1.376538085937500044e+00,7.133789062500000000e-01,8.440063476562499334e-01
1.376538085937500044e+00,-4.936523437500000000e-01,2.850463867187499889e-01
2.543334960937500000e+00,7.133789062500000000e-01,2.850463867187499889e-01
2.826538085937500000e+00,5.063476562500000000e-01,3.690063476562499556e-01
1.093334960937500044e+00,5.063476562500000000e-01,3.690063476562499556e-01
2.826538085937500000e+00,-2.866210937500000000e-01,3.690063476562499556e-01
2.826538085937500000e+00,5.063476562500000000e-01,7.600463867187499112e-01
1.093334960937500044e+00,-2.866210937500000000e-01,7.600463867187499112e-01
2.101538085937499911e+00,-9.936523437500000000e-01,6.065063476562500000e-01
1.818334960937500133e+00,-9.936523437500000000e-01,6.065063476562500000e-01
2.101538085937499911e+00,-7.866210937500000000e-01,6.065063476562500000e-01
2.101538085937499911e+00,-9.936523437500000000e-01,5.225463867187499778e-01
1.818334960937500133e+00,-7.866210937500000000e-01,5.225463867187499778e-01
6.515380859374999556e-01,6.347656250000000000e-03,1.315063476562499944e-01
3.683349609374999556e-01,6.347656250000000000e-03,1.315063476562499944e-01
6.515380859374999556e-01,2.133789062500000000e-01,1.315063476562499944e-01
6.515380859374999556e-01,6.347656250000000000e-03,4.754638671875000000e-02
3.683349609374999556e-01,2.133789062500000000e-01,4.754638671875000000e-02
4.702880859375000444e-01,-1.186523437500000000e-01,6.658813476562499556e-01
9.120849609374999112e-01,-1.186523437500000000e-01,6.658813476562499556e-01
4.702880859375000444e-01,-6.616210937500000000e-01,6.658813476562499556e-01
4.702880859375000444e-01,-1.186523437500000000e-01,2.256713867187499778e-01
9.120849609374999112e-01,-6.616210937500000000e-01,2.256713867187499778e-01
1.920288085937500000e+00,8.813476562500000000e-01,1.908813476562499778e-01
2.362084960937500089e+00,8.813476562500000000e-01,1.908813476562499778e-01
1.920288085937500000e+00,3.383789062500000000e-01,1.908813476562499778e-01
1.920288085937500000e+00,8.813476562500000000e-01,7.006713867187499556e-01
2.362084960937500089e+00,3.383789062500000000e-01,7.006713867187499556e-01
2.645288085937500089e+00,-6.186523437500000000e-01,9.033813476562500000e-01
1.870849609374999889e-01,-6.186523437500000000e-01,9.033813476562500000e-01
2.645288085937500089e+00,8.383789062500000000e-01,9.033813476562500000e-01
2.645288085937500089e+00,-6.186523437500000000e-01,9.381713867187500000e-01
1.870849609374999889e-01,8.383789062500000000e-01,9.381713867187500000e-01
1.195288085937500133e+00,3.813476562500000000e-01,4.283813476562499667e-01
1.637084960937500000e+00,3.813476562500000000e-01,4.283813476562499667e-01
1.195288085937500133e+00,-1.616210937500000000e-01,4.283813476562499667e-01
1.195288085937500133e+00,3.813476562500000000e-01,4.631713867187499667e-01
1.637084960937500000e+00,-1.616210937500000000e-01,4.631713867187499667e-01
8.327880859374999778e-01,-8.686523437500000000e-01,7.213134765624999722e-02
1.999584960937500044e+00,-8.686523437500000000e-01,7.213134765624999722e-02
8.327880859374999778e-01,-4.116210937500000000e-01,7.213134765624999722e-02
8.327880859374999778e-01,-8.686523437500000000e-01,1.069213867187499972e-01
1.999584960937500044e+00,-4.116210937500000000e-01,1.069213867187499972e-01
2.282788085937499822e+00,1.313476562500000000e-01,5.471313476562499334e-01
5.495849609374999778e-01,1.313476562500000000e-01,5.471313476562499334e-01
2.282788085937499822e+00,5.883789062500000000e-01,5.471313476562499334e-01
2.282788085937499822e+00,1.313476562500000000e-01,5.819213867187499334e-01
5.495849609374999778e-01,5.883789062500000000e-01,5.819213867187499334e-01
1.557788085937499956e+00,-3.686523437500000000e-01,3.096313476562500000e-01
2.724584960937499911e+00,-3.686523437500000000e-01,3.096313476562500000e-01
1.557788085937499956e+00,8.837890625000000000e-02,3.096313476562500000e-01
1.557788085937499956e+00,-3.686523437500000000e-01,8.194213867187499778e-01
2.724584960937499911e+00,8.837890625000000000e-02,8.194213867187499778e-01
1.077880859375000000e-01,6.313476562500000000e-01,7.846313476562499778e-01
1.274584960937499956e+00,6.313476562500000000e-01,7.846313476562499778e-01
1.077880859375000000e-01,-9.116210937500000000e-01,7.846313476562499778e-01
1.077880859375000000e-01,6.313476562500000000e-01,3.444213867187500000e-01
1.274584960937499956e+00,-9.116210937500000000e-01,3.444213867187500000e-01
1.106201171875000056e-01,-8.745117187500000000e-01,2.957153320312500000e-01
8.582763671875000000e-01,-8.745117187500000000e-01,2.957153320312500000e-01
1.106201171875000056e-01,-7.143554687500000000e-01,2.957153320312500000e-01
1.106201171875000056e-01,-8.745117187500000000e-01,1.653686523437500056e-01
8.582763671875000000e-01,-7.143554687500000000e-01,1.653686523437500056e-01
1.560620117187500044e+00,1.254882812500000000e-01,7.707153320312499778e-01
2.308276367187500178e+00,1.254882812500000000e-01,7.707153320312499778e-01
1.560620117187500044e+00,2.856445312500000000e-01,7.707153320312499778e-01
1.560620117187500044e+00,1.254882812500000000e-01,6.403686523437499556e-01
2.308276367187500178e+00,2.856445312500000000e-01,6.403686523437499556e-01
2.285620117187499911e+00,-3.745117187500000000e-01,5.821533203124999722e-02
1.332763671874999944e-01,-3.745117187500000000e-01,5.821533203124999722e-02
2.285620117187499911e+00,7.856445312500000000e-01,5.821533203124999722e-02
2.285620117187499911e+00,-3.745117187500000000e-01,8.778686523437500000e-01
1.332763671874999944e-01,7.856445312500000000e-01,8.778686523437500000e-01
8.356201171874999556e-01,6.254882812500000000e-01,5.332153320312499334e-01
1.583276367187500089e+00,6.254882812500000000e-01,5.332153320312499334e-01
8.356201171874999556e-01,-2.143554687500000000e-01,5.332153320312499334e-01
8.356201171874999556e-01,6.254882812500000000e-01,4.028686523437499667e-01
1.583276367187500089e+00,-2.143554687500000000e-01,4.028686523437499667e-01
1.198120117187500000e+00,-1.245117187500000000e-01,8.894653320312500000e-01
1.945776367187500133e+00,-1.245117187500000000e-01,8.894653320312500000e-01
1.198120117187500000e+00,-4.643554687500000000e-01,8.894653320312500000e-01
1.198120117187500000e+00,-1.245117187500000000e-01,4.661865234374999722e-02
1.945776367187500133e+00,-4.643554687500000000e-01,4.661865234374999722e-02
2.648120117187500178e+00,8.754882812500000000e-01,4.144653320312499667e-01
4.957763671874999556e-01,8.754882812500000000e-01,4.144653320312499667e-01
2.648120117187500178e+00,5.356445312500000000e-01,4.144653320312499667e-01
2.648120117187500178e+00,8.754882812500000000e-01,5.216186523437499334e-01
4.957763671874999556e-01,5.356445312500000000e-01,5.216186523437499334e-01
1.923120117187500089e+00,-6.245117187500000000e-01,6.519653320312499556e-01
2.670776367187500000e+00,-6.245117187500000000e-01,6.519653320312499556e-01
1.923120117187500089e+00,3.564453125000000000e-02,6.519653320312499556e-01
1.923120117187500089e+00,-6.245117187500000000e-01,7.591186523437499778e-01
2.670776367187500000e+00,3.564453125000000000e-02,7.591186523437499778e-01
4.731201171875000222e-01,3.754882812500000000e-01,1.769653320312500056e-01
1.220776367187500044e+00,3.754882812500000000e-01,1.769653320312500056e-01
4.731201171875000222e-01,-9.643554687500000000e-01,1.769653320312500056e-01
4.731201171875000222e-01,3.754882812500000000e-01,2.841186523437500000e-01
1.220776367187500044e+00,-9.643554687500000000e-01,2.841186523437500000e-01
6.543701171874999334e-01,-4.995117187500000000e-01,7.113403320312500222e-01
6.770263671874999778e-01,-4.995117187500000000e-01,7.113403320312500222e-01
6.543701171874999334e-01,4.106445312500000000e-01,7.113403320312500222e-01
6.543701171874999334e-01,-4.995117187500000000e-01,4.622436523437499778e-01
6.770263671874999778e-01,4.106445312500000000e-01,4.622436523437499778e-01
2.104370117187500000e+00,5.004882812500000000e-01,2.363403320312499889e-01
2.127026367187499822e+00,5.004882812500000000e-01,2.363403320312499889e-01
2.104370117187500000e+00,-5.893554687500000000e-01,2.363403320312499889e-01
2.104370117187500000e+00,5.004882812500000000e-01,9.372436523437499556e-01
2.127026367187499822e+00,-5.893554687500000000e-01,9.372436523437499556e-01
2.829370117187500089e+00,-9.995117187500000000e-01,9.488403320312499556e-01
1.402026367187499956e+00,-9.995117187500000000e-01,9.488403320312499556e-01
2.829370117187500089e+00,-8.935546875000000000e-02,9.488403320312499556e-01
2.829370117187500089e+00,-9.995117187500000000e-01,6.997436523437500222e-01
1.402026367187499956e+00,-8.935546875000000000e-02,6.997436523437500222e-01
1.379370117187500133e+00,4.882812500000000000e-04,4.738403320312499778e-01
2.852026367187499911e+00,4.882812500000000000e-04,4.738403320312499778e-01
1.379370117187500133e+00,9.106445312500000000e-01,4.738403320312499778e-01
1.379370117187500133e+00,4.882812500000000000e-04,2.247436523437499889e-01
2.852026367187499911e+00,9.106445312500000000e-01,2.247436523437499889e-01
1.016870117187500089e+00,-7.495117187500000000e-01,1.175903320312499944e-01
2.489526367187500089e+00,-7.495117187500000000e-01,1.175903320312499944e-01
1.016870117187500089e+00,6.606445312500000000e-01,1.175903320312499944e-01
1.016870117187500089e+00,-7.495117187500000000e-01,3.434936523437500111e-01
2.489526367187500089e+00,6.606445312500000000e-01,3.434936523437500111e-01
2.466870117187499822e+00,2.504882812500000000e-01,5.925903320312500000e-01
1.039526367187499911e+00,2.504882812500000000e-01,5.925903320312500000e-01
2.466870117187499822e+00,-3.393554687500000000e-01,5.925903320312500000e-01
2.466870117187499822e+00,2.504882812500000000e-01,8.184936523437499334e-01
1.039526367187499911e+00,-3.393554687500000000e-01,8.184936523437499334e-01
1.741870117187499956e+00,-2.495117187500000000e-01,3.550903320312500111e-01
1.764526367187500000e+00,-2.495117187500000000e-01,3.550903320312500111e-01
1.741870117187499956e+00,-8.393554687500000000e-01,3.550903320312500111e-01
1.741870117187499956e+00,-2.495117187500000000e-01,5.809936523437500000e-01
1.764526367187500000e+00,-8.393554687500000000e-01,5.809936523437500000e-01
2.918701171875000000e-01,7.504882812500000000e-01,8.300903320312499334e-01
3.145263671874999889e-01,7.504882812500000000e-01,8.300903320312499334e-01
2.918701171875000000e-01,1.606445312500000000e-01,8.300903320312499334e-01
2.918701171875000000e-01,7.504882812500000000e-01,1.059936523437499944e-01
3.145263671874999889e-01,1.606445312500000000e-01,1.059936523437499944e-01
3.824951171874999556e-01,-1.870117187500000000e-01,2.066528320312499833e-01
2.761401367187500178e+00,-1.870117187500000000e-01,2.066528320312499833e-01
3.824951171874999556e-01,-1.518554687500000000e-01,2.066528320312499833e-01
3.824951171874999556e-01,-1.870117187500000000e-01,7.888061523437499556e-01
2.761401367187500178e+00,-1.518554687500000000e-01,7.888061523437499556e-01
1.832495117187500133e+00,8.129882812500000000e-01,6.816528320312499334e-01
1.311401367187500000e+00,8.129882812500000000e-01,6.816528320312499334e-01
1.832495117187500133e+00,8.481445312500000000e-01,6.816528320312499334e-01
1.832495117187500133e+00,8.129882812500000000e-01,3.138061523437499778e-01
1.311401367187500000e+00,8.481445312500000000e-01,3.138061523437499778e-01
2.557495117187500000e+00,-6.870117187500000000e-01,4.441528320312500000e-01
2.036401367187500089e+00,-6.870117187500000000e-01,4.441528320312500000e-01
2.557495117187500000e+00,3.481445312500000000e-01,4.441528320312500000e-01
2.557495117187500000e+00,-6.870117187500000000e-01,7.630615234375000278e-02
2.036401367187500089e+00,3.481445312500000000e-01,7.630615234375000278e-02
1.107495117187500044e+00,3.129882812500000000e-01,9.191528320312499778e-01
5.864013671875000222e-01,3.129882812500000000e-01,9.191528320312499778e-01
1.107495117187500044e+00,-6.518554687500000000e-01,9.191528320312499778e-01
1.107495117187500044e+00,3.129882812500000000e-01,5.513061523437500222e-01
5.864013671875000222e-01,-6.518554687500000000e-01,5.513061523437500222e-01
1.469995117187500089e+00,-9.370117187500000000e-01,5.629028320312500222e-01
2.239013671875000056e-01,-9.370117187500000000e-01,5.629028320312500222e-01
1.469995117187500089e+00,-9.018554687500000000e-01,5.629028320312500222e-01
1.469995117187500089e+00,-9.370117187500000000e-01,9.075561523437499778e-01
2.239013671875000056e-01,-9.018554687500000000e-01,9.075561523437499778e-01
2.919995117187499822e+00,6.298828125000000000e-02,8.790283203125000278e-02
1.673901367187500044e+00,6.298828125000000000e-02,8.790283203125000278e-02
2.919995117187499822e+00,9.814453125000000000e-02,8.790283203125000278e-02
2.919995117187499822e+00,6.298828125000000000e-02,4.325561523437500000e-01
1.673901367187500044e+00,9.814453125000000000e-02,4.325561523437500000e-01
2.194995117187500178e+00,-4.370117187500000000e-01,8.004028320312499556e-01
9.489013671874999556e-01,-4.370117187500000000e-01,8.004028320312499556e-01
2.194995117187500178e+00,5.981445312500000000e-01,8.004028320312499556e-01
2.194995117187500178e+00,-4.370117187500000000e-01,1.950561523437499833e-01
9.489013671874999556e-01,5.981445312500000000e-01,1.950561523437499833e-01
7.449951171875000000e-01,5.629882812500000000e-01,3.254028320312499778e-01
2.398901367187499911e+00,5.629882812500000000e-01,3.254028320312499778e-01
7.449951171875000000e-01,-4.018554687500000000e-01,3.254028320312499778e-01
7.449951171875000000e-01,5.629882812500000000e-01,6.700561523437499334e-01
2.398901367187499911e+00,-4.018554687500000000e-01,6.700561523437499334e-01
5.637451171874999778e-01,-5.620117187500000000e-01,7.410278320312500000e-01
1.855151367187499956e+00,-5.620117187500000000e-01,7.410278320312500000e-01
5.637451171874999778e-01,9.731445312500000000e-01,7.410278320312500000e-01
5.637451171874999778e-01,-5.620117187500000000e-01,4.919311523437499556e-01
1.855151367187499956e+00,9.731445312500000000e-01,4.919311523437499556e-01
2.013745117187499822e+00,4.379882812500000000e-01,2.660278320312499667e-01
4.051513671875000000e-01,4.379882812500000000e-01,2.660278320312499667e-01
2.013745117187499822e+00,-2.685546875000000000e-02,2.660278320312499667e-01
2.013745117187499822e+00,4.379882812500000000e-01,1.693115234374999861e-02
4.051513671875000000e-01,-2.685546875000000000e-02,1.693115234374999861e-02
2.738745117187499911e+00,-6.201171875000000000e-02,5.035278320312499556e-01
2.580151367187499822e+00,-6.201171875000000000e-02,5.035278320312499556e-01
2.738745117187499911e+00,-5.268554687500000000e-01,5.035278320312499556e-01
2.738745117187499911e+00,-6.201171875000000000e-02,2.544311523437499667e-01
2.580151367187499822e+00,-5.268554687500000000e-01,2.544311523437499667e-01
1.288745117187499956e+00,9.379882812500000000e-01,2.852783203124999861e-02
1.130151367187500089e+00,9.379882812500000000e-01,2.852783203124999861e-02
1.288745117187499956e+00,4.731445312500000000e-01,2.852783203124999861e-02
1.288745117187499956e+00,9.379882812500000000e-01,7.294311523437500000e-01
1.130151367187500089e+00,4.731445312500000000e-01,7.294311523437500000e-01
9.262451171874999112e-01,-3.120117187500000000e-01,3.847778320312499889e-01
1.492651367187500133e+00,-3.120117187500000000e-01,3.847778320312499889e-01
9.262451171874999112e-01,2.231445312500000000e-01,3.847778320312499889e-01
9.262451171874999112e-01,-3.120117187500000000e-01,6.106811523437499778e-01
1.492651367187500133e+00,2.231445312500000000e-01,6.106811523437499778e-01
2.376245117187500089e+00,6.879882812500000000e-01,8.597778320312499112e-01
2.942651367187500089e+00,6.879882812500000000e-01,8.597778320312499112e-01
2.376245117187500089e+00,-7.768554687500000000e-01,8.597778320312499112e-01
2.376245117187500089e+00,6.879882812500000000e-01,1.356811523437500000e-01
2.942651367187500089e+00,-7.768554687500000000e-01,1.356811523437500000e-01
1.651245117187500000e+00,-8.120117187500000000e-01,1.472778320312500000e-01
7.676513671874999334e-01,-8.120117187500000000e-01,1.472778320312500000e-01
1.651245117187500000e+00,-2.768554687500000000e-01,1.472778320312500000e-01
1.651245117187500000e+00,-8.120117187500000000e-01,3.731811523437499889e-01
7.676513671874999334e-01,-2.768554687500000000e-01,3.731811523437499889e-01
2.012451171874999889e-01,1.879882812500000000e-01,6.222778320312499778e-01
2.217651367187500000e+00,1.879882812500000000e-01,6.222778320312499778e-01
2.012451171874999889e-01,7.231445312500000000e-01,6.222778320312499778e-01
2.012451171874999889e-01,1.879882812500000000e-01,8.481811523437499112e-01
2.217651367187500000e+00,7.231445312500000000e-01,8.481811523437499112e-01
2.465576171874999944e-01,-3.432617187500000000e-01,9.339965820312499112e-01
2.444213867187500000e+00,-3.432617187500000000e-01,9.339965820312499112e-01
2.465576171874999944e-01,-9.956054687500000000e-01,9.339965820312499112e-01
2.465576171874999944e-01,-3.432617187500000000e-01,7.145874023437499556e-01
2.444213867187500000e+00,-9.956054687500000000e-01,7.145874023437499556e-01
1.696557617187500089e+00,6.567382812500000000e-01,4.589965820312499889e-01
9.942138671874999334e-01,6.567382812500000000e-01,4.589965820312499889e-01
1.696557617187500089e+00,4.394531250000000000e-03,4.589965820312499889e-01
1.696557617187500089e+00,6.567382812500000000e-01,2.395874023437499778e-01
9.942138671874999334e-01,4.394531250000000000e-03,2.395874023437499778e-01
2.421557617187500178e+00,-8.432617187500000000e-01,6.964965820312499778e-01
1.719213867187500133e+00,-8.432617187500000000e-01,6.964965820312499778e-01
2.421557617187500178e+00,5.043945312500000000e-01,6.964965820312499778e-01
2.421557617187500178e+00,-8.432617187500000000e-01,2.087402343749999740e-03
1.719213867187500133e+00,5.043945312500000000e-01,2.087402343749999740e-03
9.715576171875000000e-01,1.567382812500000000e-01,2.214965820312500000e-01
2.692138671875000111e-01,1.567382812500000000e-01,2.214965820312500000e-01
9.715576171875000000e-01,-4.956054687500000000e-01,2.214965820312500000e-01
9.715576171875000000e-01,1.567382812500000000e-01,4.770874023437499667e-01
2.692138671875000111e-01,-4.956054687500000000e-01,4.770874023437499667e-01
1.334057617187500044e+00,-5.932617187500000000e-01,3.402465820312499667e-01
6.317138671875000000e-01,-5.932617187500000000e-01,3.402465820312499667e-01
1.334057617187500044e+00,-2.456054687500000000e-01,3.402465820312499667e-01
1.334057617187500044e+00,-5.932617187500000000e-01,8.333374023437499778e-01
6.317138671875000000e-01,-2.456054687500000000e-01,8.333374023437499778e-01
2.784057617187500000e+00,4.067382812500000000e-01,8.152465820312500000e-01
2.081713867187499734e+00,4.067382812500000000e-01,8.152465820312500000e-01
2.784057617187500000e+00,7.543945312500000000e-01,8.152465820312500000e-01
2.784057617187500000e+00,4.067382812500000000e-01,3.583374023437500000e-01
2.081713867187499734e+00,7.543945312500000000e-01,3.583374023437500000e-01
2.059057617187499911e+00,-9.326171875000000000e-02,1.027465820312499917e-01
1.356713867187500089e+00,-9.326171875000000000e-02,1.027465820312499917e-01
2.059057617187499911e+00,2.543945312500000000e-01,1.027465820312499917e-01
2.059057617187499911e+00,-9.326171875000000000e-02,1.208374023437499972e-01
1.356713867187500089e+00,2.543945312500000000e-01,1.208374023437499972e-01
6.090576171874999556e-01,9.067382812500000000e-01,5.777465820312499556e-01
2.806713867187499822e+00,9.067382812500000000e-01,5.777465820312499556e-01
6.090576171874999556e-01,-7.456054687500000000e-01,5.777465820312499556e-01
6.090576171874999556e-01,9.067382812500000000e-01,5.958374023437499334e-01
2.806713867187499822e+00,-7.456054687500000000e-01,5.958374023437499334e-01
7.903076171874999778e-01,-9.682617187500000000e-01,4.337158203125000139e-02
2.262963867187500089e+00,-9.682617187500000000e-01,4.337158203125000139e-02
7.903076171874999778e-01,1.293945312500000000e-01,4.337158203125000139e-02
7.903076171874999778e-01,-9.682617187500000000e-01,5.364624023437499778e-01
2.262963867187500089e+00,1.293945312500000000e-01,5.364624023437499778e-01
2.240307617187499822e+00,3.173828125000000000e-02,5.183715820312500000e-01
8.129638671874999112e-01,3.173828125000000000e-02,5.183715820312500000e-01
2.240307617187499822e+00,-8.706054687500000000e-01,5.183715820312500000e-01
2.240307617187499822e+00,3.173828125000000000e-02,6.146240234375000000e-02
8.129638671874999112e-01,-8.706054687500000000e-01,6.146240234375000000e-02
2.965307617187499911e+00,-4.682617187500000000e-01,2.808715820312500111e-01
2.987963867187500178e+00,-4.682617187500000000e-01,2.808715820312500111e-01
2.965307617187499911e+00,-3.706054687500000000e-01,2.808715820312500111e-01
2.965307617187499911e+00,-4.682617187500000000e-01,2.989624023437499889e-01
2.987963867187500178e+00,-3.706054687500000000e-01,2.989624023437499889e-01
1.515307617187499956e+00,5.317382812500000000e-01,7.558715820312499334e-01
1.537963867187500000e+00,5.317382812500000000e-01,7.558715820312499334e-01
1.515307617187499956e+00,6.293945312500000000e-01,7.558715820312499334e-01
1.515307617187499956e+00,5.317382812500000000e-01,7.739624023437499112e-01
1.537963867187500000e+00,6.293945312500000000e-01,7.739624023437499112e-01
1.152807617187500133e+00,-2.182617187500000000e-01,6.371215820312500222e-01
1.175463867187499956e+00,-2.182617187500000000e-01,6.371215820312500222e-01
1.152807617187500133e+00,8.793945312500000000e-01,6.371215820312500222e-01
1.152807617187500133e+00,-2.182617187500000000e-01,6.552124023437500000e-01
1.175463867187499956e+00,8.793945312500000000e-01,6.552124023437500000e-01
2.602807617187500089e+00,7.817382812500000000e-01,1.621215820312499889e-01
2.625463867187499911e+00,7.817382812500000000e-01,1.621215820312499889e-01
2.602807617187500089e+00,-1.206054687500000000e-01,1.621215820312499889e-01
2.602807617187500089e+00,7.817382812500000000e-01,1.802124023437499944e-01
2.625463867187499911e+00,-1.206054687500000000e-01,1.802124023437499944e-01
1.877807617187500000e+00,-7.182617187500000000e-01,8.746215820312499556e-01
4.504638671874999778e-01,-7.182617187500000000e-01,8.746215820312499556e-01
1.877807617187500000e+00,-6.206054687500000000e-01,8.746215820312499556e-01
1.877807617187500000e+00,-7.182617187500000000e-01,4.177124023437499556e-01
4.504638671874999778e-01,-6.206054687500000000e-01,4.177124023437499556e-01
4.278076171875000444e-01,2.817382812500000000e-01,3.996215820312499778e-01
1.900463867187500044e+00,2.817382812500000000e-01,3.996215820312499778e-01
4.278076171875000444e-01,3.793945312500000000e-01,3.996215820312499778e-01
4.278076171875000444e-01,2.817382812500000000e-01,8.927124023437499334e-01
1.900463867187500044e+00,3.793945312500000000e-01,8.927124023437499334e-01
3.371826171874999778e-01,-6.557617187500000000e-01,4.886840820312499667e-01
1.266088867187500133e+00,-6.557617187500000000e-01,4.886840820312499667e-01
3.371826171874999778e-01,-4.331054687500000000e-01,4.886840820312499667e-01
3.371826171874999778e-01,-6.557617187500000000e-01,2.098999023437500000e-01
1.266088867187500133e+00,-4.331054687500000000e-01,2.098999023437500000e-01
1.787182617187500044e+00,3.442382812500000000e-01,1.368408203124999931e-02
2.716088867187500089e+00,3.442382812500000000e-01,1.368408203124999931e-02
1.787182617187500044e+00,5.668945312500000000e-01,1.368408203124999931e-02
1.787182617187500044e+00,3.442382812500000000e-01,6.848999023437499778e-01
2.716088867187500089e+00,5.668945312500000000e-01,6.848999023437499778e-01
2.512182617187499911e+00,-1.557617187500000000e-01,7.261840820312499556e-01
5.410888671875000444e-01,-1.557617187500000000e-01,7.261840820312499556e-01
2.512182617187499911e+00,6.689453125000000000e-02,7.261840820312499556e-01
2.512182617187499911e+00,-1.557617187500000000e-01,9.223999023437499112e-01
5.410888671875000444e-01,6.689453125000000000e-02,9.223999023437499112e-01
1.062182617187499956e+00,8.442382812500000000e-01,2.511840820312499778e-01
1.991088867187500000e+00,8.442382812500000000e-01,2.511840820312499778e-01
1.062182617187499956e+00,-9.331054687500000000e-01,2.511840820312499778e-01
1.062182617187499956e+00,8.442382812500000000e-01,4.473999023437499889e-01
1.991088867187500000e+00,-9.331054687500000000e-01,4.473999023437499889e-01
1.424682617187500000e+00,-4.057617187500000000e-01,1.324340820312499833e-01
1.628588867187499956e+00,-4.057617187500000000e-01,1.324340820312499833e-01
1.424682617187500000e+00,-6.831054687500000000e-01,1.324340820312499833e-01
1.424682617187500000e+00,-4.057617187500000000e-01,9.114990234374999167e-02
1.628588867187499956e+00,-6.831054687500000000e-01,9.114990234374999167e-02
2.874682617187500178e+00,5.942382812500000000e-01,6.074340820312499334e-01
1.785888671875000000e-01,5.942382812500000000e-01,6.074340820312499334e-01
2.874682617187500178e+00,3.168945312500000000e-01,6.074340820312499334e-01
2.874682617187500178e+00,5.942382812500000000e-01,5.661499023437499556e-01
1.785888671875000000e-01,3.168945312500000000e-01,5.661499023437499556e-01
2.149682617187500089e+00,-9.057617187500000000e-01,3.699340820312500000e-01
2.353588867187499822e+00,-9.057617187500000000e-01,3.699340820312500000e-01
2.149682617187500089e+00,8.168945312500000000e-01,3.699340820312500000e-01
2.149682617187500089e+00,-9.057617187500000000e-01,8.036499023437500000e-01
2.353588867187499822e+00,8.168945312500000000e-01,8.036499023437500000e-01
6.996826171874999112e-01,9.423828125000000000e-02,8.449340820312499778e-01
9.035888671874999778e-01,9.423828125000000000e-02,8.449340820312499778e-01
6.996826171874999112e-01,-1.831054687500000000e-01,8.449340820312499778e-01
6.996826171874999112e-01,9.423828125000000000e-02,3.286499023437499667e-01
9.035888671874999778e-01,-1.831054687500000000e-01,3.286499023437499667e-01
5.184326171875000000e-01,-3.076171875000000000e-02,4.293090820312499556e-01
3.598388671875000222e-01,-3.076171875000000000e-02,4.293090820312499556e-01
5.184326171875000000e-01,6.918945312500000000e-01,4.293090820312499556e-01
5.184326171875000000e-01,-3.076171875000000000e-02,3.880249023437499778e-01
3.598388671875000222e-01,6.918945312500000000e-01,3.880249023437499778e-01
1.968432617187499956e+00,9.692382812500000000e-01,9.043090820312499334e-01
1.809838867187500089e+00,9.692382812500000000e-01,9.043090820312499334e-01
1.968432617187499956e+00,-3.081054687500000000e-01,9.043090820312499334e-01
1.968432617187499956e+00,9.692382812500000000e-01,8.630249023437499556e-01
1.809838867187500089e+00,-3.081054687500000000e-01,8.630249023437499556e-01
2.693432617187499822e+00,-5.307617187500000000e-01,1.918090820312499944e-01
1.084838867187500000e+00,-5.307617187500000000e-01,1.918090820312499944e-01
2.693432617187499822e+00,-8.081054687500000000e-01,1.918090820312499944e-01
2.693432617187499822e+00,-5.307617187500000000e-01,6.255249023437500222e-01
1.084838867187500000e+00,-8.081054687500000000e-01,6.255249023437500222e-01
1.243432617187500089e+00,4.692382812500000000e-01,6.668090820312500000e-01
2.534838867187500178e+00,4.692382812500000000e-01,6.668090820312500000e-01
1.243432617187500089e+00,1.918945312500000000e-01,6.668090820312500000e-01
1.243432617187500089e+00,4.692382812500000000e-01,1.505249023437499889e-01
2.534838867187500178e+00,1.918945312500000000e-01,1.505249023437499889e-01
8.809326171874999334e-01,-7.807617187500000000e-01,7.855590820312499112e-01
2.897338867187500000e+00,-7.807617187500000000e-01,7.855590820312499112e-01
8.809326171874999334e-01,4.418945312500000000e-01,7.855590820312499112e-01
8.809326171874999334e-01,-7.807617187500000000e-01,2.692749023437500111e-01
2.897338867187500000e+00,4.418945312500000000e-01,2.692749023437500111e-01
2.330932617187500000e+00,2.192382812500000000e-01,3.105590820312499889e-01
1.447338867187500044e+00,2.192382812500000000e-01,3.105590820312499889e-01
2.330932617187500000e+00,-5.581054687500000000e-01,3.105590820312499889e-01
2.330932617187500000e+00,2.192382812500000000e-01,7.442749023437499334e-01
1.447338867187500044e+00,-5.581054687500000000e-01,7.442749023437499334e-01
1.605932617187500133e+00,-2.807617187500000000e-01,5.480590820312499778e-01
2.172338867187499911e+00,-2.807617187500000000e-01,5.480590820312499778e-01
1.605932617187500133e+00,-5.810546875000000000e-02,5.480590820312499778e-01
1.605932617187500133e+00,-2.807617187500000000e-01,5.067749023437500000e-01
2.172338867187499911e+00,-5.810546875000000000e-02,5.067749023437500000e-01
1.559326171875000111e-01,7.192382812500000000e-01,7.305908203125000000e-02
7.223388671874999556e-01,7.192382812500000000e-01,7.305908203125000000e-02
1.559326171875000111e-01,9.418945312500000000e-01,7.305908203125000000e-02
1.559326171875000111e-01,7.192382812500000000e-01,3.177490234375000139e-02
7.223388671874999556e-01,9.418945312500000000e-01,3.177490234375000139e-02
1.785888671875000000e-01,-7.763671875000000000e-02,5.851684570312499778e-01
1.787182617187500044e+00,-7.763671875000000000e-02,5.851684570312499778e-01
1.785888671875000000e-01,2.001953125000000000e-02,5.851684570312499778e-01
1.785888671875000000e-01,-7.763671875000000000e-02,3.509155273437499778e-01
1.787182617187500044e+00,2.001953125000000000e-02,3.509155273437499778e-01
1.628588867187499956e+00,9.223632812500000000e-01,1.101684570312500000e-01
3.371826171874999778e-01,9.223632812500000000e-01,1.101684570312500000e-01
1.628588867187499956e+00,-9.799804687500000000e-01,1.101684570312500000e-01
1.628588867187499956e+00,9.223632812500000000e-01,8.259155273437499556e-01
3.371826171874999778e-01,-9.799804687500000000e-01,8.259155273437499556e-01
2.353588867187499822e+00,-5.776367187500000000e-01,8.226684570312499112e-01
2.512182617187499911e+00,-5.776367187500000000e-01,8.226684570312499112e-01
2.353588867187499822e+00,-4.799804687500000000e-01,8.226684570312499112e-01
2.353588867187499822e+00,-5.776367187500000000e-01,5.884155273437500222e-01
2.512182617187499911e+00,-4.799804687500000000e-01,5.884155273437500222e-01
9.035888671874999778e-01,4.223632812500000000e-01,3.476684570312499889e-01
1.062182617187499956e+00,4.223632812500000000e-01,3.476684570312499889e-01
9.035888671874999778e-01,5.200195312500000000e-01,3.476684570312499889e-01
9.035888671874999778e-01,4.223632812500000000e-01,1.134155273437499889e-01
1.062182617187499956e+00,5.200195312500000000e-01,1.134155273437499889e-01
1.266088867187500133e+00,-8.276367187500000000e-01,2.289184570312499944e-01
1.424682617187500000e+00,-8.276367187500000000e-01,2.289184570312499944e-01
1.266088867187500133e+00,7.700195312500000000e-01,2.289184570312499944e-01
1.266088867187500133e+00,-8.276367187500000000e-01,4.696655273437500000e-01
1.424682617187500000e+00,7.700195312500000000e-01,4.696655273437500000e-01
2.716088867187500089e+00,1.723632812500000000e-01,7.039184570312500000e-01
2.874682617187500178e+00,1.723632812500000000e-01,7.039184570312500000e-01
2.716088867187500089e+00,-2.299804687500000000e-01,7.039184570312500000e-01
2.716088867187500089e+00,1.723632812500000000e-01,9.446655273437499778e-01
2.874682617187500178e+00,-2.299804687500000000e-01,9.446655273437499778e-01
1.991088867187500000e+00,-3.276367187500000000e-01,4.664184570312499556e-01
6.996826171874999112e-01,-3.276367187500000000e-01,4.664184570312499556e-01
1.991088867187500000e+00,-7.299804687500000000e-01,4.664184570312499556e-01
1.991088867187500000e+00,-3.276367187500000000e-01,7.071655273437499334e-01
6.996826171874999112e-01,-7.299804687500000000e-01,7.071655273437499334e-01
5.410888671875000444e-01,6.723632812500000000e-01,9.414184570312499334e-01
2.149682617187500089e+00,6.723632812500000000e-01,9.414184570312499334e-01
5.410888671875000444e-01,2.700195312500000000e-01,9.414184570312499334e-01
5.410888671875000444e-01,6.723632812500000000e-01,2.321655273437499833e-01
2.149682617187500089e+00,2.700195312500000000e-01,2.321655273437499833e-01
7.223388671874999556e-01,-7.026367187500000000e-01,4.070434570312500000e-01
2.693432617187499822e+00,-7.026367187500000000e-01,4.070434570312500000e-01
7.223388671874999556e-01,-8.549804687500000000e-01,4.070434570312500000e-01
7.223388671874999556e-01,-7.026367187500000000e-01,5.404052734374999861e-02
2.693432617187499822e+00,-8.549804687500000000e-01,5.404052734374999861e-02
2.172338867187499911e+00,2.973632812500000000e-01,8.820434570312499778e-01
1.243432617187500089e+00,2.973632812500000000e-01,8.820434570312499778e-01
2.172338867187499911e+00,1.450195312500000000e-01,8.820434570312499778e-01
2.172338867187499911e+00,2.973632812500000000e-01,5.290405273437499556e-01
1.243432617187500089e+00,1.450195312500000000e-01,5.290405273437499556e-01
2.897338867187500000e+00,-2.026367187500000000e-01,1.695434570312499833e-01
1.968432617187499956e+00,-2.026367187500000000e-01,1.695434570312499833e-01
2.897338867187500000e+00,6.450195312500000000e-01,1.695434570312499833e-01
2.897338867187500000e+00,-2.026367187500000000e-01,7.665405273437500000e-01
1.968432617187499956e+00,6.450195312500000000e-01,7.665405273437500000e-01
1.447338867187500044e+00,7.973632812500000000e-01,6.445434570312499334e-01
5.184326171875000000e-01,7.973632812500000000e-01,6.445434570312499334e-01
1.447338867187500044e+00,-3.549804687500000000e-01,6.445434570312499334e-01
1.447338867187500044e+00,7.973632812500000000e-01,2.915405273437499667e-01
5.184326171875000000e-01,-3.549804687500000000e-01,2.915405273437499667e-01
1.084838867187500000e+00,-4.526367187500000000e-01,7.632934570312499556e-01
1.559326171875000111e-01,-4.526367187500000000e-01,7.632934570312499556e-01
1.084838867187500000e+00,-1.049804687500000000e-01,7.632934570312499556e-01
1.084838867187500000e+00,-4.526367187500000000e-01,1.727905273437500000e-01
1.559326171875000111e-01,-1.049804687500000000e-01,1.727905273437500000e-01
2.534838867187500178e+00,5.473632812500000000e-01,2.882934570312499778e-01
1.605932617187500133e+00,5.473632812500000000e-01,2.882934570312499778e-01
2.534838867187500178e+00,8.950195312500000000e-01,2.882934570312499778e-01
2.534838867187500178e+00,5.473632812500000000e-01,6.477905273437499778e-01
1.605932617187500133e+00,8.950195312500000000e-01,6.477905273437499778e-01
1.809838867187500089e+00,-9.526367187500000000e-01,5.257934570312500222e-01
8.809326171874999334e-01,-9.526367187500000000e-01,5.257934570312500222e-01
1.809838867187500089e+00,3.950195312500000000e-01,5.257934570312500222e-01
1.809838867187500089e+00,-9.526367187500000000e-01,8.852905273437499112e-01
8.809326171874999334e-01,3.950195312500000000e-01,8.852905273437499112e-01
3.598388671875000222e-01,4.736328125000000000e-02,5.079345703124999584e-02
2.330932617187500000e+00,4.736328125000000000e-02,5.079345703124999584e-02
3.598388671875000222e-01,-6.049804687500000000e-01,5.079345703124999584e-02
3.598388671875000222e-01,4.736328125000000000e-02,4.102905273437499889e-01
2.330932617187500000e+00,-6.049804687500000000e-01,4.102905273437499889e-01
4.504638671874999778e-01,-8.901367187500000000e-01,8.523559570312500000e-01
7.903076171874999778e-01,-8.901367187500000000e-01,8.523559570312500000e-01
4.504638671874999778e-01,5.825195312500000000e-01,8.523559570312500000e-01
4.504638671874999778e-01,-8.901367187500000000e-01,6.181030273437500000e-01
7.903076171874999778e-01,5.825195312500000000e-01,6.181030273437500000e-01
1.900463867187500044e+00,1.098632812500000000e-01,3.773559570312499667e-01
2.240307617187499822e+00,1.098632812500000000e-01,3.773559570312499667e-01
1.900463867187500044e+00,-4.174804687500000000e-01,3.773559570312499667e-01
1.900463867187500044e+00,1.098632812500000000e-01,1.431030273437499944e-01
2.240307617187499822e+00,-4.174804687500000000e-01,1.431030273437499944e-01
2.625463867187499911e+00,-3.901367187500000000e-01,6.148559570312499556e-01
1.515307617187499956e+00,-3.901367187500000000e-01,6.148559570312499556e-01
2.625463867187499911e+00,-9.174804687500000000e-01,6.148559570312499556e-01
2.625463867187499911e+00,-3.901367187500000000e-01,3.806030273437499556e-01
1.515307617187499956e+00,-9.174804687500000000e-01,3.806030273437499556e-01
1.175463867187499956e+00,6.098632812500000000e-01,1.398559570312500056e-01
2.965307617187499911e+00,6.098632812500000000e-01,1.398559570312500056e-01
1.175463867187499956e+00,8.251953125000000000e-02,1.398559570312500056e-01
1.175463867187499956e+00,6.098632812500000000e-01,8.556030273437499334e-01
2.965307617187499911e+00,8.251953125000000000e-02,8.556030273437499334e-01
1.537963867187500000e+00,-1.401367187500000000e-01,2.586059570312500000e-01
2.602807617187500089e+00,-1.401367187500000000e-01,2.586059570312500000e-01
1.537963867187500000e+00,3.325195312500000000e-01,2.586059570312500000e-01
1.537963867187500000e+00,-1.401367187500000000e-01,4.993530273437499778e-01
2.602807617187500089e+00,3.325195312500000000e-01,4.993530273437499778e-01
2.987963867187500178e+00,8.598632812500000000e-01,7.336059570312499778e-01
1.152807617187500133e+00,8.598632812500000000e-01,7.336059570312499778e-01
2.987963867187500178e+00,-6.674804687500000000e-01,7.336059570312499778e-01
2.987963867187500178e+00,8.598632812500000000e-01,2.435302734375000000e-02
1.152807617187500133e+00,-6.674804687500000000e-01,2.435302734375000000e-02
2.262963867187500089e+00,-6.401367187500000000e-01,2.110595703125000069e-02
1.877807617187500000e+00,-6.401367187500000000e-01,2.110595703125000069e-02
2.262963867187500089e+00,-1.674804687500000000e-01,2.110595703125000069e-02
2.262963867187500089e+00,-6.401367187500000000e-01,2.618530273437499889e-01
1.877807617187500000e+00,-1.674804687500000000e-01,2.618530273437499889e-01
8.129638671874999112e-01,3.598632812500000000e-01,4.961059570312499889e-01
4.278076171875000444e-01,3.598632812500000000e-01,4.961059570312499889e-01
8.129638671874999112e-01,8.325195312500000000e-01,4.961059570312499889e-01
8.129638671874999112e-01,3.598632812500000000e-01,7.368530273437499112e-01
4.278076171875000444e-01,8.325195312500000000e-01,7.368530273437499112e-01
6.317138671875000000e-01,-2.651367187500000000e-01,8.048095703124999445e-02
9.715576171875000000e-01,-2.651367187500000000e-01,8.048095703124999445e-02
6.317138671875000000e-01,-2.924804687500000000e-01,8.048095703124999445e-02
6.317138671875000000e-01,-2.651367187500000000e-01,9.149780273437500000e-01
9.715576171875000000e-01,-2.924804687500000000e-01,9.149780273437500000e-01
2.081713867187499734e+00,7.348632812500000000e-01,5.554809570312500000e-01
2.421557617187500178e+00,7.348632812500000000e-01,5.554809570312500000e-01
2.081713867187499734e+00,7.075195312500000000e-01,5.554809570312500000e-01
2.081713867187499734e+00,7.348632812500000000e-01,4.399780273437499667e-01
2.421557617187500178e+00,7.075195312500000000e-01,4.399780273437499667e-01
2.806713867187499822e+00,-7.651367187500000000e-01,3.179809570312500111e-01
2.465576171874999944e-01,-7.651367187500000000e-01,3.179809570312500111e-01
2.806713867187499822e+00,2.075195312500000000e-01,3.179809570312500111e-01
2.806713867187499822e+00,-7.651367187500000000e-01,2.024780273437499778e-01
2.465576171874999944e-01,2.075195312500000000e-01,2.024780273437499778e-01
1.356713867187500089e+00,2.348632812500000000e-01,7.929809570312499334e-01
1.696557617187500089e+00,2.348632812500000000e-01,7.929809570312499334e-01
1.356713867187500089e+00,-7.924804687500000000e-01,7.929809570312499334e-01
1.356713867187500089e+00,2.348632812500000000e-01,6.774780273437499556e-01
1.696557617187500089e+00,-7.924804687500000000e-01,6.774780273437499556e-01
9.942138671874999334e-01,-5.151367187500000000e-01,6.742309570312500222e-01
2.059057617187499911e+00,-5.151367187500000000e-01,6.742309570312500222e-01
9.942138671874999334e-01,-5.424804687500000000e-01,6.742309570312500222e-01
9.942138671874999334e-01,-5.151367187500000000e-01,7.962280273437499778e-01
2.059057617187499911e+00,-5.424804687500000000e-01,7.962280273437499778e-01
2.444213867187500000e+00,4.848632812500000000e-01,1.992309570312499889e-01
6.090576171874999556e-01,4.848632812500000000e-01,1.992309570312499889e-01
2.444213867187500000e+00,4.575195312500000000e-01,1.992309570312499889e-01
2.444213867187500000e+00,4.848632812500000000e-01,3.212280273437500000e-01
6.090576171874999556e-01,4.575195312500000000e-01,3.212280273437500000e-01
1.719213867187500133e+00,-1.513671875000000000e-02,9.117309570312499556e-01
2.784057617187500000e+00,-1.513671875000000000e-02,9.117309570312499556e-01
1.719213867187500133e+00,9.575195312500000000e-01,9.117309570312499556e-01
1.719213867187500133e+00,-1.513671875000000000e-02,8.372802734374999722e-02
2.784057617187500000e+00,9.575195312500000000e-01,8.372802734374999722e-02
2.692138671875000111e-01,9.848632812500000000e-01,4.367309570312499778e-01
1.334057617187500044e+00,9.848632812500000000e-01,4.367309570312499778e-01
2.692138671875000111e-01,-4.248046875000000000e-02,4.367309570312499778e-01
2.692138671875000111e-01,9.848632812500000000e-01,5.587280273437499334e-01
1.334057617187500044e+00,-4.248046875000000000e-02,5.587280273437499334e-01
2.239013671875000056e-01,-6.088867187500000000e-01,1.546997070312499944e-01
3.824951171874999556e-01,-6.088867187500000000e-01,1.546997070312499944e-01
2.239013671875000056e-01,3.012695312500000000e-01,1.546997070312499944e-01
2.239013671875000056e-01,-6.088867187500000000e-01,6.626342773437500222e-01
3.824951171874999556e-01,3.012695312500000000e-01,6.626342773437500222e-01
1.673901367187500044e+00,3.911132812500000000e-01,6.296997070312500000e-01
1.832495117187500133e+00,3.911132812500000000e-01,6.296997070312500000e-01
1.673901367187500044e+00,-6.987304687500000000e-01,6.296997070312500000e-01
1.673901367187500044e+00,3.911132812500000000e-01,1.876342773437499889e-01
1.832495117187500133e+00,-6.987304687500000000e-01,1.876342773437499889e-01
2.398901367187499911e+00,-1.088867187500000000e-01,3.921997070312499556e-01
1.107495117187500044e+00,-1.088867187500000000e-01,3.921997070312499556e-01
2.398901367187499911e+00,-1.987304687500000000e-01,3.921997070312499556e-01
2.398901367187499911e+00,-1.088867187500000000e-01,4.251342773437499778e-01
1.107495117187500044e+00,-1.987304687500000000e-01,4.251342773437499778e-01
9.489013671874999556e-01,8.911132812500000000e-01,8.671997070312499334e-01
2.557495117187500000e+00,8.911132812500000000e-01,8.671997070312499334e-01
9.489013671874999556e-01,8.012695312500000000e-01,8.671997070312499334e-01
9.489013671874999556e-01,8.911132812500000000e-01,9.001342773437499556e-01
2.557495117187500000e+00,8.012695312500000000e-01,9.001342773437499556e-01
1.311401367187500000e+00,-3.588867187500000000e-01,5.109497070312499778e-01
2.919995117187499822e+00,-3.588867187500000000e-01,5.109497070312499778e-01
1.311401367187500000e+00,5.512695312500000000e-01,5.109497070312499778e-01
1.311401367187500000e+00,-3.588867187500000000e-01,5.438842773437500000e-01
2.919995117187499822e+00,5.512695312500000000e-01,5.438842773437500000e-01
2.761401367187500178e+00,6.411132812500000000e-01,3.594970703125000000e-02
1.469995117187500089e+00,6.411132812500000000e-01,3.594970703125000000e-02
2.761401367187500178e+00,-4.487304687500000000e-01,3.594970703125000000e-02
2.761401367187500178e+00,6.411132812500000000e-01,6.888427734374999445e-02
1.469995117187500089e+00,-4.487304687500000000e-01,6.888427734374999445e-02
2.036401367187500089e+00,-8.588867187500000000e-01,7.484497070312499112e-01
2.194995117187500178e+00,-8.588867187500000000e-01,7.484497070312499112e-01
2.036401367187500089e+00,-9.487304687500000000e-01,7.484497070312499112e-01
2.036401367187500089e+00,-8.588867187500000000e-01,3.063842773437500111e-01
2.194995117187500178e+00,-9.487304687500000000e-01,3.063842773437500111e-01
5.864013671875000222e-01,1.411132812500000000e-01,2.734497070312499889e-01
7.449951171875000000e-01,1.411132812500000000e-01,2.734497070312499889e-01
5.864013671875000222e-01,5.126953125000000000e-02,2.734497070312499889e-01
5.864013671875000222e-01,1.411132812500000000e-01,7.813842773437499334e-01
7.449951171875000000e-01,5.126953125000000000e-02,7.813842773437499334e-01
7.676513671874999334e-01,-2.338867187500000000e-01,8.078247070312499778e-01
1.288745117187499956e+00,-2.338867187500000000e-01,8.078247070312499778e-01
7.676513671874999334e-01,-5.737304687500000000e-01,8.078247070312499778e-01
7.676513671874999334e-01,-2.338867187500000000e-01,8.407592773437500000e-01
1.288745117187499956e+00,-5.737304687500000000e-01,8.407592773437500000e-01
2.217651367187500000e+00,7.661132812500000000e-01,3.328247070312500000e-01
2.738745117187499911e+00,7.661132812500000000e-01,3.328247070312500000e-01
2.217651367187500000e+00,4.262695312500000000e-01,3.328247070312500000e-01
2.217651367187500000e+00,7.661132812500000000e-01,3.657592773437499667e-01
2.738745117187499911e+00,4.262695312500000000e-01,3.657592773437499667e-01
2.942651367187500089e+00,-7.338867187500000000e-01,5.703247070312499334e-01
5.637451171874999778e-01,-7.338867187500000000e-01,5.703247070312499334e-01
2.942651367187500089e+00,9.262695312500000000e-01,5.703247070312499334e-01
2.942651367187500089e+00,-7.338867187500000000e-01,1.282592773437500056e-01
5.637451171874999778e-01,9.262695312500000000e-01,1.282592773437500056e-01
1.492651367187500133e+00,2.661132812500000000e-01,9.532470703124999722e-02
2.013745117187499822e+00,2.661132812500000000e-01,9.532470703124999722e-02
1.492651367187500133e+00,-7.373046875000000000e-02,9.532470703124999722e-02
1.492651367187500133e+00,2.661132812500000000e-01,6.032592773437499556e-01
2.013745117187499822e+00,-7.373046875000000000e-02,6.032592773437499556e-01
1.130151367187500089e+00,-9.838867187500000000e-01,4.515747070312499667e-01
1.651245117187500000e+00,-9.838867187500000000e-01,4.515747070312499667e-01
1.130151367187500089e+00,-3.237304687500000000e-01,4.515747070312499667e-01
1.130151367187500089e+00,-9.838867187500000000e-01,7.220092773437499778e-01
1.651245117187500000e+00,-3.237304687500000000e-01,7.220092773437499778e-01
2.580151367187499822e+00,1.611328125000000000e-02,9.265747070312500000e-01
2.012451171874999889e-01,1.611328125000000000e-02,9.265747070312500000e-01
2.580151367187499822e+00,6.762695312500000000e-01,9.265747070312500000e-01
2.580151367187499822e+00,1.611328125000000000e-02,2.470092773437500000e-01
2.012451171874999889e-01,6.762695312500000000e-01,2.470092773437500000e-01
1.855151367187499956e+00,-4.838867187500000000e-01,2.140747070312499778e-01
2.376245117187500089e+00,-4.838867187500000000e-01,2.140747070312499778e-01
1.855151367187499956e+00,1.762695312500000000e-01,2.140747070312499778e-01
1.855151367187499956e+00,-4.838867187500000000e-01,9.509277343749998959e-03
2.376245117187500089e+00,1.762695312500000000e-01,9.509277343749998959e-03
4.051513671875000000e-01,5.161132812500000000e-01,6.890747070312499556e-01
9.262451171874999112e-01,5.161132812500000000e-01,6.890747070312499556e-01
4.051513671875000000e-01,-8.237304687500000000e-01,6.890747070312499556e-01
4.051513671875000000e-01,5.161132812500000000e-01,4.845092773437499889e-01
9.262451171874999112e-01,-8.237304687500000000e-01,4.845092773437499889e-01
3.145263671874999889e-01,-4.213867187500000000e-01,3.031372070312499667e-01
2.104370117187500000e+00,-4.213867187500000000e-01,3.031372070312499667e-01
3.145263671874999889e-01,8.637695312500000000e-01,3.031372070312499667e-01
3.145263671874999889e-01,-4.213867187500000000e-01,2.766967773437499778e-01
2.104370117187500000e+00,8.637695312500000000e-01,2.766967773437499778e-01
1.764526367187500000e+00,5.786132812500000000e-01,7.781372070312500000e-01
6.543701171874999334e-01,5.786132812500000000e-01,7.781372070312500000e-01
1.764526367187500000e+00,-1.362304687500000000e-01,7.781372070312500000e-01
1.764526367187500000e+00,5.786132812500000000e-01,7.516967773437499556e-01
6.543701171874999334e-01,-1.362304687500000000e-01,7.516967773437499556e-01
2.489526367187500089e+00,-9.213867187500000000e-01,6.563720703124999167e-02
2.829370117187500089e+00,-9.213867187500000000e-01,6.563720703124999167e-02
2.489526367187500089e+00,-6.362304687500000000e-01,6.563720703124999167e-02
2.489526367187500089e+00,-9.213867187500000000e-01,5.141967773437500222e-01
2.829370117187500089e+00,-6.362304687500000000e-01,5.141967773437500222e-01
1.039526367187499911e+00,7.861328125000000000e-02,5.406372070312499556e-01
1.379370117187500133e+00,7.861328125000000000e-02,5.406372070312499556e-01
1.039526367187499911e+00,3.637695312500000000e-01,5.406372070312499556e-01
1.039526367187499911e+00,7.861328125000000000e-02,3.919677734374999584e-02
1.379370117187500133e+00,3.637695312500000000e-01,3.919677734374999584e-02
1.402026367187499956e+00,-6.713867187500000000e-01,8.968872070312499112e-01
1.016870117187500089e+00,-6.713867187500000000e-01,8.968872070312499112e-01
1.402026367187499956e+00,1.137695312500000000e-01,8.968872070312499112e-01
1.402026367187499956e+00,-6.713867187500000000e-01,3.954467773437500000e-01
1.016870117187500089e+00,1.137695312500000000e-01,3.954467773437500000e-01
2.852026367187499911e+00,3.286132812500000000e-01,4.218872070312499889e-01
2.466870117187499822e+00,3.286132812500000000e-01,4.218872070312499889e-01
2.852026367187499911e+00,-8.862304687500000000e-01,4.218872070312499889e-01
2.852026367187499911e+00,3.286132812500000000e-01,8.704467773437499778e-01
2.466870117187499822e+00,-8.862304687500000000e-01,8.704467773437499778e-01
2.127026367187499822e+00,-1.713867187500000000e-01,6.593872070312499778e-01
2.918701171875000000e-01,-1.713867187500000000e-01,6.593872070312499778e-01
2.127026367187499822e+00,-3.862304687500000000e-01,6.593872070312499778e-01
2.127026367187499822e+00,-1.713867187500000000e-01,6.329467773437499334e-01
2.918701171875000000e-01,-3.862304687500000000e-01,6.329467773437499334e-01
6.770263671874999778e-01,8.286132812500000000e-01,1.843872070312500000e-01
1.741870117187499956e+00,8.286132812500000000e-01,1.843872070312500000e-01
6.770263671874999778e-01,6.137695312500000000e-01,1.843872070312500000e-01
6.770263671874999778e-01,8.286132812500000000e-01,1.579467773437499833e-01
1.741870117187499956e+00,6.137695312500000000e-01,1.579467773437499833e-01
4.957763671874999556e-01,-7.963867187500000000e-01,6.000122070312500222e-01
2.285620117187499911e+00,-7.963867187500000000e-01,6.000122070312500222e-01
4.957763671874999556e-01,-1.123046875000000000e-02,6.000122070312500222e-01
4.957763671874999556e-01,-7.963867187500000000e-01,9.857177734375000000e-02
2.285620117187499911e+00,-1.123046875000000000e-02,9.857177734375000000e-02
1.945776367187500133e+00,2.036132812500000000e-01,1.250122070312499889e-01
8.356201171874999556e-01,2.036132812500000000e-01,1.250122070312499889e-01
1.945776367187500133e+00,9.887695312500000000e-01,1.250122070312499889e-01
1.945776367187500133e+00,2.036132812500000000e-01,5.735717773437499778e-01
8.356201171874999556e-01,9.887695312500000000e-01,5.735717773437499778e-01
2.670776367187500000e+00,-2.963867187500000000e-01,8.375122070312499556e-01
1.560620117187500044e+00,-2.963867187500000000e-01,8.375122070312499556e-01
2.670776367187500000e+00,4.887695312500000000e-01,8.375122070312499556e-01
2.670776367187500000e+00,-2.963867187500000000e-01,8.110717773437499112e-01
1.560620117187500044e+00,4.887695312500000000e-01,8.110717773437499112e-01
1.220776367187500044e+00,7.036132812500000000e-01,3.625122070312499778e-01
1.106201171875000056e-01,7.036132812500000000e-01,3.625122070312499778e-01
1.220776367187500044e+00,-5.112304687500000000e-01,3.625122070312499778e-01
1.220776367187500044e+00,7.036132812500000000e-01,3.360717773437499889e-01
1.106201171875000056e-01,-5.112304687500000000e-01,3.360717773437499889e-01
8.582763671875000000e-01,-4.638671875000000000e-02,6.262207031249999653e-03
4.731201171875000222e-01,-4.638671875000000000e-02,6.262207031249999653e-03
8.582763671875000000e-01,-7.612304687500000000e-01,6.262207031249999653e-03
8.582763671875000000e-01,-4.638671875000000000e-02,2.173217773437499944e-01
4.731201171875000222e-01,-7.612304687500000000e-01,2.173217773437499944e-01
2.308276367187500178e+00,9.536132812500000000e-01,4.812622070312500000e-01
1.923120117187500089e+00,9.536132812500000000e-01,4.812622070312500000e-01
2.308276367187500178e+00,2.387695312500000000e-01,4.812622070312500000e-01
2.308276367187500178e+00,9.536132812500000000e-01,6.923217773437500000e-01
1.923120117187500089e+00,2.387695312500000000e-01,6.923217773437500000e-01
1.583276367187500089e+00,-5.463867187500000000e-01,2.437622070312499833e-01
1.198120117187500000e+00,-5.463867187500000000e-01,2.437622070312499833e-01
1.583276367187500089e+00,7.387695312500000000e-01,2.437622070312499833e-01
1.583276367187500089e+00,-5.463867187500000000e-01,9.298217773437499334e-01
1.198120117187500000e+00,7.387695312500000000e-01,9.298217773437499334e-01
1.332763671874999944e-01,4.536132812500000000e-01,7.187622070312499334e-01
2.648120117187500178e+00,4.536132812500000000e-01,7.187622070312499334e-01
1.332763671874999944e-01,-2.612304687500000000e-01,7.187622070312499334e-01
1.332763671874999944e-01,4.536132812500000000e-01,4.548217773437499556e-01
2.648120117187500178e+00,-2.612304687500000000e-01,4.548217773437499556e-01
1.446044921874999889e-01,-4.604492187500000000e-01,1.739501953125000000e-02
1.413354492187500089e+00,-4.604492187500000000e-01,1.739501953125000000e-02
1.446044921874999889e-01,5.278320312500000000e-01,1.739501953125000000e-02
1.446044921874999889e-01,-4.604492187500000000e-01,4.807983398437499778e-01
1.413354492187500089e+00,5.278320312500000000e-01,4.807983398437499778e-01
1.594604492187500000e+00,5.395507812500000000e-01,4.923950195312499778e-01
2.863354492187499822e+00,5.395507812500000000e-01,4.923950195312499778e-01
1.594604492187500000e+00,-4.721679687500000000e-01,4.923950195312499778e-01
1.594604492187500000e+00,5.395507812500000000e-01,5.798339843750000000e-03
2.863354492187499822e+00,-4.721679687500000000e-01,5.798339843750000000e-03
2.319604492187500089e+00,-9.604492187500000000e-01,2.548950195312499889e-01
6.883544921875000000e-01,-9.604492187500000000e-01,2.548950195312499889e-01
2.319604492187500089e+00,-9.721679687500000000e-01,2.548950195312499889e-01
2.319604492187500089e+00,-9.604492187500000000e-01,2.432983398437499889e-01
6.883544921875000000e-01,-9.721679687500000000e-01,2.432983398437499889e-01
8.696044921874999112e-01,3.955078125000000000e-02,7.298950195312499112e-01
2.138354492187500178e+00,3.955078125000000000e-02,7.298950195312499112e-01
8.696044921874999112e-01,2.783203125000000000e-02,7.298950195312499112e-01
8.696044921874999112e-01,3.955078125000000000e-02,7.182983398437499112e-01
2.138354492187500178e+00,2.783203125000000000e-02,7.182983398437499112e-01
1.232104492187499956e+00,-7.104492187500000000e-01,6.111450195312500000e-01
1.775854492187500133e+00,-7.104492187500000000e-01,6.111450195312500000e-01
1.232104492187499956e+00,2.778320312500000000e-01,6.111450195312500000e-01
1.232104492187499956e+00,-7.104492187500000000e-01,5.995483398437500000e-01
1.775854492187500133e+00,2.778320312500000000e-01,5.995483398437500000e-01
2.682104492187499911e+00,2.895507812500000000e-01,1.361450195312499944e-01
3.258544921875000111e-01,2.895507812500000000e-01,1.361450195312499944e-01
2.682104492187499911e+00,-7.221679687500000000e-01,1.361450195312499944e-01
2.682104492187499911e+00,2.895507812500000000e-01,1.245483398437499944e-01
3.258544921875000111e-01,-7.221679687500000000e-01,1.245483398437499944e-01
1.957104492187500044e+00,-2.104492187500000000e-01,8.486450195312499334e-01
2.500854492187500000e+00,-2.104492187500000000e-01,8.486450195312499334e-01
1.957104492187500044e+00,-2.221679687500000000e-01,8.486450195312499334e-01
1.957104492187500044e+00,-2.104492187500000000e-01,3.620483398437499556e-01
2.500854492187500000e+00,-2.221679687500000000e-01,3.620483398437499556e-01
5.071044921874999778e-01,7.895507812500000000e-01,3.736450195312499556e-01
1.050854492187500044e+00,7.895507812500000000e-01,3.736450195312499556e-01
5.071044921874999778e-01,7.778320312500000000e-01,3.736450195312499556e-01
5.071044921874999778e-01,7.895507812500000000e-01,8.370483398437499334e-01
1.050854492187500044e+00,7.778320312500000000e-01,8.370483398437499334e-01
6.883544921875000000e-01,-8.354492187500000000e-01,9.080200195312500000e-01
1.446044921874999889e-01,-8.354492187500000000e-01,9.080200195312500000e-01
6.883544921875000000e-01,-3.471679687500000000e-01,9.080200195312500000e-01
6.883544921875000000e-01,-8.354492187500000000e-01,7.776733398437499778e-01
1.446044921874999889e-01,-3.471679687500000000e-01,7.776733398437499778e-01
2.138354492187500178e+00,1.645507812500000000e-01,4.330200195312499667e-01
1.594604492187500000e+00,1.645507812500000000e-01,4.330200195312499667e-01
2.138354492187500178e+00,6.528320312500000000e-01,4.330200195312499667e-01
2.138354492187500178e+00,1.645507812500000000e-01,3.026733398437500000e-01
1.594604492187500000e+00,6.528320312500000000e-01,3.026733398437500000e-01
2.863354492187499822e+00,-3.354492187500000000e-01,6.705200195312499556e-01
8.696044921874999112e-01,-3.354492187500000000e-01,6.705200195312499556e-01
2.863354492187499822e+00,1.528320312500000000e-01,6.705200195312499556e-01
2.863354492187499822e+00,-3.354492187500000000e-01,6.517333984374999722e-02
8.696044921874999112e-01,1.528320312500000000e-01,6.517333984374999722e-02
1.413354492187500089e+00,6.645507812500000000e-01,1.955200195312499778e-01
2.319604492187500089e+00,6.645507812500000000e-01,1.955200195312499778e-01
1.413354492187500089e+00,-8.471679687500000000e-01,1.955200195312499778e-01
1.413354492187500089e+00,6.645507812500000000e-01,5.401733398437499334e-01
2.319604492187500089e+00,-8.471679687500000000e-01,5.401733398437499334e-01
1.050854492187500044e+00,-8.544921875000000000e-02,3.142700195312500000e-01
2.682104492187499911e+00,-8.544921875000000000e-02,3.142700195312500000e-01
1.050854492187500044e+00,-5.971679687500000000e-01,3.142700195312500000e-01
1.050854492187500044e+00,-8.544921875000000000e-02,8.964233398437500000e-01
2.682104492187499911e+00,-5.971679687500000000e-01,8.964233398437500000e-01
2.500854492187500000e+00,9.145507812500000000e-01,7.892700195312499778e-01
1.232104492187499956e+00,9.145507812500000000e-01,7.892700195312499778e-01
2.500854492187500000e+00,4.028320312500000000e-01,7.892700195312499778e-01
2.500854492187500000e+00,9.145507812500000000e-01,4.214233398437499667e-01
1.232104492187499956e+00,4.028320312500000000e-01,4.214233398437499667e-01
1.775854492187500133e+00,-5.854492187500000000e-01,7.677001953124999722e-02
1.957104492187500044e+00,-5.854492187500000000e-01,7.677001953124999722e-02
1.775854492187500133e+00,9.028320312500000000e-01,7.677001953124999722e-02
1.775854492187500133e+00,-5.854492187500000000e-01,1.839233398437499778e-01
1.957104492187500044e+00,9.028320312500000000e-01,1.839233398437499778e-01
3.258544921875000111e-01,4.145507812500000000e-01,5.517700195312499334e-01
5.071044921874999778e-01,4.145507812500000000e-01,5.517700195312499334e-01
3.258544921875000111e-01,-9.716796875000000000e-02,5.517700195312499334e-01
3.258544921875000111e-01,4.145507812500000000e-01,6.589233398437499556e-01
5.071044921874999778e-01,-9.716796875000000000e-02,6.589233398437499556e-01
4.164794921875000222e-01,-5.229492187500000000e-01,4.627075195312500000e-01
2.591479492187500178e+00,-5.229492187500000000e-01,4.627075195312500000e-01
4.164794921875000222e-01,9.033203125000000000e-02,4.627075195312500000e-01
4.164794921875000222e-01,-5.229492187500000000e-01,4.511108398437500000e-01
2.591479492187500178e+00,9.033203125000000000e-02,4.511108398437500000e-01
1.866479492187500089e+00,4.770507812500000000e-01,9.377075195312499778e-01
1.141479492187500000e+00,4.770507812500000000e-01,9.377075195312499778e-01
1.866479492187500089e+00,-9.096679687500000000e-01,9.377075195312499778e-01
1.866479492187500089e+00,4.770507812500000000e-01,9.261108398437499778e-01
1.141479492187500000e+00,-9.096679687500000000e-01,9.261108398437499778e-01
2.591479492187500178e+00,-2.294921875000000000e-02,2.252075195312499833e-01
1.866479492187500089e+00,-2.294921875000000000e-02,2.252075195312499833e-01
2.591479492187500178e+00,-4.096679687500000000e-01,2.252075195312499833e-01
2.591479492187500178e+00,-2.294921875000000000e-02,6.886108398437499334e-01
1.866479492187500089e+00,-4.096679687500000000e-01,6.886108398437499334e-01
1.141479492187500000e+00,9.770507812500000000e-01,7.002075195312499334e-01
4.164794921875000222e-01,9.770507812500000000e-01,7.002075195312499334e-01
1.141479492187500000e+00,5.903320312500000000e-01,7.002075195312499334e-01
1.141479492187500000e+00,9.770507812500000000e-01,2.136108398437499833e-01
4.164794921875000222e-01,5.903320312500000000e-01,2.136108398437499833e-01
1.503979492187500044e+00,-2.729492187500000000e-01,8.189575195312499556e-01
7.789794921874999556e-01,-2.729492187500000000e-01,8.189575195312499556e-01
1.503979492187500044e+00,8.403320312500000000e-01,8.189575195312499556e-01
1.503979492187500044e+00,-2.729492187500000000e-01,3.323608398437499778e-01
7.789794921874999556e-01,8.403320312500000000e-01,3.323608398437499778e-01
2.953979492187500000e+00,7.270507812500000000e-01,3.439575195312499778e-01
2.228979492187499911e+00,7.270507812500000000e-01,3.439575195312499778e-01
2.953979492187500000e+00,-1.596679687500000000e-01,3.439575195312499778e-01
2.953979492187500000e+00,7.270507812500000000e-01,8.073608398437499556e-01
2.228979492187499911e+00,-1.596679687500000000e-01,8.073608398437499556e-01
2.228979492187499911e+00,-7.729492187500000000e-01,5.814575195312500222e-01
1.503979492187500044e+00,-7.729492187500000000e-01,5.814575195312500222e-01
2.228979492187499911e+00,-6.596679687500000000e-01,5.814575195312500222e-01
2.228979492187499911e+00,-7.729492187500000000e-01,5.698608398437500222e-01
1.503979492187500044e+00,-6.596679687500000000e-01,5.698608398437500222e-01
7.789794921874999556e-01,2.270507812500000000e-01,1.064575195312499889e-01
2.953979492187500000e+00,2.270507812500000000e-01,1.064575195312499889e-01
7.789794921874999556e-01,3.403320312500000000e-01,1.064575195312499889e-01
7.789794921874999556e-01,2.270507812500000000e-01,9.486083984374998890e-02
2.953979492187500000e+00,3.403320312500000000e-01,9.486083984374998890e-02
5.977294921875000444e-01,-1.479492187500000000e-01,5.220825195312499556e-01
2.047729492187500000e+00,-1.479492187500000000e-01,5.220825195312499556e-01
5.977294921875000444e-01,-7.846679687500000000e-01,5.220825195312499556e-01
5.977294921875000444e-01,-1.479492187500000000e-01,1.542358398437500000e-01
2.047729492187500000e+00,-7.846679687500000000e-01,1.542358398437500000e-01
2.047729492187500000e+00,8.520507812500000000e-01,4.708251953124999861e-02
5.977294921875000444e-01,8.520507812500000000e-01,4.708251953124999861e-02
2.047729492187500000e+00,2.153320312500000000e-01,4.708251953124999861e-02
2.047729492187500000e+00,8.520507812500000000e-01,6.292358398437499778e-01
5.977294921875000444e-01,2.153320312500000000e-01,6.292358398437499778e-01
2.772729492187500089e+00,-6.479492187500000000e-01,7.595825195312500000e-01
2.772729492187500089e+00,-6.479492187500000000e-01,7.595825195312500000e-01
2.772729492187500089e+00,7.153320312500000000e-01,7.595825195312500000e-01
2.772729492187500089e+00,-6.479492187500000000e-01,8.667358398437499112e-01
2.772729492187500089e+00,7.153320312500000000e-01,8.667358398437499112e-01
1.322729492187500133e+00,3.520507812500000000e-01,2.845825195312499667e-01
1.322729492187500133e+00,3.520507812500000000e-01,2.845825195312499667e-01
1.322729492187500133e+00,-2.846679687500000000e-01,2.845825195312499667e-01
1.322729492187500133e+00,3.520507812500000000e-01,3.917358398437499889e-01
1.322729492187500133e+00,-2.846679687500000000e-01,3.917358398437499889e-01
9.602294921874999778e-01,-8.979492187500000000e-01,1.658325195312500000e-01
9.602294921874999778e-01,-8.979492187500000000e-01,1.658325195312500000e-01
9.602294921874999778e-01,-3.466796875000000000e-02,1.658325195312500000e-01
9.602294921874999778e-01,-8.979492187500000000e-01,3.548583984374999861e-02
9.602294921874999778e-01,-3.466796875000000000e-02,3.548583984374999861e-02
2.410229492187499822e+00,1.020507812500000000e-01,6.408325195312499778e-01
2.410229492187499822e+00,1.020507812500000000e-01,6.408325195312499778e-01
2.410229492187499822e+00,9.653320312500000000e-01,6.408325195312499778e-01
2.410229492187499822e+00,1.020507812500000000e-01,5.104858398437499556e-01
2.410229492187499822e+00,9.653320312500000000e-01,5.104858398437499556e-01
1.685229492187499956e+00,-3.979492187500000000e-01,4.033325195312499889e-01
2.352294921875000000e-01,-3.979492187500000000e-01,4.033325195312499889e-01
1.685229492187499956e+00,4.653320312500000000e-01,4.033325195312499889e-01
1.685229492187499956e+00,-3.979492187500000000e-01,7.479858398437500000e-01
2.352294921875000000e-01,4.653320312500000000e-01,7.479858398437500000e-01
2.352294921875000000e-01,6.020507812500000000e-01,8.783325195312499112e-01
1.685229492187499956e+00,6.020507812500000000e-01,8.783325195312499112e-01
2.352294921875000000e-01,-5.346679687500000000e-01,8.783325195312499112e-01
2.352294921875000000e-01,6.020507812500000000e-01,2.729858398437499667e-01
1.685229492187499956e+00,-5.346679687500000000e-01,2.729858398437499667e-01
2.805419921874999778e-01,-9.916992187500000000e-01,6.556762695312500222e-01
2.999291992187500089e+00,-9.916992187500000000e-01,6.556762695312500222e-01
2.805419921874999778e-01,8.090820312500000000e-01,6.556762695312500222e-01
2.805419921874999778e-01,-9.916992187500000000e-01,4.065795898437499778e-01
2.999291992187500089e+00,8.090820312500000000e-01,4.065795898437499778e-01
1.730541992187500044e+00,8.300781250000000000e-03,1.806762695312499889e-01
1.549291992187500133e+00,8.300781250000000000e-03,1.806762695312499889e-01
1.730541992187500044e+00,-1.909179687500000000e-01,1.806762695312499889e-01
1.730541992187500044e+00,8.300781250000000000e-03,8.815795898437499556e-01
1.549291992187500133e+00,-1.909179687500000000e-01,8.815795898437499556e-01
2.455541992187499911e+00,-4.916992187500000000e-01,8.931762695312499556e-01
2.274291992187500000e+00,-4.916992187500000000e-01,8.931762695312499556e-01
2.455541992187499911e+00,-6.909179687500000000e-01,8.931762695312499556e-01
2.455541992187499911e+00,-4.916992187500000000e-01,6.440795898437500222e-01
2.274291992187500000e+00,-6.909179687500000000e-01,6.440795898437500222e-01
1.005541992187499956e+00,5.083007812500000000e-01,4.181762695312499778e-01
8.242919921874999334e-01,5.083007812500000000e-01,4.181762695312499778e-01
1.005541992187499956e+00,3.090820312500000000e-01,4.181762695312499778e-01
1.005541992187499956e+00,5.083007812500000000e-01,1.690795898437499889e-01
8.242919921874999334e-01,3.090820312500000000e-01,1.690795898437499889e-01
1.368041992187500000e+00,-2.416992187500000000e-01,6.192626953124999445e-02
4.617919921875000000e-01,-2.416992187500000000e-01,6.192626953124999445e-02
1.368041992187500000e+00,5.908203125000000000e-02,6.192626953124999445e-02
1.368041992187500000e+00,-2.416992187500000000e-01,2.878295898437500111e-01
4.617919921875000000e-01,5.908203125000000000e-02,2.878295898437500111e-01
2.818041992187500178e+00,7.583007812500000000e-01,5.369262695312500000e-01
1.911791992187499956e+00,7.583007812500000000e-01,5.369262695312500000e-01
2.818041992187500178e+00,-9.409179687500000000e-01,5.369262695312500000e-01
2.818041992187500178e+00,7.583007812500000000e-01,7.628295898437499334e-01
1.911791992187499956e+00,-9.409179687500000000e-01,7.628295898437499334e-01
2.093041992187500089e+00,-7.416992187500000000e-01,2.994262695312500111e-01
1.186791992187500089e+00,-7.416992187500000000e-01,2.994262695312500111e-01
2.093041992187500089e+00,-4.409179687500000000e-01,2.994262695312500111e-01
2.093041992187500089e+00,-7.416992187500000000e-01,5.253295898437500000e-01
1.186791992187500089e+00,-4.409179687500000000e-01,5.253295898437500000e-01
6.430419921874999112e-01,2.583007812500000000e-01,7.744262695312499334e-01
2.636791992187499822e+00,2.583007812500000000e-01,7.744262695312499334e-01
6.430419921874999112e-01,5.590820312500000000e-01,7.744262695312499334e-01
6.430419921874999112e-01,2.583007812500000000e-01,5.032958984374999445e-02
2.636791992187499822e+00,5.590820312500000000e-01,5.032958984374999445e-02
8.242919921874999334e-01,-3.666992187500000000e-01,2.400512695312500000e-01
1.730541992187500044e+00,-3.666992187500000000e-01,2.400512695312500000e-01
8.242919921874999334e-01,-6.591796875000000000e-02,2.400512695312500000e-01
8.242919921874999334e-01,-3.666992187500000000e-01,2.284545898437500000e-01
1.730541992187500044e+00,-6.591796875000000000e-02,2.284545898437500000e-01
2.274291992187500000e+00,6.333007812500000000e-01,7.150512695312499778e-01
2.805419921874999778e-01,6.333007812500000000e-01,7.150512695312499778e-01
2.274291992187500000e+00,9.340820312500000000e-01,7.150512695312499778e-01
2.274291992187500000e+00,6.333007812500000000e-01,7.034545898437499778e-01
2.805419921874999778e-01,9.340820312500000000e-01,7.034545898437499778e-01
2.999291992187500089e+00,-8.666992187500000000e-01,2.551269531249999827e-03
2.455541992187499911e+00,-8.666992187500000000e-01,2.551269531249999827e-03
2.999291992187500089e+00,4.340820312500000000e-01,2.551269531249999827e-03
2.999291992187500089e+00,-8.666992187500000000e-01,9.409545898437499112e-01
2.455541992187499911e+00,4.340820312500000000e-01,9.409545898437499112e-01
1.549291992187500133e+00,1.333007812500000000e-01,4.775512695312499889e-01
1.005541992187499956e+00,1.333007812500000000e-01,4.775512695312499889e-01
1.549291992187500133e+00,-5.659179687500000000e-01,4.775512695312499889e-01
1.549291992187500133e+00,1.333007812500000000e-01,4.659545898437499889e-01
1.005541992187499956e+00,-5.659179687500000000e-01,4.659545898437499889e-01
1.186791992187500089e+00,-6.166992187500000000e-01,8.338012695312500000e-01
1.368041992187500000e+00,-6.166992187500000000e-01,8.338012695312500000e-01
1.186791992187500089e+00,-8.159179687500000000e-01,8.338012695312500000e-01
1.186791992187500089e+00,-6.166992187500000000e-01,1.097045898437499917e-01
1.368041992187500000e+00,-8.159179687500000000e-01,1.097045898437499917e-01
2.636791992187499822e+00,3.833007812500000000e-01,3.588012695312499667e-01
2.818041992187500178e+00,3.833007812500000000e-01,3.588012695312499667e-01
2.636791992187499822e+00,1.840820312500000000e-01,3.588012695312499667e-01
2.636791992187499822e+00,3.833007812500000000e-01,5.847045898437499556e-01
2.818041992187500178e+00,1.840820312500000000e-01,5.847045898437499556e-01
1.911791992187499956e+00,-1.166992187500000000e-01,5.963012695312499556e-01
6.430419921874999112e-01,-1.166992187500000000e-01,5.963012695312499556e-01
1.911791992187499956e+00,6.840820312500000000e-01,5.963012695312499556e-01
1.911791992187499956e+00,-1.166992187500000000e-01,8.222045898437500000e-01
6.430419921874999112e-01,6.840820312500000000e-01,8.222045898437500000e-01
4.617919921875000000e-01,8.833007812500000000e-01,1.213012695312499917e-01
2.093041992187500089e+00,8.833007812500000000e-01,1.213012695312499917e-01
4.617919921875000000e-01,-3.159179687500000000e-01,1.213012695312499917e-01
4.617919921875000000e-01,8.833007812500000000e-01,3.472045898437499667e-01
2.093041992187500089e+00,-3.159179687500000000e-01,3.472045898437499667e-01
3.711669921875000444e-01,-5.419921875000000000e-02,7.447387695312499556e-01
1.096166992187499911e+00,-5.419921875000000000e-02,7.447387695312499556e-01
3.711669921875000444e-01,3.715820312500000000e-01,7.447387695312499556e-01
3.711669921875000444e-01,-5.419921875000000000e-02,5.550170898437499778e-01
1.096166992187499911e+00,3.715820312500000000e-01,5.550170898437499778e-01
1.821166992187500000e+00,9.458007812500000000e-01,2.697387695312499778e-01
2.546166992187500089e+00,9.458007812500000000e-01,2.697387695312499778e-01
1.821166992187500000e+00,-6.284179687500000000e-01,2.697387695312499778e-01
1.821166992187500000e+00,9.458007812500000000e-01,8.001708984375000000e-02
2.546166992187500089e+00,-6.284179687500000000e-01,8.001708984375000000e-02
2.546166992187500089e+00,-5.541992187500000000e-01,5.072387695312500222e-01
3.711669921875000444e-01,-5.541992187500000000e-01,5.072387695312500222e-01
2.546166992187500089e+00,-1.284179687500000000e-01,5.072387695312500222e-01
2.546166992187500089e+00,-5.541992187500000000e-01,3.175170898437499889e-01
3.711669921875000444e-01,-1.284179687500000000e-01,3.175170898437499889e-01
1.096166992187499911e+00,4.458007812500000000e-01,3.223876953124999584e-02
1.821166992187500000e+00,4.458007812500000000e-01,3.223876953124999584e-02
1.096166992187499911e+00,8.715820312500000000e-01,3.223876953124999584e-02
1.096166992187499911e+00,4.458007812500000000e-01,7.925170898437499112e-01
1.821166992187500000e+00,8.715820312500000000e-01,7.925170898437499112e-01
1.458666992187499956e+00,-8.041992187500000000e-01,3.884887695312500000e-01
2.183666992187499822e+00,-8.041992187500000000e-01,3.884887695312500000e-01
1.458666992187499956e+00,6.215820312500000000e-01,3.884887695312500000e-01
1.458666992187499956e+00,-8.041992187500000000e-01,6.737670898437500000e-01
2.183666992187499822e+00,6.215820312500000000e-01,6.737670898437500000e-01
2.908666992187499911e+00,1.958007812500000000e-01,8.634887695312499778e-01
7.336669921874999778e-01,1.958007812500000000e-01,8.634887695312499778e-01
2.908666992187499911e+00,-3.784179687500000000e-01,8.634887695312499778e-01
2.908666992187499911e+00,1.958007812500000000e-01,1.987670898437499944e-01
7.336669921874999778e-01,-3.784179687500000000e-01,1.987670898437499944e-01
2.183666992187499822e+00,-3.041992187500000000e-01,1.509887695312499833e-01
2.908666992187499911e+00,-3.041992187500000000e-01,1.509887695312499833e-01
2.183666992187499822e+00,-8.784179687500000000e-01,1.509887695312499833e-01
2.183666992187499822e+00,-3.041992187500000000e-01,4.362670898437499556e-01
2.908666992187499911e+00,-8.784179687500000000e-01,4.362670898437499556e-01
7.336669921874999778e-01,6.958007812500000000e-01,6.259887695312499334e-01
1.458666992187499956e+00,6.958007812500000000e-01,6.259887695312499334e-01
7.336669921874999778e-01,1.215820312500000000e-01,6.259887695312499334e-01
7.336669921874999778e-01,6.958007812500000000e-01,9.112670898437499334e-01
1.458666992187499956e+00,1.215820312500000000e-01,9.112670898437499334e-01
5.524169921874999556e-01,-6.791992187500000000e-01,2.103637695312499944e-01
5.524169921874999556e-01,-6.791992187500000000e-01,2.103637695312499944e-01
5.524169921874999556e-01,-5.034179687500000000e-01,2.103637695312499944e-01
5.524169921874999556e-01,-6.791992187500000000e-01,7.331420898437499556e-01
5.524169921874999556e-01,-5.034179687500000000e-01,7.331420898437499556e-01
2.002416992187499911e+00,3.208007812500000000e-01,6.853637695312500000e-01
2.002416992187499911e+00,3.208007812500000000e-01,6.853637695312500000e-01
2.002416992187499911e+00,4.965820312500000000e-01,6.853637695312500000e-01
2.002416992187499911e+00,3.208007812500000000e-01,2.581420898437499778e-01
2.002416992187499911e+00,4.965820312500000000e-01,2.581420898437499778e-01
2.727416992187500000e+00,-1.791992187500000000e-01,4.478637695312499556e-01
1.277416992187500044e+00,-1.791992187500000000e-01,4.478637695312499556e-01
2.727416992187500000e+00,9.965820312500000000e-01,4.478637695312499556e-01
2.727416992187500000e+00,-1.791992187500000000e-01,2.064208984374999931e-02
1.277416992187500044e+00,9.965820312500000000e-01,2.064208984374999931e-02
1.277416992187500044e+00,8.208007812500000000e-01,9.228637695312499334e-01
2.727416992187500000e+00,8.208007812500000000e-01,9.228637695312499334e-01
1.277416992187500044e+00,-3.417968750000000000e-03,9.228637695312499334e-01
1.277416992187500044e+00,8.208007812500000000e-01,4.956420898437499667e-01
2.727416992187500000e+00,-3.417968750000000000e-03,4.956420898437499667e-01
9.149169921875000000e-01,-4.291992187500000000e-01,5.666137695312499778e-01
2.364916992187500178e+00,-4.291992187500000000e-01,5.666137695312499778e-01
9.149169921875000000e-01,-2.534179687500000000e-01,5.666137695312499778e-01
9.149169921875000000e-01,-4.291992187500000000e-01,8.518920898437499778e-01
2.364916992187500178e+00,-2.534179687500000000e-01,8.518920898437499778e-01
2.364916992187500178e+00,5.708007812500000000e-01,9.161376953125000000e-02
9.149169921875000000e-01,5.708007812500000000e-01,9.161376953125000000e-02
2.364916992187500178e+00,7.465820312500000000e-01,9.161376953125000000e-02
2.364916992187500178e+00,5.708007812500000000e-01,3.768920898437500000e-01
9.149169921875000000e-01,7.465820312500000000e-01,3.768920898437500000e-01
1.639916992187500089e+00,-9.291992187500000000e-01,8.041137695312499112e-01
1.639916992187500089e+00,-9.291992187500000000e-01,8.041137695312499112e-01
1.639916992187500089e+00,2.465820312500000000e-01,8.041137695312499112e-01
1.639916992187500089e+00,-9.291992187500000000e-01,1.393920898437499833e-01
1.639916992187500089e+00,2.465820312500000000e-01,1.393920898437499833e-01
1.899169921875000222e-01,7.080078125000000000e-02,3.291137695312499889e-01
1.899169921875000222e-01,7.080078125000000000e-02,3.291137695312499889e-01
1.899169921875000222e-01,-7.534179687500000000e-01,3.291137695312499889e-01
1.899169921875000222e-01,7.080078125000000000e-02,6.143920898437499334e-01
1.899169921875000222e-01,-7.534179687500000000e-01,6.143920898437499334e-01
1.672607421875000056e-01,-7.260742187500000000e-01,7.966918945312500000e-01
1.979760742187500089e+00,-7.260742187500000000e-01,7.966918945312500000e-01
1.672607421875000056e-01,-2.065429687500000000e-01,7.966918945312500000e-01
1.672607421875000056e-01,-7.260742187500000000e-01,9.038452148437499112e-01
1.979760742187500089e+00,-2.065429687500000000e-01,9.038452148437499112e-01
1.617260742187500044e+00,2.739257812500000000e-01,3.216918945312499667e-01
5.297607421875000222e-01,2.739257812500000000e-01,3.216918945312499667e-01
1.617260742187500044e+00,7.934570312500000000e-01,3.216918945312499667e-01
1.617260742187500044e+00,2.739257812500000000e-01,4.288452148437499889e-01
5.297607421875000222e-01,7.934570312500000000e-01,4.288452148437499889e-01
2.342260742187499911e+00,-2.260742187500000000e-01,5.591918945312499556e-01
2.704760742187500178e+00,-2.260742187500000000e-01,5.591918945312499556e-01
2.342260742187499911e+00,2.934570312500000000e-01,5.591918945312499556e-01
2.342260742187499911e+00,-2.260742187500000000e-01,1.913452148437500000e-01
2.704760742187500178e+00,2.934570312500000000e-01,1.913452148437500000e-01
8.922607421874999556e-01,7.739257812500000000e-01,8.419189453124999167e-02
1.254760742187500000e+00,7.739257812500000000e-01,8.419189453124999167e-02
8.922607421874999556e-01,-7.065429687500000000e-01,8.419189453124999167e-02
8.922607421874999556e-01,7.739257812500000000e-01,6.663452148437499778e-01
1.254760742187500000e+00,-7.065429687500000000e-01,6.663452148437499778e-01
1.254760742187500000e+00,-4.760742187500000000e-01,4.404418945312499889e-01
8.922607421874999556e-01,-4.760742187500000000e-01,4.404418945312499889e-01
1.254760742187500000e+00,-9.565429687500000000e-01,4.404418945312499889e-01
1.254760742187500000e+00,-4.760742187500000000e-01,7.850952148437500000e-01
8.922607421874999556e-01,-9.565429687500000000e-01,7.850952148437500000e-01
2.704760742187500178e+00,5.239257812500000000e-01,9.154418945312499112e-01
2.342260742187499911e+00,5.239257812500000000e-01,9.154418945312499112e-01
2.704760742187500178e+00,4.345703125000000000e-02,9.154418945312499112e-01
2.704760742187500178e+00,5.239257812500000000e-01,3.100952148437499667e-01
2.342260742187499911e+00,4.345703125000000000e-02,3.100952148437499667e-01
1.979760742187500089e+00,-9.760742187500000000e-01,2.029418945312500000e-01
1.672607421875000056e-01,-9.760742187500000000e-01,2.029418945312500000e-01
1.979760742187500089e+00,5.434570312500000000e-01,2.029418945312500000e-01
1.979760742187500089e+00,-9.760742187500000000e-01,7.259521484374999167e-02
1.672607421875000056e-01,5.434570312500000000e-01,7.259521484374999167e-02
5.297607421875000222e-01,2.392578125000000000e-02,6.779418945312499778e-01
1.617260742187500044e+00,2.392578125000000000e-02,6.779418945312499778e-01
5.297607421875000222e-01,-4.565429687500000000e-01,6.779418945312499778e-01
5.297607421875000222e-01,2.392578125000000000e-02,5.475952148437499556e-01
1.617260742187500044e+00,-4.565429687500000000e-01,5.475952148437499556e-01
7.110107421874999334e-01,-1.010742187500000000e-01,1.435668945312499889e-01
2.523510742187499822e+00,-1.010742187500000000e-01,1.435668945312499889e-01
7.110107421874999334e-01,9.184570312500000000e-01,1.435668945312499889e-01
7.110107421874999334e-01,-1.010742187500000000e-01,6.069702148437500222e-01
2.523510742187499822e+00,9.184570312500000000e-01,6.069702148437500222e-01
2.161010742187500000e+00,8.989257812500000000e-01,6.185668945312500222e-01
1.073510742187500089e+00,8.989257812500000000e-01,6.185668945312500222e-01
2.161010742187500000e+00,-8.154296875000000000e-02,6.185668945312500222e-01
2.161010742187500000e+00,8.989257812500000000e-01,1.319702148437499889e-01
1.073510742187500089e+00,-8.154296875000000000e-02,1.319702148437499889e-01
2.886010742187500089e+00,-6.010742187500000000e-01,3.810668945312499778e-01
1.798510742187499956e+00,-6.010742187500000000e-01,3.810668945312499778e-01
2.886010742187500089e+00,-5.815429687500000000e-01,3.810668945312499778e-01
2.886010742187500089e+00,-6.010742187500000000e-01,3.694702148437499778e-01
1.798510742187499956e+00,-5.815429687500000000e-01,3.694702148437499778e-01
1.436010742187500133e+00,3.989257812500000000e-01,8.560668945312499556e-01
3.485107421875000000e-01,3.989257812500000000e-01,8.560668945312499556e-01
1.436010742187500133e+00,4.184570312500000000e-01,8.560668945312499556e-01
1.436010742187500133e+00,3.989257812500000000e-01,8.444702148437499556e-01
3.485107421875000000e-01,4.184570312500000000e-01,8.444702148437499556e-01
1.073510742187500089e+00,-8.510742187500000000e-01,4.998168945312500000e-01
7.110107421874999334e-01,-8.510742187500000000e-01,4.998168945312500000e-01
1.073510742187500089e+00,1.684570312500000000e-01,4.998168945312500000e-01
1.073510742187500089e+00,-8.510742187500000000e-01,4.882202148437500000e-01
7.110107421874999334e-01,1.684570312500000000e-01,4.882202148437500000e-01
2.523510742187499822e+00,1.489257812500000000e-01,2.481689453124999792e-02
2.161010742187500000e+00,1.489257812500000000e-01,2.481689453124999792e-02
2.523510742187499822e+00,-8.315429687500000000e-01,2.481689453124999792e-02
2.523510742187499822e+00,1.489257812500000000e-01,1.322021484374999965e-02
2.161010742187500000e+00,-8.315429687500000000e-01,1.322021484374999965e-02
1.798510742187499956e+00,-3.510742187500000000e-01,7.373168945312499334e-01
1.436010742187500133e+00,-3.510742187500000000e-01,7.373168945312499334e-01
1.798510742187499956e+00,-3.315429687500000000e-01,7.373168945312499334e-01
1.798510742187499956e+00,-3.510742187500000000e-01,2.507202148437500111e-01
1.436010742187500133e+00,-3.315429687500000000e-01,2.507202148437500111e-01
3.485107421875000000e-01,6.489257812500000000e-01,2.623168945312500111e-01
2.886010742187500089e+00,6.489257812500000000e-01,2.623168945312500111e-01
3.485107421875000000e-01,6.684570312500000000e-01,2.623168945312500111e-01
3.485107421875000000e-01,6.489257812500000000e-01,7.257202148437499334e-01
2.886010742187500089e+00,6.684570312500000000e-01,7.257202148437499334e-01
4.391357421874999556e-01,-2.885742187500000000e-01,6.482543945312500000e-01
2.578857421874999889e-01,-2.885742187500000000e-01,6.482543945312500000e-01
4.391357421874999556e-01,-6.440429687500000000e-01,6.482543945312500000e-01
4.391357421874999556e-01,-2.885742187500000000e-01,4.290771484375000000e-02
2.578857421874999889e-01,-6.440429687500000000e-01,4.290771484375000000e-02
1.889135742187500133e+00,7.114257812500000000e-01,1.732543945312499944e-01
1.707885742187500000e+00,7.114257812500000000e-01,1.732543945312499944e-01
1.889135742187500133e+00,3.559570312500000000e-01,1.732543945312499944e-01
1.889135742187500133e+00,7.114257812500000000e-01,5.179077148437499778e-01
1.707885742187500000e+00,3.559570312500000000e-01,5.179077148437499778e-01
2.614135742187500000e+00,-7.885742187500000000e-01,8.857543945312499334e-01
9.828857421874999112e-01,-7.885742187500000000e-01,8.857543945312499334e-01
2.614135742187500000e+00,8.559570312500000000e-01,8.857543945312499334e-01
2.614135742187500000e+00,-7.885742187500000000e-01,7.554077148437499112e-01
9.828857421874999112e-01,8.559570312500000000e-01,7.554077148437499112e-01
1.164135742187500044e+00,2.114257812500000000e-01,4.107543945312499556e-01
2.432885742187500089e+00,2.114257812500000000e-01,4.107543945312499556e-01
1.164135742187500044e+00,-1.440429687500000000e-01,4.107543945312499556e-01
1.164135742187500044e+00,2.114257812500000000e-01,2.804077148437499889e-01
2.432885742187500089e+00,-1.440429687500000000e-01,2.804077148437499889e-01
1.526635742187500089e+00,-5.385742187500000000e-01,5.450439453125000000e-02
2.795385742187499911e+00,-5.385742187500000000e-01,5.450439453125000000e-02
1.526635742187500089e+00,-3.940429687500000000e-01,5.450439453125000000e-02
1.526635742187500089e+00,-5.385742187500000000e-01,1.616577148437499944e-01
2.795385742187499911e+00,-3.940429687500000000e-01,1.616577148437499944e-01
2.976635742187499822e+00,4.614257812500000000e-01,5.295043945312499778e-01
1.345385742187499956e+00,4.614257812500000000e-01,5.295043945312499778e-01
2.976635742187499822e+00,6.059570312500000000e-01,5.295043945312499778e-01
2.976635742187499822e+00,4.614257812500000000e-01,6.366577148437500000e-01
1.345385742187499956e+00,6.059570312500000000e-01,6.366577148437500000e-01
2.251635742187500178e+00,-3.857421875000000000e-02,2.920043945312499889e-01
2.070385742187499822e+00,-3.857421875000000000e-02,2.920043945312499889e-01
2.251635742187500178e+00,1.059570312500000000e-01,2.920043945312499889e-01
2.251635742187500178e+00,-3.857421875000000000e-02,8.741577148437499334e-01
2.070385742187499822e+00,1.059570312500000000e-01,8.741577148437499334e-01
8.016357421875000000e-01,9.614257812500000000e-01,7.670043945312499112e-01
6.203857421874999778e-01,9.614257812500000000e-01,7.670043945312499112e-01
8.016357421875000000e-01,-8.940429687500000000e-01,7.670043945312499112e-01
8.016357421875000000e-01,9.614257812500000000e-01,3.991577148437499556e-01
6.203857421874999778e-01,-8.940429687500000000e-01,3.991577148437499556e-01
6.203857421874999778e-01,-9.135742187500000000e-01,3.513793945312500000e-01
1.526635742187500089e+00,-9.135742187500000000e-01,3.513793945312500000e-01
6.203857421874999778e-01,4.809570312500000000e-01,3.513793945312500000e-01
6.203857421874999778e-01,-9.135742187500000000e-01,3.397827148437500000e-01
1.526635742187500089e+00,4.809570312500000000e-01,3.397827148437500000e-01
2.070385742187499822e+00,8.642578125000000000e-02,8.263793945312499778e-01
2.976635742187499822e+00,8.642578125000000000e-02,8.263793945312499778e-01
2.070385742187499822e+00,-5.190429687500000000e-01,8.263793945312499778e-01
2.070385742187499822e+00,8.642578125000000000e-02,8.147827148437499778e-01
2.976635742187499822e+00,-5.190429687500000000e-01,8.147827148437499778e-01
2.795385742187499911e+00,-4.135742187500000000e-01,1.138793945312499972e-01
8.016357421875000000e-01,-4.135742187500000000e-01,1.138793945312499972e-01
2.795385742187499911e+00,-1.904296875000000000e-02,1.138793945312499972e-01
2.795385742187499911e+00,-4.135742187500000000e-01,5.772827148437499334e-01
8.016357421875000000e-01,-1.904296875000000000e-02,5.772827148437499334e-01
1.345385742187499956e+00,5.864257812500000000e-01,5.888793945312499334e-01
2.251635742187500178e+00,5.864257812500000000e-01,5.888793945312499334e-01
1.345385742187499956e+00,9.809570312500000000e-01,5.888793945312499334e-01
1.345385742187499956e+00,5.864257812500000000e-01,1.022827148437499972e-01
2.251635742187500178e+00,9.809570312500000000e-01,1.022827148437499972e-01
9.828857421874999112e-01,-1.635742187500000000e-01,9.451293945312500000e-01
1.889135742187500133e+00,-1.635742187500000000e-01,9.451293945312500000e-01
9.828857421874999112e-01,7.309570312500000000e-01,9.451293945312500000e-01
9.828857421874999112e-01,-1.635742187500000000e-01,4.585327148437499667e-01
1.889135742187500133e+00,7.309570312500000000e-01,4.585327148437499667e-01
2.432885742187500089e+00,8.364257812500000000e-01,4.701293945312499667e-01
4.391357421874999556e-01,8.364257812500000000e-01,4.701293945312499667e-01
2.432885742187500089e+00,-2.690429687500000000e-01,4.701293945312499667e-01
2.432885742187500089e+00,8.364257812500000000e-01,9.335327148437500000e-01
4.391357421874999556e-01,-2.690429687500000000e-01,9.335327148437500000e-01
1.707885742187500000e+00,-6.635742187500000000e-01,7.076293945312499556e-01
2.614135742187500000e+00,-6.635742187500000000e-01,7.076293945312499556e-01
1.707885742187500000e+00,-7.690429687500000000e-01,7.076293945312499556e-01
1.707885742187500000e+00,-6.635742187500000000e-01,6.960327148437499556e-01
2.614135742187500000e+00,-7.690429687500000000e-01,6.960327148437499556e-01
2.578857421874999889e-01,3.364257812500000000e-01,2.326293945312499778e-01
1.164135742187500044e+00,3.364257812500000000e-01,2.326293945312499778e-01
2.578857421874999889e-01,2.309570312500000000e-01,2.326293945312499778e-01
2.578857421874999889e-01,3.364257812500000000e-01,2.210327148437499778e-01
1.164135742187500044e+00,2.309570312500000000e-01,2.210327148437499778e-01
2.125732421875000111e-01,-1.948242187500000000e-01,3.662231445312499889e-01
5.750732421875000000e-01,-1.948242187500000000e-01,3.662231445312499889e-01
2.125732421875000111e-01,-4.877929687500000000e-01,3.662231445312499889e-01
2.125732421875000111e-01,-1.948242187500000000e-01,1.171264648437500000e-01
5.750732421875000000e-01,-4.877929687500000000e-01,1.171264648437500000e-01
1.662573242187500133e+00,8.051757812500000000e-01,8.412231445312499112e-01
2.025073242187499734e+00,8.051757812500000000e-01,8.412231445312499112e-01
1.662573242187500133e+00,5.122070312500000000e-01,8.412231445312499112e-01
1.662573242187500133e+00,8.051757812500000000e-01,5.921264648437499778e-01
2.025073242187499734e+00,5.122070312500000000e-01,5.921264648437499778e-01
2.387573242187500000e+00,-6.948242187500000000e-01,1.287231445312500000e-01
1.300073242187500089e+00,-6.948242187500000000e-01,1.287231445312500000e-01
2.387573242187500000e+00,1.220703125000000000e-02,1.287231445312500000e-01
2.387573242187500000e+00,-6.948242187500000000e-01,8.296264648437499112e-01
1.300073242187500089e+00,1.220703125000000000e-02,8.296264648437499112e-01
9.375732421874999334e-01,3.051757812500000000e-01,6.037231445312499778e-01
2.750073242187499822e+00,3.051757812500000000e-01,6.037231445312499778e-01
9.375732421874999334e-01,-9.877929687500000000e-01,6.037231445312499778e-01
9.375732421874999334e-01,3.051757812500000000e-01,3.546264648437499889e-01
2.750073242187499822e+00,-9.877929687500000000e-01,3.546264648437499889e-01
1.300073242187500089e+00,-9.448242187500000000e-01,7.224731445312500000e-01
2.387573242187500000e+00,-9.448242187500000000e-01,7.224731445312500000e-01
1.300073242187500089e+00,-7.377929687500000000e-01,7.224731445312500000e-01
1.300073242187500089e+00,-9.448242187500000000e-01,2.358764648437499944e-01
2.387573242187500000e+00,-7.377929687500000000e-01,2.358764648437499944e-01
2.750073242187499822e+00,5.517578125000000000e-02,2.474731445312499944e-01
9.375732421874999334e-01,5.517578125000000000e-02,2.474731445312499944e-01
2.750073242187499822e+00,2.622070312500000000e-01,2.474731445312499944e-01
2.750073242187499822e+00,5.517578125000000000e-02,7.108764648437500000e-01
9.375732421874999334e-01,2.622070312500000000e-01,7.108764648437500000e-01
2.025073242187499734e+00,-4.448242187500000000e-01,4.849731445312499556e-01
1.662573242187500133e+00,-4.448242187500000000e-01,4.849731445312499556e-01
2.025073242187499734e+00,7.622070312500000000e-01,4.849731445312499556e-01
2.025073242187499734e+00,-4.448242187500000000e-01,9.483764648437499334e-01
1.662573242187500133e+00,7.622070312500000000e-01,9.483764648437499334e-01
5.750732421875000000e-01,5.551757812500000000e-01,9.973144531250000347e-03
2.125732421875000111e-01,5.551757812500000000e-01,9.973144531250000347e-03
5.750732421875000000e-01,-2.377929687500000000e-01,9.973144531250000347e-03
5.750732421875000000e-01,5.551757812500000000e-01,4.733764648437499556e-01
2.125732421875000111e-01,-2.377929687500000000e-01,4.733764648437499556e-01
7.563232421874999112e-01,-5.698242187500000000e-01,5.443481445312500222e-01
1.118823242187499956e+00,-5.698242187500000000e-01,5.443481445312500222e-01
7.563232421874999112e-01,6.372070312500000000e-01,5.443481445312500222e-01
7.563232421874999112e-01,-5.698242187500000000e-01,2.952514648437499778e-01
1.118823242187499956e+00,6.372070312500000000e-01,2.952514648437499778e-01
2.206323242187500089e+00,4.301757812500000000e-01,6.934814453125000278e-02
2.568823242187499911e+00,4.301757812500000000e-01,6.934814453125000278e-02
2.206323242187500089e+00,-3.627929687500000000e-01,6.934814453125000278e-02
2.206323242187500089e+00,4.301757812500000000e-01,7.702514648437499556e-01
2.568823242187499911e+00,-3.627929687500000000e-01,7.702514648437499556e-01
2.931323242187500178e+00,-6.982421875000000000e-02,7.818481445312499556e-01
3.938232421874999778e-01,-6.982421875000000000e-02,7.818481445312499556e-01
2.931323242187500178e+00,-8.627929687500000000e-01,7.818481445312499556e-01
2.931323242187500178e+00,-6.982421875000000000e-02,5.327514648437500222e-01
3.938232421874999778e-01,-8.627929687500000000e-01,5.327514648437500222e-01
1.481323242187500000e+00,9.301757812500000000e-01,3.068481445312499778e-01
1.843823242187500044e+00,9.301757812500000000e-01,3.068481445312499778e-01
1.481323242187500000e+00,1.372070312500000000e-01,3.068481445312499778e-01
1.481323242187500000e+00,9.301757812500000000e-01,5.775146484374999584e-02
1.843823242187500044e+00,1.372070312500000000e-01,5.775146484374999584e-02
1.118823242187499956e+00,-3.198242187500000000e-01,1.880981445312499833e-01
2.206323242187500089e+00,-3.198242187500000000e-01,1.880981445312499833e-01
1.118823242187499956e+00,3.872070312500000000e-01,1.880981445312499833e-01
1.118823242187499956e+00,-3.198242187500000000e-01,4.140014648437500000e-01
2.206323242187500089e+00,3.872070312500000000e-01,4.140014648437500000e-01
2.568823242187499911e+00,6.801757812500000000e-01,6.630981445312499334e-01
7.563232421874999112e-01,6.801757812500000000e-01,6.630981445312499334e-01
2.568823242187499911e+00,-6.127929687500000000e-01,6.630981445312499334e-01
2.568823242187499911e+00,6.801757812500000000e-01,8.890014648437499778e-01
7.563232421874999112e-01,-6.127929687500000000e-01,8.890014648437499778e-01
1.843823242187500044e+00,-8.198242187500000000e-01,4.255981445312500000e-01
2.931323242187500178e+00,-8.198242187500000000e-01,4.255981445312500000e-01
1.843823242187500044e+00,-1.127929687500000000e-01,4.255981445312500000e-01
1.843823242187500044e+00,-8.198242187500000000e-01,6.515014648437499334e-01
2.931323242187500178e+00,-1.127929687500000000e-01,6.515014648437499334e-01
3.938232421874999778e-01,1.801757812500000000e-01,9.005981445312499778e-01
1.481323242187500000e+00,1.801757812500000000e-01,9.005981445312499778e-01
3.938232421874999778e-01,8.872070312500000000e-01,9.005981445312499778e-01
3.938232421874999778e-01,1.801757812500000000e-01,1.765014648437499833e-01
1.481323242187500000e+00,8.872070312500000000e-01,1.765014648437499833e-01
3.031982421875000222e-01,-7.573242187500000000e-01,9.903564453124999445e-02
1.571948242187499956e+00,-7.573242187500000000e-01,9.903564453124999445e-02
3.031982421875000222e-01,-9.252929687500000000e-01,9.903564453124999445e-02
3.031982421875000222e-01,-7.573242187500000000e-01,8.593139648437500000e-01
1.571948242187499956e+00,-9.252929687500000000e-01,8.593139648437500000e-01
1.753198242187500089e+00,2.426757812500000000e-01,5.740356445312500000e-01
1.219482421875000000e-01,2.426757812500000000e-01,5.740356445312500000e-01
1.753198242187500089e+00,7.470703125000000000e-02,5.740356445312500000e-01
1.753198242187500089e+00,2.426757812500000000e-01,3.843139648437499667e-01
1.219482421875000000e-01,7.470703125000000000e-02,3.843139648437499667e-01
2.478198242187500178e+00,-2.573242187500000000e-01,3.365356445312500111e-01
2.296948242187499822e+00,-2.573242187500000000e-01,3.365356445312500111e-01
2.478198242187500178e+00,5.747070312500000000e-01,3.365356445312500111e-01
2.478198242187500178e+00,-2.573242187500000000e-01,1.468139648437500056e-01
2.296948242187499822e+00,5.747070312500000000e-01,1.468139648437500056e-01
1.028198242187500000e+00,7.426757812500000000e-01,8.115356445312499334e-01
8.469482421874999778e-01,7.426757812500000000e-01,8.115356445312499334e-01
1.028198242187500000e+00,-4.252929687500000000e-01,8.115356445312499334e-01
1.028198242187500000e+00,7.426757812500000000e-01,6.218139648437499556e-01
8.469482421874999778e-01,-4.252929687500000000e-01,6.218139648437499556e-01
1.390698242187500044e+00,-7.324218750000000000e-03,6.927856445312500222e-01
1.209448242187500133e+00,-7.324218750000000000e-03,6.927856445312500222e-01
1.390698242187500044e+00,-1.752929687500000000e-01,6.927856445312500222e-01
1.390698242187500044e+00,-7.324218750000000000e-03,7.405639648437499778e-01
1.209448242187500133e+00,-1.752929687500000000e-01,7.405639648437499778e-01
2.840698242187500000e+00,9.926757812500000000e-01,2.177856445312499889e-01
2.659448242187500089e+00,9.926757812500000000e-01,2.177856445312499889e-01
2.840698242187500000e+00,8.247070312500000000e-01,2.177856445312499889e-01
2.840698242187500000e+00,9.926757812500000000e-01,2.655639648437500000e-01
2.659448242187500089e+00,8.247070312500000000e-01,2.655639648437500000e-01
2.115698242187499911e+00,-5.073242187500000000e-01,9.302856445312499556e-01
4.844482421875000444e-01,-5.073242187500000000e-01,9.302856445312499556e-01
2.115698242187499911e+00,3.247070312500000000e-01,9.302856445312499556e-01
2.115698242187499911e+00,-5.073242187500000000e-01,2.806396484374999722e-02
4.844482421875000444e-01,3.247070312500000000e-01,2.806396484374999722e-02
6.656982421874999556e-01,4.926757812500000000e-01,4.552856445312499778e-01
1.934448242187500000e+00,4.926757812500000000e-01,4.552856445312499778e-01
6.656982421874999556e-01,-6.752929687500000000e-01,4.552856445312499778e-01
6.656982421874999556e-01,4.926757812500000000e-01,5.030639648437499334e-01
1.934448242187500000e+00,-6.752929687500000000e-01,5.030639648437499334e-01
4.844482421875000444e-01,-3.823242187500000000e-01,8.709106445312500000e-01
2.840698242187500000e+00,-3.823242187500000000e-01,8.709106445312500000e-01
4.844482421875000444e-01,1.997070312500000000e-01,8.709106445312500000e-01
4.844482421875000444e-01,-3.823242187500000000e-01,6.811889648437500222e-01
2.840698242187500000e+00,1.997070312500000000e-01,6.811889648437500222e-01
1.934448242187500000e+00,6.176757812500000000e-01,3.959106445312499667e-01
1.390698242187500044e+00,6.176757812500000000e-01,3.959106445312499667e-01
1.934448242187500000e+00,-8.002929687500000000e-01,3.959106445312499667e-01
1.934448242187500000e+00,6.176757812500000000e-01,2.061889648437499889e-01
1.390698242187500044e+00,-8.002929687500000000e-01,2.061889648437499889e-01
2.659448242187500089e+00,-8.823242187500000000e-01,6.334106445312499556e-01
2.115698242187499911e+00,-8.823242187500000000e-01,6.334106445312499556e-01
2.659448242187500089e+00,-3.002929687500000000e-01,6.334106445312499556e-01
2.659448242187500089e+00,-8.823242187500000000e-01,4.436889648437499778e-01
2.115698242187499911e+00,-3.002929687500000000e-01,4.436889648437499778e-01
1.209448242187500133e+00,1.176757812500000000e-01,1.584106445312500056e-01
6.656982421874999556e-01,1.176757812500000000e-01,1.584106445312500056e-01
1.209448242187500133e+00,6.997070312500000000e-01,1.584106445312500056e-01
1.209448242187500133e+00,1.176757812500000000e-01,9.186889648437499556e-01
6.656982421874999556e-01,6.997070312500000000e-01,9.186889648437499556e-01
8.469482421874999778e-01,-6.323242187500000000e-01,2.771606445312500000e-01
3.031982421875000222e-01,-6.323242187500000000e-01,2.771606445312500000e-01
8.469482421874999778e-01,9.497070312500000000e-01,2.771606445312500000e-01
8.469482421874999778e-01,-6.323242187500000000e-01,5.624389648437500000e-01
3.031982421875000222e-01,9.497070312500000000e-01,5.624389648437500000e-01
2.296948242187499822e+00,3.676757812500000000e-01,7.521606445312499778e-01
1.753198242187500089e+00,3.676757812500000000e-01,7.521606445312499778e-01
2.296948242187499822e+00,-5.029296875000000000e-02,7.521606445312499778e-01
2.296948242187499822e+00,3.676757812500000000e-01,8.743896484374999445e-02
1.753198242187500089e+00,-5.029296875000000000e-02,8.743896484374999445e-02
1.571948242187499956e+00,-1.323242187500000000e-01,3.966064453124999722e-02
1.028198242187500000e+00,-1.323242187500000000e-01,3.966064453124999722e-02
1.571948242187499956e+00,-5.502929687500000000e-01,3.966064453124999722e-02
1.571948242187499956e+00,-1.323242187500000000e-01,3.249389648437500111e-01
1.028198242187500000e+00,-5.502929687500000000e-01,3.249389648437500111e-01
1.219482421875000000e-01,8.676757812500000000e-01,5.146606445312499334e-01
2.478198242187500178e+00,8.676757812500000000e-01,5.146606445312499334e-01
1.219482421875000000e-01,4.497070312500000000e-01,5.146606445312499334e-01
1.219482421875000000e-01,8.676757812500000000e-01,7.999389648437499334e-01
2.478198242187500178e+00,4.497070312500000000e-01,7.999389648437499334e-01
1.162841796875000028e-01,-1.284179687500000000e-01,8.393676757812499334e-01
2.069091796875000000e-01,-1.284179687500000000e-01,8.393676757812499334e-01
1.162841796875000028e-01,7.739257812500000000e-01,8.393676757812499334e-01
1.162841796875000028e-01,-1.284179687500000000e-01,2.043334960937499833e-01
2.069091796875000000e-01,7.739257812500000000e-01,2.043334960937499833e-01
1.566284179687500000e+00,8.715820312500000000e-01,3.643676757812499556e-01
1.656909179687499956e+00,8.715820312500000000e-01,3.643676757812499556e-01
1.566284179687500000e+00,-2.260742187500000000e-01,3.643676757812499556e-01
1.566284179687500000e+00,8.715820312500000000e-01,6.793334960937499334e-01
1.656909179687499956e+00,-2.260742187500000000e-01,6.793334960937499334e-01
2.291284179687500089e+00,-6.284179687500000000e-01,6.018676757812500000e-01
9.319091796874999778e-01,-6.284179687500000000e-01,6.018676757812500000e-01
2.291284179687500089e+00,-7.260742187500000000e-01,6.018676757812500000e-01
2.291284179687500089e+00,-6.284179687500000000e-01,9.168334960937499778e-01
9.319091796874999778e-01,-7.260742187500000000e-01,9.168334960937499778e-01
8.412841796874999112e-01,3.715820312500000000e-01,1.268676757812499944e-01
2.381909179687499822e+00,3.715820312500000000e-01,1.268676757812499944e-01
8.412841796874999112e-01,2.739257812500000000e-01,1.268676757812499944e-01
8.412841796874999112e-01,3.715820312500000000e-01,4.418334960937500000e-01
2.381909179687499822e+00,2.739257812500000000e-01,4.418334960937500000e-01
1.203784179687499956e+00,-8.784179687500000000e-01,2.456176757812499889e-01
2.744409179687500089e+00,-8.784179687500000000e-01,2.456176757812499889e-01
1.203784179687499956e+00,2.392578125000000000e-02,2.456176757812499889e-01
1.203784179687499956e+00,-8.784179687500000000e-01,8.558349609375000278e-02
2.744409179687500089e+00,2.392578125000000000e-02,8.558349609375000278e-02
2.653784179687499911e+00,1.215820312500000000e-01,7.206176757812499112e-01
1.294409179687500133e+00,1.215820312500000000e-01,7.206176757812499112e-01
2.653784179687499911e+00,-9.760742187500000000e-01,7.206176757812499112e-01
2.653784179687499911e+00,1.215820312500000000e-01,5.605834960937500222e-01
1.294409179687500133e+00,-9.760742187500000000e-01,5.605834960937500222e-01
1.928784179687500044e+00,-3.784179687500000000e-01,8.117675781250000000e-03
2.019409179687500000e+00,-3.784179687500000000e-01,8.117675781250000000e-03
1.928784179687500044e+00,-4.760742187500000000e-01,8.117675781250000000e-03
1.928784179687500044e+00,-3.784179687500000000e-01,7.980834960937499556e-01
2.019409179687500000e+00,-4.760742187500000000e-01,7.980834960937499556e-01
4.787841796874999778e-01,6.215820312500000000e-01,4.831176757812499778e-01
5.694091796875000444e-01,6.215820312500000000e-01,4.831176757812499778e-01
4.787841796874999778e-01,5.239257812500000000e-01,4.831176757812499778e-01
4.787841796874999778e-01,6.215820312500000000e-01,3.230834960937499778e-01
5.694091796875000444e-01,5.239257812500000000e-01,3.230834960937499778e-01
6.600341796875000000e-01,-5.034179687500000000e-01,6.749267578124999722e-02
1.475659179687500044e+00,-5.034179687500000000e-01,6.749267578124999722e-02
6.600341796875000000e-01,-1.010742187500000000e-01,6.749267578124999722e-02
6.600341796875000000e-01,-5.034179687500000000e-01,3.824584960937499889e-01
1.475659179687500044e+00,-1.010742187500000000e-01,3.824584960937499889e-01
2.110034179687500178e+00,4.965820312500000000e-01,5.424926757812499334e-01
2.925659179687500000e+00,4.965820312500000000e-01,5.424926757812499334e-01
2.110034179687500178e+00,8.989257812500000000e-01,5.424926757812499334e-01
2.110034179687500178e+00,4.965820312500000000e-01,8.574584960937499112e-01
2.925659179687500000e+00,8.989257812500000000e-01,8.574584960937499112e-01
2.835034179687499822e+00,-3.417968750000000000e-03,3.049926757812500000e-01
7.506591796874999556e-01,-3.417968750000000000e-03,3.049926757812500000e-01
2.835034179687499822e+00,3.989257812500000000e-01,3.049926757812500000e-01
2.835034179687499822e+00,-3.417968750000000000e-03,6.199584960937499778e-01
7.506591796874999556e-01,3.989257812500000000e-01,6.199584960937499778e-01
1.385034179687500089e+00,9.965820312500000000e-01,7.799926757812499778e-01
2.200659179687499911e+00,9.965820312500000000e-01,7.799926757812499778e-01
1.385034179687500089e+00,-6.010742187500000000e-01,7.799926757812499778e-01
1.385034179687500089e+00,9.965820312500000000e-01,1.449584960937500000e-01
2.200659179687499911e+00,-6.010742187500000000e-01,1.449584960937500000e-01
1.022534179687500044e+00,-2.534179687500000000e-01,6.612426757812499556e-01
1.838159179687500089e+00,-2.534179687500000000e-01,6.612426757812499556e-01
1.022534179687500044e+00,-8.510742187500000000e-01,6.612426757812499556e-01
1.022534179687500044e+00,-2.534179687500000000e-01,2.637084960937499667e-01
1.838159179687500089e+00,-8.510742187500000000e-01,2.637084960937499667e-01
2.472534179687500000e+00,7.465820312500000000e-01,1.862426757812499778e-01
3.881591796875000222e-01,7.465820312500000000e-01,1.862426757812499778e-01
2.472534179687500000e+00,1.489257812500000000e-01,1.862426757812499778e-01
2.472534179687500000e+00,7.465820312500000000e-01,7.387084960937500000e-01
3.881591796875000222e-01,1.489257812500000000e-01,7.387084960937500000e-01
1.747534179687500133e+00,-7.534179687500000000e-01,8.987426757812500000e-01
2.563159179687500178e+00,-7.534179687500000000e-01,8.987426757812500000e-01
1.747534179687500133e+00,6.489257812500000000e-01,8.987426757812500000e-01
1.747534179687500133e+00,-7.534179687500000000e-01,5.012084960937499556e-01
2.563159179687500178e+00,6.489257812500000000e-01,5.012084960937499556e-01
2.975341796875000111e-01,2.465820312500000000e-01,4.237426757812499667e-01
1.113159179687500000e+00,2.465820312500000000e-01,4.237426757812499667e-01
2.975341796875000111e-01,-3.510742187500000000e-01,4.237426757812499667e-01
2.975341796875000111e-01,2.465820312500000000e-01,2.620849609374999861e-02
1.113159179687500000e+00,-3.510742187500000000e-01,2.620849609374999861e-02
3.881591796875000222e-01,-8.159179687500000000e-01,5.721801757812500222e-01
1.928784179687500044e+00,-8.159179687500000000e-01,5.721801757812500222e-01
3.881591796875000222e-01,3.364257812500000000e-01,5.721801757812500222e-01
3.881591796875000222e-01,-8.159179687500000000e-01,7.683959960937499778e-01
1.928784179687500044e+00,3.364257812500000000e-01,7.683959960937499778e-01
1.838159179687500089e+00,1.840820312500000000e-01,9.718017578124998890e-02
4.787841796874999778e-01,1.840820312500000000e-01,9.718017578124998890e-02
1.838159179687500089e+00,-6.635742187500000000e-01,9.718017578124998890e-02
1.838159179687500089e+00,1.840820312500000000e-01,2.933959960937500000e-01
4.787841796874999778e-01,-6.635742187500000000e-01,2.933959960937500000e-01
2.563159179687500178e+00,-3.159179687500000000e-01,8.096801757812499556e-01
2.653784179687499911e+00,-3.159179687500000000e-01,8.096801757812499556e-01
2.563159179687500178e+00,-1.635742187500000000e-01,8.096801757812499556e-01
2.563159179687500178e+00,-3.159179687500000000e-01,5.589599609374999722e-02
2.653784179687499911e+00,-1.635742187500000000e-01,5.589599609374999722e-02
1.113159179687500000e+00,6.840820312500000000e-01,3.346801757812499778e-01
1.203784179687499956e+00,6.840820312500000000e-01,3.346801757812499778e-01
1.113159179687500000e+00,8.364257812500000000e-01,3.346801757812499778e-01
1.113159179687500000e+00,6.840820312500000000e-01,5.308959960937499334e-01
1.203784179687499956e+00,8.364257812500000000e-01,5.308959960937499334e-01
1.475659179687500044e+00,-6.591796875000000000e-02,2.159301757812499833e-01
8.412841796874999112e-01,-6.591796875000000000e-02,2.159301757812499833e-01
1.475659179687500044e+00,5.864257812500000000e-01,2.159301757812499833e-01
1.475659179687500044e+00,-6.591796875000000000e-02,8.871459960937500000e-01
8.412841796874999112e-01,5.864257812500000000e-01,8.871459960937500000e-01
2.925659179687500000e+00,9.340820312500000000e-01,6.909301757812499334e-01
2.291284179687500089e+00,9.340820312500000000e-01,6.909301757812499334e-01
2.925659179687500000e+00,-4.135742187500000000e-01,6.909301757812499334e-01
2.925659179687500000e+00,9.340820312500000000e-01,4.121459960937499667e-01
2.291284179687500089e+00,-4.135742187500000000e-01,4.121459960937499667e-01
2.200659179687499911e+00,-5.659179687500000000e-01,4.534301757812500000e-01
1.162841796875000028e-01,-5.659179687500000000e-01,4.534301757812500000e-01
2.200659179687499911e+00,-9.135742187500000000e-01,4.534301757812500000e-01
2.200659179687499911e+00,-5.659179687500000000e-01,1.746459960937500056e-01
1.162841796875000028e-01,-9.135742187500000000e-01,1.746459960937500056e-01
7.506591796874999556e-01,4.340820312500000000e-01,9.284301757812499778e-01
1.566284179687500000e+00,4.340820312500000000e-01,9.284301757812499778e-01
7.506591796874999556e-01,8.642578125000000000e-02,9.284301757812499778e-01
7.506591796874999556e-01,4.340820312500000000e-01,6.496459960937499556e-01
1.566284179687500000e+00,8.642578125000000000e-02,6.496459960937499556e-01
5.694091796875000444e-01,-4.409179687500000000e-01,3.940551757812499889e-01
2.472534179687500000e+00,-4.409179687500000000e-01,3.940551757812499889e-01
5.694091796875000444e-01,-5.385742187500000000e-01,3.940551757812499889e-01
5.694091796875000444e-01,-4.409179687500000000e-01,5.902709960937500000e-01
2.472534179687500000e+00,-5.385742187500000000e-01,5.902709960937500000e-01
2.019409179687500000e+00,5.590820312500000000e-01,8.690551757812499112e-01
1.022534179687500044e+00,5.590820312500000000e-01,8.690551757812499112e-01
2.019409179687500000e+00,4.614257812500000000e-01,8.690551757812499112e-01
2.019409179687500000e+00,5.590820312500000000e-01,1.152709960937499944e-01
1.022534179687500044e+00,4.614257812500000000e-01,1.152709960937499944e-01
2.744409179687500089e+00,-9.409179687500000000e-01,1.565551757812500000e-01
1.747534179687500133e+00,-9.409179687500000000e-01,1.565551757812500000e-01
2.744409179687500089e+00,9.614257812500000000e-01,1.565551757812500000e-01
2.744409179687500089e+00,-9.409179687500000000e-01,3.527709960937500111e-01
1.747534179687500133e+00,9.614257812500000000e-01,3.527709960937500111e-01
1.294409179687500133e+00,5.908203125000000000e-02,6.315551757812499778e-01
2.975341796875000111e-01,5.908203125000000000e-02,6.315551757812499778e-01
1.294409179687500133e+00,-3.857421875000000000e-02,6.315551757812499778e-01
1.294409179687500133e+00,5.908203125000000000e-02,8.277709960937499334e-01
2.975341796875000111e-01,-3.857421875000000000e-02,8.277709960937499334e-01
9.319091796874999778e-01,-6.909179687500000000e-01,7.503051757812500000e-01
6.600341796875000000e-01,-6.909179687500000000e-01,7.503051757812500000e-01
9.319091796874999778e-01,-2.885742187500000000e-01,7.503051757812500000e-01
9.319091796874999778e-01,-6.909179687500000000e-01,7.090209960937500222e-01
6.600341796875000000e-01,-2.885742187500000000e-01,7.090209960937500222e-01
2.381909179687499822e+00,3.090820312500000000e-01,2.753051757812499667e-01
2.110034179687500178e+00,3.090820312500000000e-01,2.753051757812499667e-01
2.381909179687499822e+00,7.114257812500000000e-01,2.753051757812499667e-01
2.381909179687499822e+00,3.090820312500000000e-01,2.340209960937499889e-01
2.110034179687500178e+00,7.114257812500000000e-01,2.340209960937499889e-01
1.656909179687499956e+00,-1.909179687500000000e-01,5.128051757812499556e-01
1.385034179687500089e+00,-1.909179687500000000e-01,5.128051757812499556e-01
1.656909179687499956e+00,2.114257812500000000e-01,5.128051757812499556e-01
1.656909179687499956e+00,-1.909179687500000000e-01,4.715209960937499778e-01
1.385034179687500089e+00,2.114257812500000000e-01,4.715209960937499778e-01
2.069091796875000000e-01,8.090820312500000000e-01,3.780517578124999861e-02
2.835034179687499822e+00,8.090820312500000000e-01,3.780517578124999861e-02
2.069091796875000000e-01,-7.885742187500000000e-01,3.780517578124999861e-02
2.069091796875000000e-01,8.090820312500000000e-01,9.465209960937499556e-01
2.835034179687499822e+00,-7.885742187500000000e-01,9.465209960937499556e-01
2.522216796874999778e-01,-6.596679687500000000e-01,3.198364257812499889e-01
1.611596679687500089e+00,-6.596679687500000000e-01,3.198364257812499889e-01
2.522216796874999778e-01,5.551757812500000000e-01,3.198364257812499889e-01
2.522216796874999778e-01,-6.596679687500000000e-01,8.129272460937500000e-01
1.611596679687500089e+00,5.551757812500000000e-01,8.129272460937500000e-01
1.702221679687500044e+00,3.403320312500000000e-01,7.948364257812499112e-01
1.615966796874999944e-01,3.403320312500000000e-01,7.948364257812499112e-01
1.702221679687500044e+00,-4.448242187500000000e-01,7.948364257812499112e-01
1.702221679687500044e+00,3.403320312500000000e-01,3.379272460937499667e-01
1.615966796874999944e-01,-4.448242187500000000e-01,3.379272460937499667e-01
2.427221679687499911e+00,-1.596679687500000000e-01,8.233642578125000000e-02
2.336596679687500178e+00,-1.596679687500000000e-01,8.233642578125000000e-02
2.427221679687499911e+00,-9.448242187500000000e-01,8.233642578125000000e-02
2.427221679687499911e+00,-1.596679687500000000e-01,1.004272460937499917e-01
2.336596679687500178e+00,-9.448242187500000000e-01,1.004272460937499917e-01
9.772216796874999556e-01,8.403320312500000000e-01,5.573364257812499778e-01
8.865966796875000000e-01,8.403320312500000000e-01,5.573364257812499778e-01
9.772216796874999556e-01,5.517578125000000000e-02,5.573364257812499778e-01
9.772216796874999556e-01,8.403320312500000000e-01,5.754272460937499556e-01
8.865966796875000000e-01,5.517578125000000000e-02,5.754272460937499556e-01
1.339721679687500000e+00,-4.096679687500000000e-01,9.135864257812499334e-01
1.249096679687500044e+00,-4.096679687500000000e-01,9.135864257812499334e-01
1.339721679687500000e+00,3.051757812500000000e-01,9.135864257812499334e-01
1.339721679687500000e+00,-4.096679687500000000e-01,9.316772460937499112e-01
1.249096679687500044e+00,3.051757812500000000e-01,9.316772460937499112e-01
2.789721679687500178e+00,5.903320312500000000e-01,4.385864257812499556e-01
2.699096679687500000e+00,5.903320312500000000e-01,4.385864257812499556e-01
2.789721679687500178e+00,-6.948242187500000000e-01,4.385864257812499556e-01
2.789721679687500178e+00,5.903320312500000000e-01,4.566772460937499889e-01
2.699096679687500000e+00,-6.948242187500000000e-01,4.566772460937499889e-01
2.064721679687500089e+00,-9.096679687500000000e-01,6.760864257812500000e-01
5.240966796874999556e-01,-9.096679687500000000e-01,6.760864257812500000e-01
2.064721679687500089e+00,-1.948242187500000000e-01,6.760864257812500000e-01
2.064721679687500089e+00,-9.096679687500000000e-01,2.191772460937500000e-01
5.240966796874999556e-01,-1.948242187500000000e-01,2.191772460937500000e-01
6.147216796874999112e-01,9.033203125000000000e-02,2.010864257812499944e-01
1.974096679687500133e+00,9.033203125000000000e-02,2.010864257812499944e-01
6.147216796874999112e-01,8.051757812500000000e-01,2.010864257812499944e-01
6.147216796874999112e-01,9.033203125000000000e-02,6.941772460937499778e-01
1.974096679687500133e+00,8.051757812500000000e-01,6.941772460937499778e-01
7.959716796874999334e-01,-3.466796875000000000e-02,6.167114257812499334e-01
2.880346679687499911e+00,-3.466796875000000000e-02,6.167114257812499334e-01
7.959716796874999334e-01,-3.198242187500000000e-01,6.167114257812499334e-01
7.959716796874999334e-01,-3.466796875000000000e-02,5.160522460937500000e-01
2.880346679687499911e+00,-3.198242187500000000e-01,5.160522460937500000e-01
2.245971679687500000e+00,9.653320312500000000e-01,1.417114257812499833e-01
1.430346679687499956e+00,9.653320312500000000e-01,1.417114257812499833e-01
2.245971679687500000e+00,6.801757812500000000e-01,1.417114257812499833e-01
2.245971679687500000e+00,9.653320312500000000e-01,4.105224609375000139e-02
1.430346679687499956e+00,6.801757812500000000e-01,4.105224609375000139e-02
2.970971679687500089e+00,-5.346679687500000000e-01,8.542114257812499778e-01
2.155346679687499822e+00,-5.346679687500000000e-01,8.542114257812499778e-01
2.970971679687500089e+00,1.801757812500000000e-01,8.542114257812499778e-01
2.970971679687500089e+00,-5.346679687500000000e-01,2.785522460937500111e-01
2.155346679687499822e+00,1.801757812500000000e-01,2.785522460937500111e-01
1.520971679687500133e+00,4.653320312500000000e-01,3.792114257812500000e-01
7.053466796874999778e-01,4.653320312500000000e-01,3.792114257812500000e-01
1.520971679687500133e+00,-8.198242187500000000e-01,3.792114257812500000e-01
1.520971679687500133e+00,4.653320312500000000e-01,7.535522460937499334e-01
7.053466796874999778e-01,-8.198242187500000000e-01,7.535522460937499334e-01
1.158471679687500089e+00,-7.846679687500000000e-01,2.296142578124999931e-02
3.428466796874999889e-01,-7.846679687500000000e-01,2.296142578124999931e-02
1.158471679687500089e+00,-5.698242187500000000e-01,2.296142578124999931e-02
1.158471679687500089e+00,-7.846679687500000000e-01,6.348022460937500222e-01
3.428466796874999889e-01,-5.698242187500000000e-01,6.348022460937500222e-01
2.608471679687499822e+00,2.153320312500000000e-01,4.979614257812499667e-01
1.792846679687500000e+00,2.153320312500000000e-01,4.979614257812499667e-01
2.608471679687499822e+00,4.301757812500000000e-01,4.979614257812499667e-01
2.608471679687499822e+00,2.153320312500000000e-01,1.598022460937499889e-01
1.792846679687500000e+00,4.301757812500000000e-01,1.598022460937499889e-01
1.883471679687499956e+00,-2.846679687500000000e-01,2.604614257812499778e-01
1.067846679687499911e+00,-2.846679687500000000e-01,2.604614257812499778e-01
1.883471679687499956e+00,9.301757812500000000e-01,2.604614257812499778e-01
1.883471679687499956e+00,-2.846679687500000000e-01,3.973022460937499778e-01
1.067846679687499911e+00,9.301757812500000000e-01,3.973022460937499778e-01
4.334716796875000000e-01,7.153320312500000000e-01,7.354614257812499556e-01
2.517846679687500089e+00,7.153320312500000000e-01,7.354614257812499556e-01
4.334716796875000000e-01,-6.982421875000000000e-02,7.354614257812499556e-01
4.334716796875000000e-01,7.153320312500000000e-01,8.723022460937499556e-01
2.517846679687500089e+00,-6.982421875000000000e-02,8.723022460937499556e-01
3.428466796874999889e-01,-3.471679687500000000e-01,1.713989257812499889e-01
6.147216796874999112e-01,-3.471679687500000000e-01,1.713989257812499889e-01
3.428466796874999889e-01,1.176757812500000000e-01,1.713989257812499889e-01
3.428466796874999889e-01,-3.471679687500000000e-01,1.301147460937499833e-01
6.147216796874999112e-01,1.176757812500000000e-01,1.301147460937499833e-01
1.792846679687500000e+00,6.528320312500000000e-01,6.463989257812500222e-01
2.064721679687500089e+00,6.528320312500000000e-01,6.463989257812500222e-01
1.792846679687500000e+00,-8.823242187500000000e-01,6.463989257812500222e-01
1.792846679687500000e+00,6.528320312500000000e-01,6.051147460937499334e-01
2.064721679687500089e+00,-8.823242187500000000e-01,6.051147460937499334e-01
2.517846679687500089e+00,-8.471679687500000000e-01,4.088989257812499778e-01
1.339721679687500000e+00,-8.471679687500000000e-01,4.088989257812499778e-01
2.517846679687500089e+00,-3.823242187500000000e-01,4.088989257812499778e-01
2.517846679687500089e+00,-8.471679687500000000e-01,8.426147460937499778e-01
1.339721679687500000e+00,-3.823242187500000000e-01,8.426147460937499778e-01
1.067846679687499911e+00,1.528320312500000000e-01,8.838989257812499556e-01
2.789721679687500178e+00,1.528320312500000000e-01,8.838989257812499556e-01
1.067846679687499911e+00,6.176757812500000000e-01,8.838989257812499556e-01
1.067846679687499911e+00,1.528320312500000000e-01,3.676147460937500000e-01
2.789721679687500178e+00,6.176757812500000000e-01,3.676147460937500000e-01
1.430346679687499956e+00,-5.971679687500000000e-01,5.276489257812500000e-01
2.427221679687499911e+00,-5.971679687500000000e-01,5.276489257812500000e-01
1.430346679687499956e+00,8.676757812500000000e-01,5.276489257812500000e-01
1.430346679687499956e+00,-5.971679687500000000e-01,1.136474609374999931e-02
2.427221679687499911e+00,8.676757812500000000e-01,1.136474609374999931e-02
2.880346679687499911e+00,4.028320312500000000e-01,5.264892578124999445e-02
9.772216796874999556e-01,4.028320312500000000e-01,5.264892578124999445e-02
2.880346679687499911e+00,-1.323242187500000000e-01,5.264892578124999445e-02
2.880346679687499911e+00,4.028320312500000000e-01,4.863647460937499667e-01
9.772216796874999556e-01,-1.323242187500000000e-01,4.863647460937499667e-01
2.155346679687499822e+00,-9.716796875000000000e-02,7.651489257812499334e-01
1.702221679687500044e+00,-9.716796875000000000e-02,7.651489257812499334e-01
2.155346679687499822e+00,-6.323242187500000000e-01,7.651489257812499334e-01
2.155346679687499822e+00,-9.716796875000000000e-02,7.238647460937499556e-01
1.702221679687500044e+00,-6.323242187500000000e-01,7.238647460937499556e-01
7.053466796874999778e-01,9.028320312500000000e-01,2.901489257812500111e-01
2.522216796874999778e-01,9.028320312500000000e-01,2.901489257812500111e-01
7.053466796874999778e-01,3.676757812500000000e-01,2.901489257812500111e-01
7.053466796874999778e-01,9.028320312500000000e-01,2.488647460937499778e-01
2.522216796874999778e-01,3.676757812500000000e-01,2.488647460937499778e-01
5.240966796874999556e-01,-9.721679687500000000e-01,8.245239257812500000e-01
1.158471679687500089e+00,-9.721679687500000000e-01,8.245239257812500000e-01
5.240966796874999556e-01,-7.573242187500000000e-01,8.245239257812500000e-01
5.240966796874999556e-01,-9.721679687500000000e-01,4.269897460937499556e-01
1.158471679687500089e+00,-7.573242187500000000e-01,4.269897460937499556e-01
1.974096679687500133e+00,2.783203125000000000e-02,3.495239257812499667e-01
2.608471679687499822e+00,2.783203125000000000e-02,3.495239257812499667e-01
1.974096679687500133e+00,2.426757812500000000e-01,3.495239257812499667e-01
1.974096679687500133e+00,2.783203125000000000e-02,9.019897460937499334e-01
2.608471679687499822e+00,2.426757812500000000e-01,9.019897460937499334e-01
2.699096679687500000e+00,-4.721679687500000000e-01,5.870239257812499556e-01
4.334716796875000000e-01,-4.721679687500000000e-01,5.870239257812499556e-01
2.699096679687500000e+00,7.426757812500000000e-01,5.870239257812499556e-01
2.699096679687500000e+00,-4.721679687500000000e-01,6.644897460937500000e-01
4.334716796875000000e-01,7.426757812500000000e-01,6.644897460937500000e-01
1.249096679687500044e+00,5.278320312500000000e-01,1.120239257812499917e-01
1.883471679687499956e+00,5.278320312500000000e-01,1.120239257812499917e-01
1.249096679687500044e+00,-2.573242187500000000e-01,1.120239257812499917e-01
1.249096679687500044e+00,5.278320312500000000e-01,1.894897460937499944e-01
1.883471679687499956e+00,-2.573242187500000000e-01,1.894897460937499944e-01
8.865966796875000000e-01,-2.221679687500000000e-01,4.682739257812499889e-01
2.245971679687500000e+00,-2.221679687500000000e-01,4.682739257812499889e-01
8.865966796875000000e-01,-7.324218750000000000e-03,4.682739257812499889e-01
8.865966796875000000e-01,-2.221679687500000000e-01,3.082397460937499889e-01
2.245971679687500000e+00,-7.324218750000000000e-03,3.082397460937499889e-01
2.336596679687500178e+00,7.778320312500000000e-01,9.432739257812499112e-01
7.959716796874999334e-01,7.778320312500000000e-01,9.432739257812499112e-01
2.336596679687500178e+00,9.926757812500000000e-01,9.432739257812499112e-01
2.336596679687500178e+00,7.778320312500000000e-01,7.832397460937499112e-01
7.959716796874999334e-01,9.926757812500000000e-01,7.832397460937499112e-01
1.611596679687500089e+00,-7.221679687500000000e-01,2.307739257812500000e-01
2.970971679687500089e+00,-7.221679687500000000e-01,2.307739257812500000e-01
1.611596679687500089e+00,4.926757812500000000e-01,2.307739257812500000e-01
1.611596679687500089e+00,-7.221679687500000000e-01,5.457397460937499778e-01
2.970971679687500089e+00,4.926757812500000000e-01,5.457397460937499778e-01
1.615966796874999944e-01,2.778320312500000000e-01,7.057739257812499778e-01
1.520971679687500133e+00,2.778320312500000000e-01,7.057739257812499778e-01
1.615966796874999944e-01,-5.073242187500000000e-01,7.057739257812499778e-01
1.615966796874999944e-01,2.778320312500000000e-01,7.073974609375000000e-02
1.520971679687500133e+00,-5.073242187500000000e-01,7.073974609375000000e-02
1.842529296875000111e-01,-9.252929687500000000e-01,1.788208007812499833e-01
2.631127929687500089e+00,-9.252929687500000000e-01,1.788208007812499833e-01
1.842529296875000111e-01,-4.604492187500000000e-01,1.788208007812499833e-01
1.842529296875000111e-01,-9.252929687500000000e-01,2.562866210937500000e-01
2.631127929687500089e+00,-4.604492187500000000e-01,2.562866210937500000e-01
1.634252929687500133e+00,7.470703125000000000e-02,6.538208007812499334e-01
1.181127929687500133e+00,7.470703125000000000e-02,6.538208007812499334e-01
1.634252929687500133e+00,5.395507812500000000e-01,6.538208007812499334e-01
1.634252929687500133e+00,7.470703125000000000e-02,7.312866210937499778e-01
1.181127929687500133e+00,5.395507812500000000e-01,7.312866210937499778e-01
2.359252929687500000e+00,-4.252929687500000000e-01,4.163208007812500000e-01
1.906127929687500000e+00,-4.252929687500000000e-01,4.163208007812500000e-01
2.359252929687500000e+00,3.955078125000000000e-02,4.163208007812500000e-01
2.359252929687500000e+00,-4.252929687500000000e-01,4.937866210937499889e-01
1.906127929687500000e+00,3.955078125000000000e-02,4.937866210937499889e-01
9.092529296874999334e-01,5.747070312500000000e-01,8.913208007812499778e-01
4.561279296875000444e-01,5.747070312500000000e-01,8.913208007812499778e-01
9.092529296874999334e-01,-9.604492187500000000e-01,8.913208007812499778e-01
9.092529296874999334e-01,5.747070312500000000e-01,1.878662109375000069e-02
4.561279296875000444e-01,-9.604492187500000000e-01,1.878662109375000069e-02
1.271752929687500089e+00,-1.752929687500000000e-01,5.350708007812500222e-01
8.186279296874999778e-01,-1.752929687500000000e-01,5.350708007812500222e-01
1.271752929687500089e+00,-7.104492187500000000e-01,5.350708007812500222e-01
1.271752929687500089e+00,-1.752929687500000000e-01,3.750366210937499667e-01
8.186279296874999778e-01,-7.104492187500000000e-01,3.750366210937499667e-01
2.721752929687499822e+00,8.247070312500000000e-01,6.007080078124999584e-02
2.268627929687499822e+00,8.247070312500000000e-01,6.007080078124999584e-02
2.721752929687499822e+00,2.895507812500000000e-01,6.007080078124999584e-02
2.721752929687499822e+00,8.247070312500000000e-01,8.500366210937500000e-01
2.268627929687499822e+00,2.895507812500000000e-01,8.500366210937500000e-01
1.996752929687499956e+00,-6.752929687500000000e-01,7.725708007812499556e-01
1.543627929687499956e+00,-6.752929687500000000e-01,7.725708007812499556e-01
1.996752929687499956e+00,7.895507812500000000e-01,7.725708007812499556e-01
1.996752929687499956e+00,-6.752929687500000000e-01,6.125366210937499556e-01
1.543627929687499956e+00,7.895507812500000000e-01,6.125366210937499556e-01
5.467529296875000000e-01,3.247070312500000000e-01,2.975708007812499778e-01
2.993627929687499911e+00,3.247070312500000000e-01,2.975708007812499778e-01
5.467529296875000000e-01,-2.104492187500000000e-01,2.975708007812499778e-01
5.467529296875000000e-01,3.247070312500000000e-01,1.375366210937500056e-01
2.993627929687499911e+00,-2.104492187500000000e-01,1.375366210937500056e-01
7.280029296874999112e-01,-3.002929687500000000e-01,7.131958007812500000e-01
2.087377929687499911e+00,-3.002929687500000000e-01,7.131958007812500000e-01
7.280029296874999112e-01,6.645507812500000000e-01,7.131958007812500000e-01
7.280029296874999112e-01,-3.002929687500000000e-01,7.816162109374999445e-02
2.087377929687499911e+00,6.645507812500000000e-01,7.816162109374999445e-02
2.178002929687500089e+00,6.997070312500000000e-01,2.381958007812499944e-01
6.373779296874999556e-01,6.997070312500000000e-01,2.381958007812499944e-01
2.178002929687500089e+00,-3.354492187500000000e-01,2.381958007812499944e-01
2.178002929687500089e+00,6.997070312500000000e-01,5.531616210937500000e-01
6.373779296874999556e-01,-3.354492187500000000e-01,5.531616210937500000e-01
2.903002929687500178e+00,-8.002929687500000000e-01,4.756958007812499556e-01
2.812377929687500000e+00,-8.002929687500000000e-01,4.756958007812499556e-01
2.903002929687500178e+00,-8.354492187500000000e-01,4.756958007812499556e-01
2.903002929687500178e+00,-8.002929687500000000e-01,7.906616210937499334e-01
2.812377929687500000e+00,-8.354492187500000000e-01,7.906616210937499334e-01
1.453002929687500000e+00,1.997070312500000000e-01,6.958007812499999133e-04
1.362377929687500044e+00,1.997070312500000000e-01,6.958007812499999133e-04
1.453002929687500000e+00,1.645507812500000000e-01,6.958007812499999133e-04
1.453002929687500000e+00,1.997070312500000000e-01,3.156616210937500111e-01
1.362377929687500044e+00,1.645507812500000000e-01,3.156616210937500111e-01
1.090502929687499956e+00,-5.502929687500000000e-01,3.569458007812499889e-01
9.998779296875000000e-01,-5.502929687500000000e-01,3.569458007812499889e-01
1.090502929687499956e+00,4.145507812500000000e-01,3.569458007812499889e-01
1.090502929687499956e+00,-5.502929687500000000e-01,1.969116210937499889e-01
9.998779296875000000e-01,4.145507812500000000e-01,1.969116210937499889e-01
2.540502929687499911e+00,4.497070312500000000e-01,8.319458007812499112e-01
2.449877929687500178e+00,4.497070312500000000e-01,8.319458007812499112e-01
2.540502929687499911e+00,-5.854492187500000000e-01,8.319458007812499112e-01
2.540502929687499911e+00,4.497070312500000000e-01,6.719116210937500222e-01
2.449877929687500178e+00,-5.854492187500000000e-01,6.719116210937500222e-01
1.815502929687500044e+00,-5.029296875000000000e-02,1.194458007812500000e-01
2.748779296875000222e-01,-5.029296875000000000e-02,1.194458007812500000e-01
1.815502929687500044e+00,-8.544921875000000000e-02,1.194458007812500000e-01
1.815502929687500044e+00,-5.029296875000000000e-02,9.094116210937499556e-01
2.748779296875000222e-01,-8.544921875000000000e-02,9.094116210937499556e-01
3.655029296874999778e-01,9.497070312500000000e-01,5.944458007812499778e-01
1.724877929687500089e+00,9.497070312500000000e-01,5.944458007812499778e-01
3.655029296874999778e-01,9.145507812500000000e-01,5.944458007812499778e-01
3.655029296874999778e-01,9.497070312500000000e-01,4.344116210937499778e-01
1.724877929687500089e+00,9.145507812500000000e-01,4.344116210937499778e-01
4.561279296875000444e-01,-1.127929687500000000e-01,2.678833007812500000e-01
1.453002929687500000e+00,-1.127929687500000000e-01,2.678833007812500000e-01
4.561279296875000444e-01,-8.979492187500000000e-01,2.678833007812500000e-01
4.561279296875000444e-01,-1.127929687500000000e-01,7.015991210937500000e-01
1.453002929687500000e+00,-8.979492187500000000e-01,7.015991210937500000e-01
1.906127929687500000e+00,8.872070312500000000e-01,7.428833007812499778e-01
2.903002929687500178e+00,8.872070312500000000e-01,7.428833007812499778e-01
1.906127929687500000e+00,1.020507812500000000e-01,7.428833007812499778e-01
1.906127929687500000e+00,8.872070312500000000e-01,2.265991210937499944e-01
2.903002929687500178e+00,1.020507812500000000e-01,2.265991210937499944e-01
2.631127929687500089e+00,-6.127929687500000000e-01,3.038330078124999722e-02
7.280029296874999112e-01,-6.127929687500000000e-01,3.038330078124999722e-02
2.631127929687500089e+00,6.020507812500000000e-01,3.038330078124999722e-02
2.631127929687500089e+00,-6.127929687500000000e-01,4.640991210937499556e-01
7.280029296874999112e-01,6.020507812500000000e-01,4.640991210937499556e-01
1.181127929687500133e+00,3.872070312500000000e-01,5.053833007812499334e-01
2.178002929687500089e+00,3.872070312500000000e-01,5.053833007812499334e-01
1.181127929687500133e+00,-3.979492187500000000e-01,5.053833007812499334e-01
1.181127929687500133e+00,3.872070312500000000e-01,9.390991210937499334e-01
2.178002929687500089e+00,-3.979492187500000000e-01,9.390991210937499334e-01
1.543627929687499956e+00,-8.627929687500000000e-01,8.616333007812500000e-01
1.815502929687500044e+00,-8.627929687500000000e-01,8.616333007812500000e-01
1.543627929687499956e+00,-1.479492187500000000e-01,8.616333007812500000e-01
1.543627929687499956e+00,-8.627929687500000000e-01,5.828491210937499778e-01
1.815502929687500044e+00,-1.479492187500000000e-01,5.828491210937499778e-01
2.993627929687499911e+00,1.372070312500000000e-01,3.866333007812499667e-01
3.655029296874999778e-01,1.372070312500000000e-01,3.866333007812499667e-01
2.993627929687499911e+00,8.520507812500000000e-01,3.866333007812499667e-01
2.993627929687499911e+00,1.372070312500000000e-01,1.078491210937500000e-01
3.655029296874999778e-01,8.520507812500000000e-01,1.078491210937500000e-01
2.268627929687499822e+00,-3.627929687500000000e-01,6.241333007812499556e-01
2.540502929687499911e+00,-3.627929687500000000e-01,6.241333007812499556e-01
2.268627929687499822e+00,3.520507812500000000e-01,6.241333007812499556e-01
2.268627929687499822e+00,-3.627929687500000000e-01,3.453491210937499889e-01
2.540502929687499911e+00,3.520507812500000000e-01,3.453491210937499889e-01
8.186279296874999778e-01,6.372070312500000000e-01,1.491333007812500056e-01
1.090502929687499956e+00,6.372070312500000000e-01,1.491333007812500056e-01
8.186279296874999778e-01,-6.479492187500000000e-01,1.491333007812500056e-01
8.186279296874999778e-01,6.372070312500000000e-01,8.203491210937499112e-01
1.090502929687499956e+00,-6.479492187500000000e-01,8.203491210937499112e-01
6.373779296874999556e-01,-7.377929687500000000e-01,6.835083007812500222e-01
1.842529296875000111e-01,-7.377929687500000000e-01,6.835083007812500222e-01
6.373779296874999556e-01,2.270507812500000000e-01,6.835083007812500222e-01
6.373779296874999556e-01,-7.377929687500000000e-01,8.797241210937499778e-01
1.842529296875000111e-01,2.270507812500000000e-01,8.797241210937499778e-01
2.087377929687499911e+00,2.622070312500000000e-01,2.085083007812499889e-01
1.634252929687500133e+00,2.622070312500000000e-01,2.085083007812499889e-01
2.087377929687499911e+00,-7.729492187500000000e-01,2.085083007812499889e-01
2.087377929687499911e+00,2.622070312500000000e-01,4.047241210937500000e-01
1.634252929687500133e+00,-7.729492187500000000e-01,4.047241210937500000e-01
2.812377929687500000e+00,-2.377929687500000000e-01,9.210083007812499556e-01
9.092529296874999334e-01,-2.377929687500000000e-01,9.210083007812499556e-01
2.812377929687500000e+00,-2.729492187500000000e-01,9.210083007812499556e-01
2.812377929687500000e+00,-2.377929687500000000e-01,1.672241210937499833e-01
9.092529296874999334e-01,-2.729492187500000000e-01,1.672241210937499833e-01
1.362377929687500044e+00,7.622070312500000000e-01,4.460083007812499778e-01
2.359252929687500000e+00,7.622070312500000000e-01,4.460083007812499778e-01
1.362377929687500044e+00,7.270507812500000000e-01,4.460083007812499778e-01
1.362377929687500044e+00,7.622070312500000000e-01,6.422241210937499334e-01
2.359252929687500000e+00,7.270507812500000000e-01,6.422241210937499334e-01
9.998779296875000000e-01,-4.877929687500000000e-01,8.975830078124999445e-02
2.721752929687499822e+00,-4.877929687500000000e-01,8.975830078124999445e-02
9.998779296875000000e-01,9.770507812500000000e-01,8.975830078124999445e-02
9.998779296875000000e-01,-4.877929687500000000e-01,7.609741210937499556e-01
2.721752929687499822e+00,9.770507812500000000e-01,7.609741210937499556e-01
2.449877929687500178e+00,5.122070312500000000e-01,5.647583007812500000e-01
1.271752929687500089e+00,5.122070312500000000e-01,5.647583007812500000e-01
2.449877929687500178e+00,-2.294921875000000000e-02,5.647583007812500000e-01
2.449877929687500178e+00,5.122070312500000000e-01,2.859741210937499778e-01
1.271752929687500089e+00,-2.294921875000000000e-02,2.859741210937499778e-01
1.724877929687500089e+00,-9.877929687500000000e-01,3.272583007812500111e-01
1.996752929687499956e+00,-9.877929687500000000e-01,3.272583007812500111e-01
1.724877929687500089e+00,-5.229492187500000000e-01,3.272583007812500111e-01
1.724877929687500089e+00,-9.877929687500000000e-01,4.847412109374999584e-02
1.996752929687499956e+00,-5.229492187500000000e-01,4.847412109374999584e-02
2.748779296875000222e-01,1.220703125000000000e-02,8.022583007812499334e-01
5.467529296875000000e-01,1.220703125000000000e-02,8.022583007812499334e-01
2.748779296875000222e-01,4.770507812500000000e-01,8.022583007812499334e-01
2.748779296875000222e-01,1.220703125000000000e-02,5.234741210937500222e-01
5.467529296875000000e-01,4.770507812500000000e-01,5.234741210937500222e-01
2.295654296874999889e-01,-3.940429687500000000e-01,4.905395507812500000e-01
1.045190429687500089e+00,-3.940429687500000000e-01,4.905395507812500000e-01
2.295654296874999889e-01,-2.416992187500000000e-01,4.905395507812500000e-01
2.295654296874999889e-01,-3.940429687500000000e-01,6.273803710937500000e-01
1.045190429687500089e+00,-2.416992187500000000e-01,6.273803710937500000e-01
1.679565429687500000e+00,6.059570312500000000e-01,1.553955078124999965e-02
2.495190429687499822e+00,6.059570312500000000e-01,1.553955078124999965e-02
1.679565429687500000e+00,7.583007812500000000e-01,1.553955078124999965e-02
1.679565429687500000e+00,6.059570312500000000e-01,1.523803710937499944e-01
2.495190429687499822e+00,7.583007812500000000e-01,1.523803710937499944e-01
2.404565429687500089e+00,-8.940429687500000000e-01,7.280395507812499334e-01
3.201904296875000000e-01,-8.940429687500000000e-01,7.280395507812499334e-01
2.404565429687500089e+00,2.583007812500000000e-01,7.280395507812499334e-01
2.404565429687500089e+00,-8.940429687500000000e-01,3.898803710937499556e-01
3.201904296875000000e-01,2.583007812500000000e-01,3.898803710937499556e-01
9.545654296874999112e-01,1.059570312500000000e-01,2.530395507812500111e-01
1.770190429687499956e+00,1.059570312500000000e-01,2.530395507812500111e-01
9.545654296874999112e-01,-7.416992187500000000e-01,2.530395507812500111e-01
9.545654296874999112e-01,1.059570312500000000e-01,8.648803710937499334e-01
1.770190429687499956e+00,-7.416992187500000000e-01,8.648803710937499334e-01
1.317065429687499956e+00,-6.440429687500000000e-01,1.342895507812499889e-01
2.132690429687500000e+00,-6.440429687500000000e-01,1.342895507812499889e-01
1.317065429687499956e+00,-9.916992187500000000e-01,1.342895507812499889e-01
1.317065429687499956e+00,-6.440429687500000000e-01,5.086303710937499778e-01
2.132690429687500000e+00,-9.916992187500000000e-01,5.086303710937499778e-01
2.767065429687499911e+00,3.559570312500000000e-01,6.092895507812500222e-01
6.826904296874999334e-01,3.559570312500000000e-01,6.092895507812500222e-01
2.767065429687499911e+00,8.300781250000000000e-03,6.092895507812500222e-01
2.767065429687499911e+00,3.559570312500000000e-01,3.363037109375000000e-02
6.826904296874999334e-01,8.300781250000000000e-03,3.363037109375000000e-02
2.042065429687499822e+00,-1.440429687500000000e-01,3.717895507812499778e-01
2.857690429687500089e+00,-1.440429687500000000e-01,3.717895507812499778e-01
2.042065429687499822e+00,5.083007812500000000e-01,3.717895507812499778e-01
2.042065429687499822e+00,-1.440429687500000000e-01,2.711303710937499889e-01
2.857690429687500089e+00,5.083007812500000000e-01,2.711303710937499889e-01
5.920654296874999778e-01,8.559570312500000000e-01,8.467895507812499556e-01
1.407690429687500133e+00,8.559570312500000000e-01,8.467895507812499556e-01
5.920654296874999778e-01,-4.916992187500000000e-01,8.467895507812499556e-01
5.920654296874999778e-01,8.559570312500000000e-01,7.461303710937499112e-01
1.407690429687500133e+00,-4.916992187500000000e-01,7.461303710937499112e-01
7.733154296875000000e-01,-7.690429687500000000e-01,4.311645507812499889e-01
5.014404296875000222e-01,-7.690429687500000000e-01,4.311645507812499889e-01
7.733154296875000000e-01,8.833007812500000000e-01,4.311645507812499889e-01
7.733154296875000000e-01,-7.690429687500000000e-01,9.242553710937500000e-01
5.014404296875000222e-01,8.833007812500000000e-01,9.242553710937500000e-01
2.223315429687500178e+00,2.309570312500000000e-01,9.061645507812499112e-01
1.951440429687500089e+00,2.309570312500000000e-01,9.061645507812499112e-01
2.223315429687500178e+00,-1.166992187500000000e-01,9.061645507812499112e-01
2.223315429687500178e+00,2.309570312500000000e-01,4.492553710937499667e-01
1.951440429687500089e+00,-1.166992187500000000e-01,4.492553710937499667e-01
2.948315429687499822e+00,-2.690429687500000000e-01,1.936645507812500000e-01
1.226440429687500000e+00,-2.690429687500000000e-01,1.936645507812500000e-01
2.948315429687499822e+00,-6.166992187500000000e-01,1.936645507812500000e-01
2.948315429687499822e+00,-2.690429687500000000e-01,2.117553710937499778e-01
1.226440429687500000e+00,-6.166992187500000000e-01,2.117553710937499778e-01
1.498315429687500089e+00,7.309570312500000000e-01,6.686645507812499778e-01
2.676440429687500178e+00,7.309570312500000000e-01,6.686645507812499778e-01
1.498315429687500089e+00,3.833007812500000000e-01,6.686645507812499778e-01
1.498315429687500089e+00,7.309570312500000000e-01,6.867553710937499556e-01
2.676440429687500178e+00,3.833007812500000000e-01,6.867553710937499556e-01
1.135815429687500044e+00,-1.904296875000000000e-02,7.874145507812500000e-01
2.313940429687499911e+00,-1.904296875000000000e-02,7.874145507812500000e-01
1.135815429687500044e+00,1.333007812500000000e-01,7.874145507812500000e-01
1.135815429687500044e+00,-1.904296875000000000e-02,8.055053710937499778e-01
2.313940429687499911e+00,1.333007812500000000e-01,8.055053710937499778e-01
2.585815429687500000e+00,9.809570312500000000e-01,3.124145507812499667e-01
8.639404296874999556e-01,9.809570312500000000e-01,3.124145507812499667e-01
2.585815429687500000e+00,-8.666992187500000000e-01,3.124145507812499667e-01
2.585815429687500000e+00,9.809570312500000000e-01,3.305053710937500000e-01
8.639404296874999556e-01,-8.666992187500000000e-01,3.305053710937500000e-01
1.860815429687500133e+00,-5.190429687500000000e-01,5.499145507812499556e-01
1.588940429687500044e+00,-5.190429687500000000e-01,5.499145507812499556e-01
1.860815429687500133e+00,-3.666992187500000000e-01,5.499145507812499556e-01
1.860815429687500133e+00,-5.190429687500000000e-01,9.300537109374999722e-02
1.588940429687500044e+00,-3.666992187500000000e-01,9.300537109374999722e-02
4.108154296874999556e-01,4.809570312500000000e-01,7.491455078124999167e-02
1.389404296875000056e-01,4.809570312500000000e-01,7.491455078124999167e-02
4.108154296874999556e-01,6.333007812500000000e-01,7.491455078124999167e-02
4.108154296874999556e-01,4.809570312500000000e-01,5.680053710937499334e-01
1.389404296875000056e-01,6.333007812500000000e-01,5.680053710937499334e-01
3.201904296875000000e-01,-5.815429687500000000e-01,9.358520507812500000e-01
2.948315429687499822e+00,-5.815429687500000000e-01,9.358520507812500000e-01
3.201904296875000000e-01,-6.791992187500000000e-01,9.358520507812500000e-01
3.201904296875000000e-01,-5.815429687500000000e-01,3.008178710937499667e-01
2.948315429687499822e+00,-6.791992187500000000e-01,3.008178710937499667e-01
1.770190429687499956e+00,4.184570312500000000e-01,4.608520507812499667e-01
1.498315429687500089e+00,4.184570312500000000e-01,4.608520507812499667e-01
1.770190429687499956e+00,3.208007812500000000e-01,4.608520507812499667e-01
1.770190429687499956e+00,4.184570312500000000e-01,7.758178710937500000e-01
1.498315429687500089e+00,3.208007812500000000e-01,7.758178710937500000e-01
2.495190429687499822e+00,-8.154296875000000000e-02,6.983520507812499556e-01
2.223315429687500178e+00,-8.154296875000000000e-02,6.983520507812499556e-01
2.495190429687499822e+00,8.208007812500000000e-01,6.983520507812499556e-01
2.495190429687499822e+00,-8.154296875000000000e-02,5.383178710937499556e-01
2.223315429687500178e+00,8.208007812500000000e-01,5.383178710937499556e-01
1.045190429687500089e+00,9.184570312500000000e-01,2.233520507812499778e-01
7.733154296875000000e-01,9.184570312500000000e-01,2.233520507812499778e-01
1.045190429687500089e+00,-1.791992187500000000e-01,2.233520507812499778e-01
1.045190429687500089e+00,9.184570312500000000e-01,6.331787109374999167e-02
7.733154296875000000e-01,-1.791992187500000000e-01,6.331787109374999167e-02
1.407690429687500133e+00,-3.315429687500000000e-01,3.421020507812500000e-01
4.108154296874999556e-01,-3.315429687500000000e-01,3.421020507812500000e-01
1.407690429687500133e+00,-4.291992187500000000e-01,3.421020507812500000e-01
1.407690429687500133e+00,-3.315429687500000000e-01,4.195678710937499889e-01
4.108154296874999556e-01,-4.291992187500000000e-01,4.195678710937499889e-01
2.857690429687500089e+00,6.684570312500000000e-01,8.171020507812499778e-01
1.860815429687500133e+00,6.684570312500000000e-01,8.171020507812499778e-01
2.857690429687500089e+00,5.708007812500000000e-01,8.171020507812499778e-01
2.857690429687500089e+00,6.684570312500000000e-01,8.945678710937499112e-01
1.860815429687500133e+00,5.708007812500000000e-01,8.945678710937499112e-01
2.132690429687500000e+00,-8.315429687500000000e-01,1.046020507812499972e-01
1.135815429687500044e+00,-8.315429687500000000e-01,1.046020507812499972e-01
2.132690429687500000e+00,7.080078125000000000e-02,1.046020507812499972e-01
2.132690429687500000e+00,-8.315429687500000000e-01,6.570678710937499778e-01
1.135815429687500044e+00,7.080078125000000000e-02,6.570678710937499778e-01
6.826904296874999334e-01,1.684570312500000000e-01,5.796020507812499334e-01
2.585815429687500000e+00,1.684570312500000000e-01,5.796020507812499334e-01
6.826904296874999334e-01,-9.291992187500000000e-01,5.796020507812499334e-01
6.826904296874999334e-01,1.684570312500000000e-01,1.820678710937500000e-01
2.585815429687500000e+00,-9.291992187500000000e-01,1.820678710937500000e-01
5.014404296875000222e-01,-2.065429687500000000e-01,4.522705078125000000e-02
1.679565429687500000e+00,-2.065429687500000000e-01,4.522705078125000000e-02
5.014404296875000222e-01,4.458007812500000000e-01,4.522705078125000000e-02
5.014404296875000222e-01,-2.065429687500000000e-01,3.942871093749999653e-03
1.679565429687500000e+00,4.458007812500000000e-01,3.942871093749999653e-03
1.951440429687500089e+00,7.934570312500000000e-01,5.202270507812499778e-01
2.295654296874999889e-01,7.934570312500000000e-01,5.202270507812499778e-01
1.951440429687500089e+00,-5.541992187500000000e-01,5.202270507812499778e-01
1.951440429687500089e+00,7.934570312500000000e-01,4.789428710937500000e-01
2.295654296874999889e-01,-5.541992187500000000e-01,4.789428710937500000e-01
2.676440429687500178e+00,-7.065429687500000000e-01,2.827270507812499889e-01
2.404565429687500089e+00,-7.065429687500000000e-01,2.827270507812499889e-01
2.676440429687500178e+00,-5.419921875000000000e-02,2.827270507812499889e-01
2.676440429687500178e+00,-7.065429687500000000e-01,7.164428710937499334e-01
2.404565429687500089e+00,-5.419921875000000000e-02,7.164428710937499334e-01
1.226440429687500000e+00,2.934570312500000000e-01,7.577270507812499112e-01
9.545654296874999112e-01,2.934570312500000000e-01,7.577270507812499112e-01
1.226440429687500000e+00,9.458007812500000000e-01,7.577270507812499112e-01
1.226440429687500000e+00,2.934570312500000000e-01,2.414428710937499833e-01
9.545654296874999112e-01,9.458007812500000000e-01,2.414428710937499833e-01
8.639404296874999556e-01,-9.565429687500000000e-01,6.389770507812500000e-01
1.317065429687499956e+00,-9.565429687500000000e-01,6.389770507812500000e-01
8.639404296874999556e-01,6.958007812500000000e-01,6.389770507812500000e-01
8.639404296874999556e-01,-9.565429687500000000e-01,1.226928710937499889e-01
1.317065429687499956e+00,6.958007812500000000e-01,1.226928710937499889e-01
2.313940429687499911e+00,4.345703125000000000e-02,1.639770507812499944e-01
2.767065429687499911e+00,4.345703125000000000e-02,1.639770507812499944e-01
2.313940429687499911e+00,-3.041992187500000000e-01,1.639770507812499944e-01
2.313940429687499911e+00,4.345703125000000000e-02,5.976928710937500222e-01
2.767065429687499911e+00,-3.041992187500000000e-01,5.976928710937500222e-01
1.588940429687500044e+00,-4.565429687500000000e-01,8.764770507812499334e-01
5.920654296874999778e-01,-4.565429687500000000e-01,8.764770507812499334e-01
1.588940429687500044e+00,-8.041992187500000000e-01,8.764770507812499334e-01
1.588940429687500044e+00,-4.565429687500000000e-01,8.351928710937499556e-01
5.920654296874999778e-01,-8.041992187500000000e-01,8.351928710937499556e-01
1.389404296875000056e-01,5.434570312500000000e-01,4.014770507812499556e-01
2.042065429687499822e+00,5.434570312500000000e-01,4.014770507812499556e-01
1.389404296875000056e-01,1.958007812500000000e-01,4.014770507812499556e-01
1.389404296875000056e-01,5.434570312500000000e-01,3.601928710937499778e-01
2.042065429687499822e+00,1.958007812500000000e-01,3.601928710937499778e-01
1.276123046875000111e-01,-5.424804687500000000e-01,6.278442382812500222e-01
7.393310546874999334e-01,-5.424804687500000000e-01,6.278442382812500222e-01
1.276123046875000111e-01,-9.682617187500000000e-01,6.278442382812500222e-01
1.276123046875000111e-01,-5.424804687500000000e-01,5.717163085937500000e-01
7.393310546874999334e-01,-9.682617187500000000e-01,5.717163085937500000e-01
1.577612304687500133e+00,4.575195312500000000e-01,1.528442382812499889e-01
2.189331054687500000e+00,4.575195312500000000e-01,1.528442382812499889e-01
1.577612304687500133e+00,3.173828125000000000e-02,1.528442382812499889e-01
1.577612304687500133e+00,4.575195312500000000e-01,9.671630859374999445e-02
2.189331054687500000e+00,3.173828125000000000e-02,9.671630859374999445e-02
2.302612304687500000e+00,-4.248046875000000000e-02,8.653442382812499556e-01
1.464331054687500133e+00,-4.248046875000000000e-02,8.653442382812499556e-01
2.302612304687500000e+00,5.317382812500000000e-01,8.653442382812499556e-01
2.302612304687500000e+00,-4.248046875000000000e-02,3.342163085937500111e-01
1.464331054687500133e+00,5.317382812500000000e-01,3.342163085937500111e-01
8.526123046874999334e-01,9.575195312500000000e-01,3.903442382812499778e-01
2.914331054687500089e+00,9.575195312500000000e-01,3.903442382812499778e-01
8.526123046874999334e-01,-4.682617187500000000e-01,3.903442382812499778e-01
8.526123046874999334e-01,9.575195312500000000e-01,8.092163085937499334e-01
2.914331054687500089e+00,-4.682617187500000000e-01,8.092163085937499334e-01
1.215112304687500089e+00,-2.924804687500000000e-01,3.409423828125000139e-02
2.551831054687499822e+00,-2.924804687500000000e-01,3.409423828125000139e-02
1.215112304687500089e+00,-2.182617187500000000e-01,3.409423828125000139e-02
1.215112304687500089e+00,-2.924804687500000000e-01,6.904663085937500222e-01
2.551831054687499822e+00,-2.182617187500000000e-01,6.904663085937500222e-01
2.665112304687499822e+00,7.075195312500000000e-01,5.090942382812500000e-01
1.101831054687500089e+00,7.075195312500000000e-01,5.090942382812500000e-01
2.665112304687499822e+00,7.817382812500000000e-01,5.090942382812500000e-01
2.665112304687499822e+00,7.075195312500000000e-01,2.154663085937499889e-01
1.101831054687500089e+00,7.817382812500000000e-01,2.154663085937499889e-01
1.940112304687499956e+00,-7.924804687500000000e-01,2.715942382812500111e-01
1.826831054687499956e+00,-7.924804687500000000e-01,2.715942382812500111e-01
1.940112304687499956e+00,2.817382812500000000e-01,2.715942382812500111e-01
1.940112304687499956e+00,-7.924804687500000000e-01,4.529663085937499778e-01
1.826831054687499956e+00,2.817382812500000000e-01,4.529663085937499778e-01
4.901123046875000000e-01,2.075195312500000000e-01,7.465942382812499334e-01
3.768310546875000000e-01,2.075195312500000000e-01,7.465942382812499334e-01
4.901123046875000000e-01,-7.182617187500000000e-01,7.465942382812499334e-01
4.901123046875000000e-01,2.075195312500000000e-01,9.279663085937499556e-01
3.768310546875000000e-01,-7.182617187500000000e-01,9.279663085937499556e-01
6.713623046874999112e-01,-1.674804687500000000e-01,3.309692382812499667e-01
9.205810546874999556e-01,-1.674804687500000000e-01,3.309692382812499667e-01
6.713623046874999112e-01,1.567382812500000000e-01,3.309692382812499667e-01
6.713623046874999112e-01,-1.674804687500000000e-01,7.498413085937499778e-01
9.205810546874999556e-01,1.567382812500000000e-01,7.498413085937499778e-01
2.121362304687500089e+00,8.325195312500000000e-01,8.059692382812500000e-01
2.370581054687499911e+00,8.325195312500000000e-01,8.059692382812500000e-01
2.121362304687500089e+00,-8.432617187500000000e-01,8.059692382812500000e-01
2.121362304687500089e+00,8.325195312500000000e-01,2.748413085937500000e-01
2.370581054687499911e+00,-8.432617187500000000e-01,2.748413085937500000e-01
2.846362304687500178e+00,-6.674804687500000000e-01,9.346923828124999167e-02
1.955810546875000056e-01,-6.674804687500000000e-01,9.346923828124999167e-02
2.846362304687500178e+00,-3.432617187500000000e-01,9.346923828124999167e-02
2.846362304687500178e+00,-6.674804687500000000e-01,3.734130859374999722e-02
1.955810546875000056e-01,-3.432617187500000000e-01,3.734130859374999722e-02
1.396362304687500000e+00,3.325195312500000000e-01,5.684692382812499556e-01
1.645581054687500044e+00,3.325195312500000000e-01,5.684692382812499556e-01
1.396362304687500000e+00,6.567382812500000000e-01,5.684692382812499556e-01
1.396362304687500000e+00,3.325195312500000000e-01,5.123413085937499334e-01
1.645581054687500044e+00,6.567382812500000000e-01,5.123413085937499334e-01
1.033862304687499956e+00,-9.174804687500000000e-01,9.247192382812499112e-01
2.008081054687500089e+00,-9.174804687500000000e-01,9.247192382812499112e-01
1.033862304687499956e+00,9.067382812500000000e-01,9.247192382812499112e-01
1.033862304687499956e+00,-9.174804687500000000e-01,8.685913085937500000e-01
2.008081054687500089e+00,9.067382812500000000e-01,8.685913085937500000e-01
2.483862304687499911e+00,8.251953125000000000e-02,4.497192382812499889e-01
5.580810546875000222e-01,8.251953125000000000e-02,4.497192382812499889e-01
2.483862304687499911e+00,-9.326171875000000000e-02,4.497192382812499889e-01
2.483862304687499911e+00,8.251953125000000000e-02,3.935913085937499667e-01
5.580810546875000222e-01,-9.326171875000000000e-02,3.935913085937499667e-01
1.758862304687500044e+00,-4.174804687500000000e-01,6.872192382812499778e-01
2.733081054687500178e+00,-4.174804687500000000e-01,6.872192382812499778e-01
1.758862304687500044e+00,-5.932617187500000000e-01,6.872192382812499778e-01
1.758862304687500044e+00,-4.174804687500000000e-01,1.560913085937500056e-01
2.733081054687500178e+00,-5.932617187500000000e-01,1.560913085937500056e-01
3.088623046874999778e-01,5.825195312500000000e-01,2.122192382812500000e-01
1.283081054687500000e+00,5.825195312500000000e-01,2.122192382812500000e-01
3.088623046874999778e-01,4.067382812500000000e-01,2.122192382812500000e-01
3.088623046874999778e-01,5.825195312500000000e-01,6.310913085937499556e-01
1.283081054687500000e+00,4.067382812500000000e-01,6.310913085937499556e-01
3.994873046875000444e-01,-4.799804687500000000e-01,7.762817382812499112e-01
1.736206054687500000e+00,-4.799804687500000000e-01,7.762817382812499112e-01
3.994873046875000444e-01,-4.057617187500000000e-01,7.762817382812499112e-01
3.994873046875000444e-01,-4.799804687500000000e-01,3.639038085937499889e-01
1.736206054687500000e+00,-4.057617187500000000e-01,3.639038085937499889e-01
1.849487304687500000e+00,5.200195312500000000e-01,3.012817382812499889e-01
2.862060546874999889e-01,5.200195312500000000e-01,3.012817382812499889e-01
1.849487304687500000e+00,5.942382812500000000e-01,3.012817382812499889e-01
1.849487304687500000e+00,5.200195312500000000e-01,8.389038085937499112e-01
2.862060546874999889e-01,5.942382812500000000e-01,8.389038085937499112e-01
2.574487304687500089e+00,-9.799804687500000000e-01,5.387817382812499778e-01
2.461206054687500089e+00,-9.799804687500000000e-01,5.387817382812499778e-01
2.574487304687500089e+00,9.423828125000000000e-02,5.387817382812499778e-01
2.574487304687500089e+00,-9.799804687500000000e-01,6.014038085937499778e-01
2.461206054687500089e+00,9.423828125000000000e-02,6.014038085937499778e-01
1.124487304687500133e+00,2.001953125000000000e-02,6.378173828125000000e-02
1.011206054687499911e+00,2.001953125000000000e-02,6.378173828125000000e-02
1.124487304687500133e+00,-9.057617187500000000e-01,6.378173828125000000e-02
1.124487304687500133e+00,2.001953125000000000e-02,1.264038085937500000e-01
1.011206054687499911e+00,-9.057617187500000000e-01,1.264038085937500000e-01
1.486987304687499956e+00,-7.299804687500000000e-01,4.200317382812499556e-01
1.373706054687499956e+00,-7.299804687500000000e-01,4.200317382812499556e-01
1.486987304687499956e+00,-6.557617187500000000e-01,4.200317382812499556e-01
1.486987304687499956e+00,-7.299804687500000000e-01,2.451538085937499944e-01
1.373706054687499956e+00,-6.557617187500000000e-01,2.451538085937499944e-01
2.936987304687499911e+00,2.700195312500000000e-01,8.950317382812499334e-01
2.823706054687499911e+00,2.700195312500000000e-01,8.950317382812499334e-01
2.936987304687499911e+00,3.442382812500000000e-01,8.950317382812499334e-01
2.936987304687499911e+00,2.700195312500000000e-01,7.201538085937500000e-01
2.823706054687499911e+00,3.442382812500000000e-01,7.201538085937500000e-01
2.211987304687499822e+00,-2.299804687500000000e-01,1.825317382812499944e-01
6.487060546874999778e-01,-2.299804687500000000e-01,1.825317382812499944e-01
2.211987304687499822e+00,8.442382812500000000e-01,1.825317382812499944e-01
2.211987304687499822e+00,-2.299804687500000000e-01,4.826538085937499556e-01
6.487060546874999778e-01,8.442382812500000000e-01,4.826538085937499556e-01
7.619873046874999778e-01,7.700195312500000000e-01,6.575317382812500000e-01
2.098706054687499822e+00,7.700195312500000000e-01,6.575317382812500000e-01
7.619873046874999778e-01,-1.557617187500000000e-01,6.575317382812500000e-01
7.619873046874999778e-01,7.700195312500000000e-01,7.653808593749999480e-03
2.098706054687499822e+00,-1.557617187500000000e-01,7.653808593749999480e-03
5.807373046874999556e-01,-8.549804687500000000e-01,1.231567382812499972e-01
2.642456054687500000e+00,-8.549804687500000000e-01,1.231567382812499972e-01
5.807373046874999556e-01,7.192382812500000000e-01,1.231567382812499972e-01
5.807373046874999556e-01,-8.549804687500000000e-01,1.857788085937499833e-01
2.642456054687500000e+00,7.192382812500000000e-01,1.857788085937499833e-01
2.030737304687499911e+00,1.450195312500000000e-01,5.981567382812499334e-01
1.192456054687500044e+00,1.450195312500000000e-01,5.981567382812499334e-01
2.030737304687499911e+00,-2.807617187500000000e-01,5.981567382812499334e-01
2.030737304687499911e+00,1.450195312500000000e-01,6.607788085937499334e-01
1.192456054687500044e+00,-2.807617187500000000e-01,6.607788085937499334e-01
2.755737304687500000e+00,-3.549804687500000000e-01,3.606567382812500000e-01
1.917456054687500133e+00,-3.549804687500000000e-01,3.606567382812500000e-01
2.755737304687500000e+00,-7.807617187500000000e-01,3.606567382812500000e-01
2.755737304687500000e+00,-3.549804687500000000e-01,8.982788085937499778e-01
1.917456054687500133e+00,-7.807617187500000000e-01,8.982788085937499778e-01
1.305737304687500044e+00,6.450195312500000000e-01,8.356567382812499778e-01
4.674560546874999556e-01,6.450195312500000000e-01,8.356567382812499778e-01
1.305737304687500044e+00,2.192382812500000000e-01,8.356567382812499778e-01
1.305737304687500044e+00,6.450195312500000000e-01,4.232788085937500000e-01
4.674560546874999556e-01,2.192382812500000000e-01,4.232788085937500000e-01
9.432373046875000000e-01,-1.049804687500000000e-01,4.794067382812499667e-01
1.049560546875000083e-01,-1.049804687500000000e-01,4.794067382812499667e-01
9.432373046875000000e-01,4.692382812500000000e-01,4.794067382812499667e-01
9.432373046875000000e-01,-1.049804687500000000e-01,6.702880859375000278e-02
1.049560546875000083e-01,4.692382812500000000e-01,6.702880859375000278e-02
2.393237304687500178e+00,8.950195312500000000e-01,4.406738281250000173e-03
1.554956054687500089e+00,8.950195312500000000e-01,4.406738281250000173e-03
2.393237304687500178e+00,-5.307617187500000000e-01,4.406738281250000173e-03
2.393237304687500178e+00,8.950195312500000000e-01,5.420288085937500222e-01
1.554956054687500089e+00,-5.307617187500000000e-01,5.420288085937500222e-01
1.668237304687500089e+00,-6.049804687500000000e-01,7.169067382812499556e-01
8.299560546875000000e-01,-6.049804687500000000e-01,7.169067382812499556e-01
1.668237304687500089e+00,-3.076171875000000000e-02,7.169067382812499556e-01
1.668237304687500089e+00,-6.049804687500000000e-01,7.795288085937499556e-01
8.299560546875000000e-01,-3.076171875000000000e-02,7.795288085937499556e-01
2.182373046875000222e-01,3.950195312500000000e-01,2.419067382812499778e-01
2.279956054687500178e+00,3.950195312500000000e-01,2.419067382812499778e-01
2.182373046875000222e-01,9.692382812500000000e-01,2.419067382812499778e-01
2.182373046875000222e-01,3.950195312500000000e-01,3.045288085937499778e-01
2.279956054687500178e+00,9.692382812500000000e-01,3.045288085937499778e-01
2.635498046875000000e-01,-1.123046875000000000e-02,1.083129882812499944e-01
2.144018554687499911e+00,-1.123046875000000000e-02,1.083129882812499944e-01
2.635498046875000000e-01,-7.495117187500000000e-01,1.083129882812499944e-01
2.635498046875000000e-01,-1.123046875000000000e-02,4.381225585937499889e-01
2.144018554687499911e+00,-7.495117187500000000e-01,4.381225585937499889e-01
1.713549804687499956e+00,9.887695312500000000e-01,5.833129882812500000e-01
6.940185546874999556e-01,9.887695312500000000e-01,5.833129882812500000e-01
1.713549804687499956e+00,2.504882812500000000e-01,5.833129882812500000e-01
1.713549804687499956e+00,9.887695312500000000e-01,9.131225585937499112e-01
6.940185546874999556e-01,2.504882812500000000e-01,9.131225585937499112e-01
2.438549804687499822e+00,-5.112304687500000000e-01,3.458129882812500111e-01
2.869018554687500000e+00,-5.112304687500000000e-01,3.458129882812500111e-01
2.438549804687499822e+00,7.504882812500000000e-01,3.458129882812500111e-01
2.438549804687499822e+00,-5.112304687500000000e-01,6.756225585937499778e-01
2.869018554687500000e+00,7.504882812500000000e-01,6.756225585937499778e-01
9.885498046874999778e-01,4.887695312500000000e-01,8.208129882812499334e-01
1.419018554687500044e+00,4.887695312500000000e-01,8.208129882812499334e-01
9.885498046874999778e-01,-2.495117187500000000e-01,8.208129882812499334e-01
9.885498046874999778e-01,4.887695312500000000e-01,2.006225585937500000e-01
1.419018554687500044e+00,-2.495117187500000000e-01,2.006225585937500000e-01
1.351049804687500133e+00,-7.612304687500000000e-01,7.020629882812500222e-01
1.056518554687500000e+00,-7.612304687500000000e-01,7.020629882812500222e-01
1.351049804687500133e+00,-4.995117187500000000e-01,7.020629882812500222e-01
1.351049804687500133e+00,-7.612304687500000000e-01,3.193725585937499667e-01
1.056518554687500000e+00,-4.995117187500000000e-01,3.193725585937499667e-01
2.801049804687500089e+00,2.387695312500000000e-01,2.270629882812499889e-01
2.506518554687500178e+00,2.387695312500000000e-01,2.270629882812499889e-01
2.801049804687500089e+00,5.004882812500000000e-01,2.270629882812499889e-01
2.801049804687500089e+00,2.387695312500000000e-01,7.943725585937500000e-01
2.506518554687500178e+00,5.004882812500000000e-01,7.943725585937500000e-01
2.076049804687500000e+00,-2.612304687500000000e-01,9.395629882812499556e-01
3.315185546875000222e-01,-2.612304687500000000e-01,9.395629882812499556e-01
2.076049804687500000e+00,4.882812500000000000e-04,9.395629882812499556e-01
2.076049804687500000e+00,-2.612304687500000000e-01,5.568725585937499556e-01
3.315185546875000222e-01,4.882812500000000000e-04,5.568725585937499556e-01
6.260498046874999334e-01,7.387695312500000000e-01,4.645629882812499778e-01
1.781518554687500089e+00,7.387695312500000000e-01,4.645629882812499778e-01
6.260498046874999334e-01,-9.995117187500000000e-01,4.645629882812499778e-01
6.260498046874999334e-01,7.387695312500000000e-01,8.187255859374999167e-02
1.781518554687500089e+00,-9.995117187500000000e-01,8.187255859374999167e-02
8.072998046874999556e-01,-6.362304687500000000e-01,8.801879882812500000e-01
2.325268554687499822e+00,-6.362304687500000000e-01,8.801879882812500000e-01
8.072998046874999556e-01,3.754882812500000000e-01,8.801879882812500000e-01
8.072998046874999556e-01,-6.362304687500000000e-01,1.412475585937499889e-01
2.325268554687499822e+00,3.754882812500000000e-01,1.412475585937499889e-01
2.257299804687499911e+00,3.637695312500000000e-01,4.051879882812499667e-01
8.752685546874999778e-01,3.637695312500000000e-01,4.051879882812499667e-01
2.257299804687499911e+00,-6.245117187500000000e-01,4.051879882812499667e-01
2.257299804687499911e+00,3.637695312500000000e-01,6.162475585937500222e-01
8.752685546874999778e-01,-6.245117187500000000e-01,6.162475585937500222e-01
2.982299804687500000e+00,-1.362304687500000000e-01,6.426879882812499556e-01
1.600268554687499956e+00,-1.362304687500000000e-01,6.426879882812499556e-01
2.982299804687500000e+00,-1.245117187500000000e-01,6.426879882812499556e-01
2.982299804687500000e+00,-1.362304687500000000e-01,8.537475585937499556e-01
1.600268554687499956e+00,-1.245117187500000000e-01,8.537475585937499556e-01
1.532299804687500044e+00,8.637695312500000000e-01,1.676879882812500056e-01
1.502685546875000000e-01,8.637695312500000000e-01,1.676879882812500056e-01
1.532299804687500044e+00,8.754882812500000000e-01,1.676879882812500056e-01
1.532299804687500044e+00,8.637695312500000000e-01,3.787475585937499778e-01
1.502685546875000000e-01,8.754882812500000000e-01,3.787475585937499778e-01
1.169799804687500000e+00,-3.862304687500000000e-01,2.864379882812500000e-01
5.127685546875000444e-01,-3.862304687500000000e-01,2.864379882812500000e-01
1.169799804687500000e+00,6.254882812500000000e-01,2.864379882812500000e-01
1.169799804687500000e+00,-3.862304687500000000e-01,2.249755859374999792e-02
5.127685546875000444e-01,6.254882812500000000e-01,2.249755859374999792e-02
2.619799804687500178e+00,6.137695312500000000e-01,7.614379882812499778e-01
1.962768554687500000e+00,6.137695312500000000e-01,7.614379882812499778e-01
2.619799804687500178e+00,-3.745117187500000000e-01,7.614379882812499778e-01
2.619799804687500178e+00,6.137695312500000000e-01,4.974975585937500000e-01
1.962768554687500000e+00,-3.745117187500000000e-01,4.974975585937500000e-01
1.894799804687500089e+00,-8.862304687500000000e-01,4.893798828124999722e-02
1.237768554687500133e+00,-8.862304687500000000e-01,4.893798828124999722e-02
1.894799804687500089e+00,-8.745117187500000000e-01,4.893798828124999722e-02
1.894799804687500089e+00,-8.862304687500000000e-01,7.349975585937499334e-01
1.237768554687500133e+00,-8.745117187500000000e-01,7.349975585937499334e-01
4.447998046875000222e-01,1.137695312500000000e-01,5.239379882812499334e-01
2.687768554687500089e+00,1.137695312500000000e-01,5.239379882812499334e-01
4.447998046875000222e-01,1.254882812500000000e-01,5.239379882812499334e-01
4.447998046875000222e-01,1.137695312500000000e-01,2.599975585937500111e-01
2.687768554687500089e+00,1.254882812500000000e-01,2.599975585937500111e-01
3.541748046874999556e-01,-9.487304687500000000e-01,3.755004882812499889e-01
4.221435546874999778e-01,-9.487304687500000000e-01,3.755004882812499889e-01
3.541748046874999556e-01,-1.870117187500000000e-01,3.755004882812499889e-01
3.541748046874999556e-01,-9.487304687500000000e-01,5.271850585937499778e-01
4.221435546874999778e-01,-1.870117187500000000e-01,5.271850585937499778e-01
1.804174804687500133e+00,5.126953125000000000e-02,8.505004882812499112e-01
1.872143554687500044e+00,5.126953125000000000e-02,8.505004882812499112e-01
1.804174804687500133e+00,8.129882812500000000e-01,8.505004882812499112e-01
1.804174804687500133e+00,5.126953125000000000e-02,5.218505859375000000e-02
1.872143554687500044e+00,8.129882812500000000e-01,5.218505859375000000e-02
2.529174804687500000e+00,-4.487304687500000000e-01,1.380004882812500000e-01
1.147143554687499956e+00,-4.487304687500000000e-01,1.380004882812500000e-01
2.529174804687500000e+00,3.129882812500000000e-01,1.380004882812500000e-01
2.529174804687500000e+00,-4.487304687500000000e-01,2.896850585937499889e-01
1.147143554687499956e+00,3.129882812500000000e-01,2.896850585937499889e-01
1.079174804687500044e+00,5.512695312500000000e-01,6.130004882812499778e-01
2.597143554687499911e+00,5.512695312500000000e-01,6.130004882812499778e-01
1.079174804687500044e+00,-6.870117187500000000e-01,6.130004882812499778e-01
1.079174804687500044e+00,5.512695312500000000e-01,7.646850585937499112e-01
2.597143554687499911e+00,-6.870117187500000000e-01,7.646850585937499112e-01
1.441674804687500089e+00,-1.987304687500000000e-01,7.317504882812500000e-01
2.959643554687500178e+00,-1.987304687500000000e-01,7.317504882812500000e-01
1.441674804687500089e+00,-9.370117187500000000e-01,7.317504882812500000e-01
1.441674804687500089e+00,-1.987304687500000000e-01,6.459350585937500000e-01
2.959643554687500178e+00,-9.370117187500000000e-01,6.459350585937500000e-01
2.891674804687499822e+00,8.012695312500000000e-01,2.567504882812499667e-01
1.509643554687500000e+00,8.012695312500000000e-01,2.567504882812499667e-01
2.891674804687499822e+00,6.298828125000000000e-02,2.567504882812499667e-01
2.891674804687499822e+00,8.012695312500000000e-01,1.709350585937499944e-01
1.509643554687500000e+00,6.298828125000000000e-02,1.709350585937499944e-01
2.166674804687500178e+00,-6.987304687500000000e-01,4.942504882812499556e-01
2.234643554687500089e+00,-6.987304687500000000e-01,4.942504882812499556e-01
2.166674804687500178e+00,5.629882812500000000e-01,4.942504882812499556e-01
2.166674804687500178e+00,-6.987304687500000000e-01,4.084350585937499556e-01
2.234643554687500089e+00,5.629882812500000000e-01,4.084350585937499556e-01
7.166748046875000000e-01,3.012695312500000000e-01,1.925048828124999861e-02
7.846435546874999112e-01,3.012695312500000000e-01,1.925048828124999861e-02
7.166748046875000000e-01,-4.370117187500000000e-01,1.925048828124999861e-02
7.166748046875000000e-01,3.012695312500000000e-01,8.834350585937499334e-01
7.846435546874999112e-01,-4.370117187500000000e-01,8.834350585937499334e-01
5.354248046874999778e-01,-3.237304687500000000e-01,5.536254882812500222e-01
1.328393554687500089e+00,-3.237304687500000000e-01,5.536254882812500222e-01
5.354248046874999778e-01,9.379882812500000000e-01,5.536254882812500222e-01
5.354248046874999778e-01,-3.237304687500000000e-01,8.240600585937499778e-01
1.328393554687500089e+00,9.379882812500000000e-01,8.240600585937499778e-01
1.985424804687500044e+00,6.762695312500000000e-01,7.862548828125000278e-02
2.778393554687499822e+00,6.762695312500000000e-01,7.862548828125000278e-02
1.985424804687500044e+00,-6.201171875000000000e-02,7.862548828125000278e-02
1.985424804687500044e+00,6.762695312500000000e-01,3.490600585937500000e-01
2.778393554687499822e+00,-6.201171875000000000e-02,3.490600585937500000e-01
2.710424804687499911e+00,-8.237304687500000000e-01,7.911254882812499556e-01
6.033935546875000000e-01,-8.237304687500000000e-01,7.911254882812499556e-01
2.710424804687499911e+00,-5.620117187500000000e-01,7.911254882812499556e-01
2.710424804687499911e+00,-8.237304687500000000e-01,1.115600585937499972e-01
6.033935546875000000e-01,-5.620117187500000000e-01,1.115600585937499972e-01
1.260424804687499956e+00,1.762695312500000000e-01,3.161254882812499778e-01
2.053393554687499734e+00,1.762695312500000000e-01,3.161254882812499778e-01
1.260424804687499956e+00,4.379882812500000000e-01,3.161254882812499778e-01
1.260424804687499956e+00,1.762695312500000000e-01,5.865600585937499334e-01
2.053393554687499734e+00,4.379882812500000000e-01,5.865600585937499334e-01
8.979248046874999112e-01,-5.737304687500000000e-01,1.973754882812499833e-01
1.690893554687500133e+00,-5.737304687500000000e-01,1.973754882812499833e-01
8.979248046874999112e-01,1.879882812500000000e-01,1.973754882812499833e-01
8.979248046874999112e-01,-5.737304687500000000e-01,9.428100585937500000e-01
1.690893554687500133e+00,1.879882812500000000e-01,9.428100585937500000e-01
2.347924804687500089e+00,4.262695312500000000e-01,6.723754882812499334e-01
2.408935546875000111e-01,4.262695312500000000e-01,6.723754882812499334e-01
2.347924804687500089e+00,-8.120117187500000000e-01,6.723754882812499334e-01
2.347924804687500089e+00,4.262695312500000000e-01,4.678100585937499667e-01
2.408935546875000111e-01,-8.120117187500000000e-01,4.678100585937499667e-01
1.622924804687500000e+00,-7.373046875000000000e-02,4.348754882812500000e-01
2.415893554687500000e+00,-7.373046875000000000e-02,4.348754882812500000e-01
1.622924804687500000e+00,-3.120117187500000000e-01,4.348754882812500000e-01
1.622924804687500000e+00,-7.373046875000000000e-02,2.303100585937499778e-01
2.415893554687500000e+00,-3.120117187500000000e-01,2.303100585937499778e-01
1.729248046874999889e-01,9.262695312500000000e-01,9.098754882812499778e-01
9.658935546874999334e-01,9.262695312500000000e-01,9.098754882812499778e-01
1.729248046874999889e-01,6.879882812500000000e-01,9.098754882812499778e-01
1.729248046874999889e-01,9.262695312500000000e-01,7.053100585937499556e-01
9.658935546874999334e-01,6.879882812500000000e-01,7.053100585937499556e-01
1.502685546875000000e-01,-2.768554687500000000e-01,4.571411132812499556e-01
2.801049804687500089e+00,-2.768554687500000000e-01,4.571411132812499556e-01
1.502685546875000000e-01,2.661132812500000000e-01,4.571411132812499556e-01
1.502685546875000000e-01,-2.768554687500000000e-01,8.611694335937499778e-01
2.801049804687500089e+00,2.661132812500000000e-01,8.611694335937499778e-01
1.600268554687499956e+00,7.231445312500000000e-01,9.321411132812499334e-01
1.351049804687500133e+00,7.231445312500000000e-01,9.321411132812499334e-01
1.600268554687499956e+00,-7.338867187500000000e-01,9.321411132812499334e-01
1.600268554687499956e+00,7.231445312500000000e-01,3.861694335937500000e-01
1.351049804687500133e+00,-7.338867187500000000e-01,3.861694335937500000e-01
2.325268554687499822e+00,-7.768554687500000000e-01,2.196411132812499944e-01
2.076049804687500000e+00,-7.768554687500000000e-01,2.196411132812499944e-01
2.325268554687499822e+00,-2.338867187500000000e-01,2.196411132812499944e-01
2.325268554687499822e+00,-7.768554687500000000e-01,1.486694335937499833e-01
2.076049804687500000e+00,-2.338867187500000000e-01,1.486694335937499833e-01
8.752685546874999778e-01,2.231445312500000000e-01,6.946411132812500000e-01
6.260498046874999334e-01,2.231445312500000000e-01,6.946411132812500000e-01
8.752685546874999778e-01,7.661132812500000000e-01,6.946411132812500000e-01
8.752685546874999778e-01,2.231445312500000000e-01,6.236694335937499334e-01
6.260498046874999334e-01,7.661132812500000000e-01,6.236694335937499334e-01
1.237768554687500133e+00,-5.268554687500000000e-01,8.133911132812499112e-01
2.635498046875000000e-01,-5.268554687500000000e-01,8.133911132812499112e-01
1.237768554687500133e+00,5.161132812500000000e-01,8.133911132812499112e-01
1.237768554687500133e+00,-5.268554687500000000e-01,7.424194335937499556e-01
2.635498046875000000e-01,5.161132812500000000e-01,7.424194335937499556e-01
2.687768554687500089e+00,4.731445312500000000e-01,3.383911132812499889e-01
1.713549804687499956e+00,4.731445312500000000e-01,3.383911132812499889e-01
2.687768554687500089e+00,-4.838867187500000000e-01,3.383911132812499889e-01
2.687768554687500089e+00,4.731445312500000000e-01,2.674194335937499778e-01
1.713549804687499956e+00,-4.838867187500000000e-01,2.674194335937499778e-01
1.962768554687500000e+00,-2.685546875000000000e-02,5.758911132812499778e-01
9.885498046874999778e-01,-2.685546875000000000e-02,5.758911132812499778e-01
1.962768554687500000e+00,-9.838867187500000000e-01,5.758911132812499778e-01
1.962768554687500000e+00,-2.685546875000000000e-02,2.991943359374999931e-02
9.885498046874999778e-01,-9.838867187500000000e-01,2.991943359374999931e-02
5.127685546875000444e-01,9.731445312500000000e-01,1.008911132812500000e-01
2.438549804687499822e+00,9.731445312500000000e-01,1.008911132812500000e-01
5.127685546875000444e-01,1.611328125000000000e-02,1.008911132812500000e-01
5.127685546875000444e-01,9.731445312500000000e-01,5.049194335937500222e-01
2.438549804687499822e+00,1.611328125000000000e-02,5.049194335937500222e-01
6.940185546874999556e-01,-9.018554687500000000e-01,5.165161132812500222e-01
1.894799804687500089e+00,-9.018554687500000000e-01,5.165161132812500222e-01
6.940185546874999556e-01,-6.088867187500000000e-01,5.165161132812500222e-01
6.940185546874999556e-01,-9.018554687500000000e-01,6.830444335937500000e-01
1.894799804687500089e+00,-6.088867187500000000e-01,6.830444335937500000e-01
2.144018554687499911e+00,9.814453125000000000e-02,4.151611328124999584e-02
4.447998046875000222e-01,9.814453125000000000e-02,4.151611328124999584e-02
2.144018554687499911e+00,3.911132812500000000e-01,4.151611328124999584e-02
2.144018554687499911e+00,9.814453125000000000e-02,2.080444335937499944e-01
4.447998046875000222e-01,3.911132812500000000e-01,2.080444335937499944e-01
2.869018554687500000e+00,-4.018554687500000000e-01,7.540161132812499556e-01
2.619799804687500178e+00,-4.018554687500000000e-01,7.540161132812499556e-01
2.869018554687500000e+00,8.911132812500000000e-01,7.540161132812499556e-01
2.869018554687500000e+00,-4.018554687500000000e-01,4.455444335937499556e-01
2.619799804687500178e+00,8.911132812500000000e-01,4.455444335937499556e-01
1.419018554687500044e+00,5.981445312500000000e-01,2.790161132812499778e-01
1.169799804687500000e+00,5.981445312500000000e-01,2.790161132812499778e-01
1.419018554687500044e+00,-1.088867187500000000e-01,2.790161132812499778e-01
1.419018554687500044e+00,5.981445312500000000e-01,9.205444335937499334e-01
1.169799804687500000e+00,-1.088867187500000000e-01,9.205444335937499334e-01
1.056518554687500000e+00,-1.518554687500000000e-01,1.602661132812499833e-01
1.532299804687500044e+00,-1.518554687500000000e-01,1.602661132812499833e-01
1.056518554687500000e+00,-3.588867187500000000e-01,1.602661132812499833e-01
1.056518554687500000e+00,-1.518554687500000000e-01,5.642944335937499778e-01
1.532299804687500044e+00,-3.588867187500000000e-01,5.642944335937499778e-01
2.506518554687500178e+00,8.481445312500000000e-01,6.352661132812499334e-01
2.982299804687500000e+00,8.481445312500000000e-01,6.352661132812499334e-01
2.506518554687500178e+00,6.411132812500000000e-01,6.352661132812499334e-01
2.506518554687500178e+00,8.481445312500000000e-01,8.929443359375000000e-02
2.982299804687500000e+00,6.411132812500000000e-01,8.929443359375000000e-02
1.781518554687500089e+00,-6.518554687500000000e-01,3.977661132812500000e-01
8.072998046874999556e-01,-6.518554687500000000e-01,3.977661132812500000e-01
1.781518554687500089e+00,1.411132812500000000e-01,3.977661132812500000e-01
1.781518554687500089e+00,-6.518554687500000000e-01,3.267944335937499889e-01
8.072998046874999556e-01,1.411132812500000000e-01,3.267944335937499889e-01
3.315185546875000222e-01,3.481445312500000000e-01,8.727661132812499778e-01
2.257299804687499911e+00,3.481445312500000000e-01,8.727661132812499778e-01
3.315185546875000222e-01,-8.588867187500000000e-01,8.727661132812499778e-01
3.315185546875000222e-01,3.481445312500000000e-01,8.017944335937499112e-01
2.257299804687499911e+00,-8.588867187500000000e-01,8.017944335937499112e-01
4.221435546874999778e-01,-7.143554687500000000e-01,1.182861328124999896e-02
8.979248046874999112e-01,-7.143554687500000000e-01,1.182861328124999896e-02
4.221435546874999778e-01,8.286132812500000000e-01,1.182861328124999896e-02
4.221435546874999778e-01,-7.143554687500000000e-01,5.960693359374999445e-02
8.979248046874999112e-01,8.286132812500000000e-01,5.960693359374999445e-02
1.872143554687500044e+00,2.856445312500000000e-01,4.868286132812499889e-01
2.347924804687500089e+00,2.856445312500000000e-01,4.868286132812499889e-01
1.872143554687500044e+00,-1.713867187500000000e-01,4.868286132812499889e-01
1.872143554687500044e+00,2.856445312500000000e-01,5.346069335937500000e-01
2.347924804687500089e+00,-1.713867187500000000e-01,5.346069335937500000e-01
2.597143554687499911e+00,-2.143554687500000000e-01,2.493286132812500000e-01
1.729248046874999889e-01,-2.143554687500000000e-01,2.493286132812500000e-01
2.597143554687499911e+00,-6.713867187500000000e-01,2.493286132812500000e-01
2.597143554687499911e+00,-2.143554687500000000e-01,7.721069335937499334e-01
1.729248046874999889e-01,-6.713867187500000000e-01,7.721069335937499334e-01
1.147143554687499956e+00,7.856445312500000000e-01,7.243286132812499778e-01
1.622924804687500000e+00,7.856445312500000000e-01,7.243286132812499778e-01
1.147143554687499956e+00,3.286132812500000000e-01,7.243286132812499778e-01
1.147143554687499956e+00,7.856445312500000000e-01,2.971069335937500111e-01
1.622924804687500000e+00,3.286132812500000000e-01,2.971069335937500111e-01
1.509643554687500000e+00,-4.643554687500000000e-01,6.055786132812499556e-01
1.985424804687500044e+00,-4.643554687500000000e-01,6.055786132812499556e-01
1.509643554687500000e+00,7.861328125000000000e-02,6.055786132812499556e-01
1.509643554687500000e+00,-4.643554687500000000e-01,1.783569335937499889e-01
1.985424804687500044e+00,7.861328125000000000e-02,1.783569335937499889e-01
2.959643554687500178e+00,5.356445312500000000e-01,1.305786132812500056e-01
5.354248046874999778e-01,5.356445312500000000e-01,1.305786132812500056e-01
2.959643554687500178e+00,-9.213867187500000000e-01,1.305786132812500056e-01
2.959643554687500178e+00,5.356445312500000000e-01,6.533569335937500222e-01
5.354248046874999778e-01,-9.213867187500000000e-01,6.533569335937500222e-01
2.234643554687500089e+00,-9.643554687500000000e-01,8.430786132812500000e-01
2.710424804687499911e+00,-9.643554687500000000e-01,8.430786132812500000e-01
2.234643554687500089e+00,-4.213867187500000000e-01,8.430786132812500000e-01
2.234643554687500089e+00,-9.643554687500000000e-01,8.908569335937499556e-01
2.710424804687499911e+00,-4.213867187500000000e-01,8.908569335937499556e-01
7.846435546874999112e-01,3.564453125000000000e-02,3.680786132812499667e-01
1.260424804687499956e+00,3.564453125000000000e-02,3.680786132812499667e-01
7.846435546874999112e-01,5.786132812500000000e-01,3.680786132812499667e-01
7.846435546874999112e-01,3.564453125000000000e-02,4.158569335937499778e-01
1.260424804687499956e+00,5.786132812500000000e-01,4.158569335937499778e-01
6.033935546875000000e-01,-8.935546875000000000e-02,9.024536132812499556e-01
7.166748046875000000e-01,-8.935546875000000000e-02,9.024536132812499556e-01
6.033935546875000000e-01,-4.638671875000000000e-02,9.024536132812499556e-01
6.033935546875000000e-01,-8.935546875000000000e-02,2.377319335937500000e-01
7.166748046875000000e-01,-4.638671875000000000e-02,2.377319335937500000e-01
2.053393554687499734e+00,9.106445312500000000e-01,4.274536132812499778e-01
2.166674804687500178e+00,9.106445312500000000e-01,4.274536132812499778e-01
2.053393554687499734e+00,9.536132812500000000e-01,4.274536132812499778e-01
2.053393554687499734e+00,9.106445312500000000e-01,7.127319335937499778e-01
2.166674804687500178e+00,9.536132812500000000e-01,7.127319335937499778e-01
2.778393554687499822e+00,-5.893554687500000000e-01,6.649536132812500222e-01
1.441674804687500089e+00,-5.893554687500000000e-01,6.649536132812500222e-01
2.778393554687499822e+00,4.536132812500000000e-01,6.649536132812500222e-01
2.778393554687499822e+00,-5.893554687500000000e-01,4.752319335937499889e-01
1.441674804687500089e+00,4.536132812500000000e-01,4.752319335937499889e-01
1.328393554687500089e+00,4.106445312500000000e-01,1.899536132812499889e-01
2.891674804687499822e+00,4.106445312500000000e-01,1.899536132812499889e-01
1.328393554687500089e+00,-5.463867187500000000e-01,1.899536132812499889e-01
1.328393554687500089e+00,4.106445312500000000e-01,2.319335937499999892e-04
2.891674804687499822e+00,-5.463867187500000000e-01,2.319335937499999892e-04
9.658935546874999334e-01,-8.393554687500000000e-01,3.087036132812500111e-01
2.529174804687500000e+00,-8.393554687500000000e-01,3.087036132812500111e-01
9.658935546874999334e-01,-7.963867187500000000e-01,3.087036132812500111e-01
9.658935546874999334e-01,-8.393554687500000000e-01,3.564819335937499667e-01
2.529174804687500000e+00,-7.963867187500000000e-01,3.564819335937499667e-01
2.415893554687500000e+00,1.606445312500000000e-01,7.837036132812499334e-01
1.079174804687500044e+00,1.606445312500000000e-01,7.837036132812499334e-01
2.415893554687500000e+00,2.036132812500000000e-01,7.837036132812499334e-01
2.415893554687500000e+00,1.606445312500000000e-01,8.314819335937500000e-01
1.079174804687500044e+00,2.036132812500000000e-01,8.314819335937500000e-01
1.690893554687500133e+00,-3.393554687500000000e-01,7.120361328124999445e-02
1.804174804687500133e+00,-3.393554687500000000e-01,7.120361328124999445e-02
1.690893554687500133e+00,7.036132812500000000e-01,7.120361328124999445e-02
1.690893554687500133e+00,-3.393554687500000000e-01,5.939819335937499556e-01
1.804174804687500133e+00,7.036132812500000000e-01,5.939819335937499556e-01
2.408935546875000111e-01,6.606445312500000000e-01,5.462036132812500000e-01
3.541748046874999556e-01,6.606445312500000000e-01,5.462036132812500000e-01
2.408935546875000111e-01,-2.963867187500000000e-01,5.462036132812500000e-01
2.408935546875000111e-01,6.606445312500000000e-01,1.189819335937499917e-01
3.541748046874999556e-01,-2.963867187500000000e-01,1.189819335937499917e-01
1.955810546875000056e-01,-8.081054687500000000e-01,7.688598632812500000e-01
1.215112304687500089e+00,-8.081054687500000000e-01,7.688598632812500000e-01
1.955810546875000056e-01,4.736328125000000000e-02,7.688598632812500000e-01
1.955810546875000056e-01,-8.081054687500000000e-01,1.507568359375000000e-02
1.215112304687500089e+00,4.736328125000000000e-02,1.507568359375000000e-02
1.645581054687500044e+00,1.918945312500000000e-01,2.938598632812499667e-01
2.665112304687499822e+00,1.918945312500000000e-01,2.938598632812499667e-01
1.645581054687500044e+00,-9.526367187500000000e-01,2.938598632812499667e-01
1.645581054687500044e+00,1.918945312500000000e-01,4.900756835937499778e-01
2.665112304687499822e+00,-9.526367187500000000e-01,4.900756835937499778e-01
2.370581054687499911e+00,-3.081054687500000000e-01,5.313598632812499556e-01
4.901123046875000000e-01,-3.081054687500000000e-01,5.313598632812499556e-01
2.370581054687499911e+00,-4.526367187500000000e-01,5.313598632812499556e-01
2.370581054687499911e+00,-3.081054687500000000e-01,7.275756835937499112e-01
4.901123046875000000e-01,-4.526367187500000000e-01,7.275756835937499112e-01
9.205810546874999556e-01,6.918945312500000000e-01,5.635986328124999861e-02
1.940112304687499956e+00,6.918945312500000000e-01,5.635986328124999861e-02
9.205810546874999556e-01,5.473632812500000000e-01,5.635986328124999861e-02
9.205810546874999556e-01,6.918945312500000000e-01,2.525756835937499889e-01
1.940112304687499956e+00,5.473632812500000000e-01,2.525756835937499889e-01
1.283081054687500000e+00,-5.810546875000000000e-02,4.126098632812499889e-01
1.577612304687500133e+00,-5.810546875000000000e-02,4.126098632812499889e-01
1.283081054687500000e+00,7.973632812500000000e-01,4.126098632812499889e-01
1.283081054687500000e+00,-5.810546875000000000e-02,1.338256835937499944e-01
1.577612304687500133e+00,7.973632812500000000e-01,1.338256835937499944e-01
2.733081054687500178e+00,9.418945312500000000e-01,8.876098632812499112e-01
1.276123046875000111e-01,9.418945312500000000e-01,8.876098632812499112e-01
2.733081054687500178e+00,-2.026367187500000000e-01,8.876098632812499112e-01
2.733081054687500178e+00,9.418945312500000000e-01,6.088256835937500000e-01
1.276123046875000111e-01,-2.026367187500000000e-01,6.088256835937500000e-01
2.008081054687500089e+00,-5.581054687500000000e-01,1.751098632812500000e-01
2.302612304687500000e+00,-5.581054687500000000e-01,1.751098632812500000e-01
2.008081054687500089e+00,-7.026367187500000000e-01,1.751098632812500000e-01
2.008081054687500089e+00,-5.581054687500000000e-01,8.463256835937499334e-01
2.302612304687500000e+00,-7.026367187500000000e-01,8.463256835937499334e-01
5.580810546875000222e-01,4.418945312500000000e-01,6.501098632812499778e-01
8.526123046874999334e-01,4.418945312500000000e-01,6.501098632812499778e-01
5.580810546875000222e-01,2.973632812500000000e-01,6.501098632812499778e-01
5.580810546875000222e-01,4.418945312500000000e-01,3.713256835937499556e-01
8.526123046874999334e-01,2.973632812500000000e-01,3.713256835937499556e-01
7.393310546874999334e-01,-4.331054687500000000e-01,2.344848632812499833e-01
3.088623046874999778e-01,-4.331054687500000000e-01,2.344848632812499833e-01
7.393310546874999334e-01,-8.276367187500000000e-01,2.344848632812499833e-01
7.393310546874999334e-01,-4.331054687500000000e-01,3.119506835937500000e-01
3.088623046874999778e-01,-8.276367187500000000e-01,3.119506835937500000e-01
2.189331054687500000e+00,5.668945312500000000e-01,7.094848632812499334e-01
1.758862304687500044e+00,5.668945312500000000e-01,7.094848632812499334e-01
2.189331054687500000e+00,1.723632812500000000e-01,7.094848632812499334e-01
2.189331054687500000e+00,5.668945312500000000e-01,7.869506835937499778e-01
1.758862304687500044e+00,1.723632812500000000e-01,7.869506835937499778e-01
2.914331054687500089e+00,-9.331054687500000000e-01,4.719848632812500000e-01
1.033862304687499956e+00,-9.331054687500000000e-01,4.719848632812500000e-01
2.914331054687500089e+00,6.723632812500000000e-01,4.719848632812500000e-01
2.914331054687500089e+00,-9.331054687500000000e-01,5.494506835937499334e-01
1.033862304687499956e+00,6.723632812500000000e-01,5.494506835937499334e-01
1.464331054687500133e+00,6.689453125000000000e-02,9.469848632812499778e-01
2.483862304687499911e+00,6.689453125000000000e-02,9.469848632812499778e-01
1.464331054687500133e+00,-3.276367187500000000e-01,9.469848632812499778e-01
1.464331054687500133e+00,6.689453125000000000e-02,7.445068359374999722e-02
2.483862304687499911e+00,-3.276367187500000000e-01,7.445068359374999722e-02
1.101831054687500089e+00,-6.831054687500000000e-01,5.907348632812500222e-01
2.846362304687500178e+00,-6.831054687500000000e-01,5.907348632812500222e-01
1.101831054687500089e+00,-7.763671875000000000e-02,5.907348632812500222e-01
1.101831054687500089e+00,-6.831054687500000000e-01,4.307006835937499667e-01
2.846362304687500178e+00,-7.763671875000000000e-02,4.307006835937499667e-01
2.551831054687499822e+00,3.168945312500000000e-01,1.157348632812499889e-01
1.396362304687500000e+00,3.168945312500000000e-01,1.157348632812499889e-01
2.551831054687499822e+00,9.223632812500000000e-01,1.157348632812499889e-01
2.551831054687499822e+00,3.168945312500000000e-01,9.057006835937500000e-01
1.396362304687500000e+00,9.223632812500000000e-01,9.057006835937500000e-01
1.826831054687499956e+00,-1.831054687500000000e-01,8.282348632812499556e-01
2.121362304687500089e+00,-1.831054687500000000e-01,8.282348632812499556e-01
1.826831054687499956e+00,4.223632812500000000e-01,8.282348632812499556e-01
1.826831054687499956e+00,-1.831054687500000000e-01,6.682006835937499556e-01
2.121362304687500089e+00,4.223632812500000000e-01,6.682006835937499556e-01
3.768310546875000000e-01,8.168945312500000000e-01,3.532348632812499778e-01
6.713623046874999112e-01,8.168945312500000000e-01,3.532348632812499778e-01
3.768310546875000000e-01,-5.776367187500000000e-01,3.532348632812499778e-01
3.768310546875000000e-01,8.168945312500000000e-01,1.932006835937499778e-01
6.713623046874999112e-01,-5.776367187500000000e-01,1.932006835937499778e-01
2.862060546874999889e-01,-2.456054687500000000e-01,6.797973632812499556e-01
2.393237304687500178e+00,-2.456054687500000000e-01,6.797973632812499556e-01
2.862060546874999889e-01,6.098632812500000000e-01,6.797973632812499556e-01
2.862060546874999889e-01,-2.456054687500000000e-01,9.353881835937499778e-01
2.393237304687500178e+00,6.098632812500000000e-01,9.353881835937499778e-01
1.736206054687500000e+00,7.543945312500000000e-01,2.047973632812499778e-01
9.432373046875000000e-01,7.543945312500000000e-01,2.047973632812499778e-01
1.736206054687500000e+00,-3.901367187500000000e-01,2.047973632812499778e-01
1.736206054687500000e+00,7.543945312500000000e-01,4.603881835937500000e-01
9.432373046875000000e-01,-3.901367187500000000e-01,4.603881835937500000e-01
2.461206054687500089e+00,-7.456054687500000000e-01,9.172973632812500000e-01
1.668237304687500089e+00,-7.456054687500000000e-01,9.172973632812500000e-01
2.461206054687500089e+00,-8.901367187500000000e-01,9.172973632812500000e-01
2.461206054687500089e+00,-7.456054687500000000e-01,2.228881835937499833e-01
1.668237304687500089e+00,-8.901367187500000000e-01,2.228881835937499833e-01
1.011206054687499911e+00,2.543945312500000000e-01,4.422973632812499667e-01
2.182373046875000222e-01,2.543945312500000000e-01,4.422973632812499667e-01
1.011206054687499911e+00,1.098632812500000000e-01,4.422973632812499667e-01
1.011206054687499911e+00,2.543945312500000000e-01,6.978881835937499334e-01
2.182373046875000222e-01,1.098632812500000000e-01,6.978881835937499334e-01
1.373706054687499956e+00,-9.956054687500000000e-01,8.604736328124999722e-02
5.807373046874999556e-01,-9.956054687500000000e-01,8.604736328124999722e-02
1.373706054687499956e+00,3.598632812500000000e-01,8.604736328124999722e-02
1.373706054687499956e+00,-9.956054687500000000e-01,8.166381835937499556e-01
5.807373046874999556e-01,3.598632812500000000e-01,8.166381835937499556e-01
2.823706054687499911e+00,4.394531250000000000e-03,5.610473632812499334e-01
2.030737304687499911e+00,4.394531250000000000e-03,5.610473632812499334e-01
2.823706054687499911e+00,-6.401367187500000000e-01,5.610473632812499334e-01
2.823706054687499911e+00,4.394531250000000000e-03,3.416381835937499778e-01
2.030737304687499911e+00,-6.401367187500000000e-01,3.416381835937499778e-01
2.098706054687499822e+00,-4.956054687500000000e-01,3.235473632812500000e-01
1.305737304687500044e+00,-4.956054687500000000e-01,3.235473632812500000e-01
2.098706054687499822e+00,-1.401367187500000000e-01,3.235473632812500000e-01
2.098706054687499822e+00,-4.956054687500000000e-01,1.041381835937499889e-01
1.305737304687500044e+00,-1.401367187500000000e-01,1.041381835937499889e-01
6.487060546874999778e-01,5.043945312500000000e-01,7.985473632812499778e-01
2.755737304687500000e+00,5.043945312500000000e-01,7.985473632812499778e-01
6.487060546874999778e-01,8.598632812500000000e-01,7.985473632812499778e-01
6.487060546874999778e-01,5.043945312500000000e-01,5.791381835937500222e-01
2.755737304687500000e+00,8.598632812500000000e-01,5.791381835937500222e-01
4.674560546874999556e-01,-6.206054687500000000e-01,2.641723632812499889e-01
2.211987304687499822e+00,-6.206054687500000000e-01,2.641723632812499889e-01
4.674560546874999556e-01,-2.651367187500000000e-01,2.641723632812499889e-01
4.674560546874999556e-01,-6.206054687500000000e-01,6.385131835937499778e-01
2.211987304687499822e+00,-2.651367187500000000e-01,6.385131835937499778e-01
1.917456054687500133e+00,3.793945312500000000e-01,7.391723632812499112e-01
7.619873046874999778e-01,3.793945312500000000e-01,7.391723632812499112e-01
1.917456054687500133e+00,7.348632812500000000e-01,7.391723632812499112e-01
1.917456054687500133e+00,3.793945312500000000e-01,1.635131835937500000e-01
7.619873046874999778e-01,7.348632812500000000e-01,1.635131835937500000e-01
2.642456054687500000e+00,-1.206054687500000000e-01,2.667236328125000000e-02
2.936987304687499911e+00,-1.206054687500000000e-01,2.667236328125000000e-02
2.642456054687500000e+00,2.348632812500000000e-01,2.667236328125000000e-02
2.642456054687500000e+00,-1.206054687500000000e-01,4.010131835937499889e-01
2.936987304687499911e+00,2.348632812500000000e-01,4.010131835937499889e-01
1.192456054687500044e+00,8.793945312500000000e-01,5.016723632812499778e-01
1.486987304687499956e+00,8.793945312500000000e-01,5.016723632812499778e-01
1.192456054687500044e+00,-7.651367187500000000e-01,5.016723632812499778e-01
1.192456054687500044e+00,8.793945312500000000e-01,8.760131835937499112e-01
1.486987304687499956e+00,-7.651367187500000000e-01,8.760131835937499112e-01
8.299560546875000000e-01,-3.706054687500000000e-01,8.579223632812499334e-01
1.124487304687500133e+00,-3.706054687500000000e-01,8.579223632812499334e-01
8.299560546875000000e-01,-5.151367187500000000e-01,8.579223632812499334e-01
8.299560546875000000e-01,-3.706054687500000000e-01,5.197631835937499556e-01
1.124487304687500133e+00,-5.151367187500000000e-01,5.197631835937499556e-01
2.279956054687500178e+00,6.293945312500000000e-01,3.829223632812499556e-01
2.574487304687500089e+00,6.293945312500000000e-01,3.829223632812499556e-01
2.279956054687500178e+00,4.848632812500000000e-01,3.829223632812499556e-01
2.279956054687500178e+00,6.293945312500000000e-01,4.476318359374999861e-02
2.574487304687500089e+00,4.848632812500000000e-01,4.476318359374999861e-02
1.554956054687500089e+00,-8.706054687500000000e-01,6.204223632812500000e-01
3.994873046875000444e-01,-8.706054687500000000e-01,6.204223632812500000e-01
1.554956054687500089e+00,9.848632812500000000e-01,6.204223632812500000e-01
1.554956054687500089e+00,-8.706054687500000000e-01,2.822631835937499667e-01
3.994873046875000444e-01,9.848632812500000000e-01,2.822631835937499667e-01
1.049560546875000083e-01,1.293945312500000000e-01,1.454223632812499944e-01
1.849487304687500000e+00,1.293945312500000000e-01,1.454223632812499944e-01
1.049560546875000083e-01,-1.513671875000000000e-02,1.454223632812499944e-01
1.049560546875000083e-01,1.293945312500000000e-01,7.572631835937500000e-01
1.849487304687500000e+00,-1.513671875000000000e-02,7.572631835937500000e-01
1.035400390625000056e-01,-6.235351562500000000e-01,7.470581054687499556e-01
2.315356445312500178e+00,-6.235351562500000000e-01,7.470581054687499556e-01
1.035400390625000056e-01,7.456054687500000000e-01,7.470581054687499556e-01
1.035400390625000056e-01,-6.235351562500000000e-01,3.727172851562499667e-01
2.315356445312500178e+00,7.456054687500000000e-01,3.727172851562499667e-01
1.553540039062500044e+00,3.764648437500000000e-01,2.720581054687499778e-01
8.653564453125000000e-01,3.764648437500000000e-01,2.720581054687499778e-01
1.553540039062500044e+00,-2.543945312500000000e-01,2.720581054687499778e-01
1.553540039062500044e+00,3.764648437500000000e-01,8.477172851562500000e-01
8.653564453125000000e-01,-2.543945312500000000e-01,8.477172851562500000e-01
2.278540039062499911e+00,-1.235351562500000000e-01,5.095581054687500222e-01
1.590356445312500089e+00,-1.235351562500000000e-01,5.095581054687500222e-01
2.278540039062499911e+00,-7.543945312500000000e-01,5.095581054687500222e-01
2.278540039062499911e+00,-1.235351562500000000e-01,6.102172851562499556e-01
1.590356445312500089e+00,-7.543945312500000000e-01,6.102172851562499556e-01
8.285400390624999556e-01,8.764648437500000000e-01,3.455810546874999584e-02
1.403564453124999944e-01,8.764648437500000000e-01,3.455810546874999584e-02
8.285400390624999556e-01,2.456054687500000000e-01,3.455810546874999584e-02
8.285400390624999556e-01,8.764648437500000000e-01,1.352172851562500056e-01
1.403564453124999944e-01,2.456054687500000000e-01,1.352172851562500056e-01
1.191040039062500000e+00,-3.735351562500000000e-01,3.908081054687500000e-01
5.028564453124999556e-01,-3.735351562500000000e-01,3.908081054687500000e-01
1.191040039062500000e+00,4.956054687500000000e-01,3.908081054687500000e-01
1.191040039062500000e+00,-3.735351562500000000e-01,2.539672851562500000e-01
5.028564453124999556e-01,4.956054687500000000e-01,2.539672851562500000e-01
2.641040039062500178e+00,6.264648437500000000e-01,8.658081054687499778e-01
1.952856445312500133e+00,6.264648437500000000e-01,8.658081054687499778e-01
2.641040039062500178e+00,-5.043945312500000000e-01,8.658081054687499778e-01
2.641040039062500178e+00,6.264648437500000000e-01,7.289672851562499778e-01
1.952856445312500133e+00,-5.043945312500000000e-01,7.289672851562499778e-01
1.916040039062500089e+00,-8.735351562500000000e-01,1.533081054687499833e-01
1.227856445312500044e+00,-8.735351562500000000e-01,1.533081054687499833e-01
1.916040039062500089e+00,-4.394531250000000000e-03,1.533081054687499833e-01
1.916040039062500089e+00,-8.735351562500000000e-01,4.914672851562499889e-01
1.227856445312500044e+00,-4.394531250000000000e-03,4.914672851562499889e-01
4.660400390625000222e-01,1.264648437500000000e-01,6.283081054687499334e-01
2.677856445312500000e+00,1.264648437500000000e-01,6.283081054687499334e-01
4.660400390625000222e-01,9.956054687500000000e-01,6.283081054687499334e-01
4.660400390625000222e-01,1.264648437500000000e-01,1.646728515625000069e-02
2.677856445312500000e+00,9.956054687500000000e-01,1.646728515625000069e-02
6.472900390624999334e-01,-2.485351562500000000e-01,2.126831054687499944e-01
2.134106445312499822e+00,-2.485351562500000000e-01,2.126831054687499944e-01
6.472900390624999334e-01,-3.793945312500000000e-01,2.126831054687499944e-01
6.472900390624999334e-01,-2.485351562500000000e-01,1.945922851562499889e-01
2.134106445312499822e+00,-3.793945312500000000e-01,1.945922851562499889e-01
2.097290039062500000e+00,7.514648437500000000e-01,6.876831054687500000e-01
6.841064453124999778e-01,7.514648437500000000e-01,6.876831054687500000e-01
2.097290039062500000e+00,6.206054687500000000e-01,6.876831054687500000e-01
2.097290039062500000e+00,7.514648437500000000e-01,6.695922851562500222e-01
6.841064453124999778e-01,6.206054687500000000e-01,6.695922851562500222e-01
2.822290039062500089e+00,-7.485351562500000000e-01,4.501831054687499556e-01
2.859106445312499911e+00,-7.485351562500000000e-01,4.501831054687499556e-01
2.822290039062500089e+00,1.206054687500000000e-01,4.501831054687499556e-01
2.822290039062500089e+00,-7.485351562500000000e-01,9.070922851562499556e-01
2.859106445312499911e+00,1.206054687500000000e-01,9.070922851562499556e-01
1.372290039062500133e+00,2.514648437500000000e-01,9.251831054687499334e-01
1.409106445312499956e+00,2.514648437500000000e-01,9.251831054687499334e-01
1.372290039062500133e+00,-8.793945312500000000e-01,9.251831054687499334e-01
1.372290039062500133e+00,2.514648437500000000e-01,4.320922851562499778e-01
1.409106445312499956e+00,-8.793945312500000000e-01,4.320922851562499778e-01
1.009790039062500089e+00,-9.985351562500000000e-01,5.689331054687499778e-01
1.046606445312499911e+00,-9.985351562500000000e-01,5.689331054687499778e-01
1.009790039062500089e+00,-6.293945312500000000e-01,5.689331054687499778e-01
1.009790039062500089e+00,-9.985351562500000000e-01,7.584228515624999445e-02
1.046606445312499911e+00,-6.293945312500000000e-01,7.584228515624999445e-02
2.459790039062499822e+00,1.464843750000000000e-03,9.393310546875000000e-02
2.496606445312500089e+00,1.464843750000000000e-03,9.393310546875000000e-02
2.459790039062499822e+00,3.706054687500000000e-01,9.393310546875000000e-02
2.459790039062499822e+00,1.464843750000000000e-03,5.508422851562500000e-01
2.496606445312500089e+00,3.706054687500000000e-01,5.508422851562500000e-01
1.734790039062499956e+00,-4.985351562500000000e-01,8.064331054687499112e-01
3.216064453124999889e-01,-4.985351562500000000e-01,8.064331054687499112e-01
1.734790039062499956e+00,8.706054687500000000e-01,8.064331054687499112e-01
1.734790039062499956e+00,-4.985351562500000000e-01,7.883422851562499334e-01
3.216064453124999889e-01,8.706054687500000000e-01,7.883422851562499334e-01
2.847900390625000000e-01,5.014648437500000000e-01,3.314331054687499889e-01
1.771606445312500000e+00,5.014648437500000000e-01,3.314331054687499889e-01
2.847900390625000000e-01,-1.293945312500000000e-01,3.314331054687499889e-01
2.847900390625000000e-01,5.014648437500000000e-01,3.133422851562500111e-01
1.771606445312500000e+00,-1.293945312500000000e-01,3.133422851562500111e-01
3.754150390624999556e-01,-4.360351562500000000e-01,6.579956054687500222e-01
1.318481445312500000e+00,-4.360351562500000000e-01,6.579956054687500222e-01
3.754150390624999556e-01,1.831054687500000000e-01,6.579956054687500222e-01
3.754150390624999556e-01,-4.360351562500000000e-01,5.805297851562499778e-01
1.318481445312500000e+00,1.831054687500000000e-01,5.805297851562499778e-01
1.825415039062500133e+00,5.639648437500000000e-01,1.829956054687499889e-01
2.768481445312500178e+00,5.639648437500000000e-01,1.829956054687499889e-01
1.825415039062500133e+00,-8.168945312500000000e-01,1.829956054687499889e-01
1.825415039062500133e+00,5.639648437500000000e-01,1.055297851562500000e-01
2.768481445312500178e+00,-8.168945312500000000e-01,1.055297851562500000e-01
2.550415039062500000e+00,-9.360351562500000000e-01,8.954956054687499556e-01
5.934814453125000222e-01,-9.360351562500000000e-01,8.954956054687499556e-01
2.550415039062500000e+00,-3.168945312500000000e-01,8.954956054687499556e-01
2.550415039062500000e+00,-9.360351562500000000e-01,3.430297851562499889e-01
5.934814453125000222e-01,-3.168945312500000000e-01,3.430297851562499889e-01
1.100415039062500044e+00,6.396484375000000000e-02,4.204956054687499778e-01
2.043481445312500089e+00,6.396484375000000000e-02,4.204956054687499778e-01
1.100415039062500044e+00,6.831054687500000000e-01,4.204956054687499778e-01
1.100415039062500044e+00,6.396484375000000000e-02,8.180297851562499112e-01
2.043481445312500089e+00,6.831054687500000000e-01,8.180297851562499112e-01
1.462915039062500089e+00,-6.860351562500000000e-01,6.424560546874999445e-02
1.680981445312500044e+00,-6.860351562500000000e-01,6.424560546874999445e-02
1.462915039062500089e+00,9.331054687500000000e-01,6.424560546874999445e-02
1.462915039062500089e+00,-6.860351562500000000e-01,6.992797851562500000e-01
1.680981445312500044e+00,9.331054687500000000e-01,6.992797851562500000e-01
2.912915039062499822e+00,3.139648437500000000e-01,5.392456054687500000e-01
2.309814453125000056e-01,3.139648437500000000e-01,5.392456054687500000e-01
2.912915039062499822e+00,-6.689453125000000000e-02,5.392456054687500000e-01
2.912915039062499822e+00,3.139648437500000000e-01,2.242797851562499944e-01
2.309814453125000056e-01,-6.689453125000000000e-02,2.242797851562499944e-01
2.187915039062500178e+00,-1.860351562500000000e-01,3.017456054687500111e-01
2.405981445312499911e+00,-1.860351562500000000e-01,3.017456054687500111e-01
2.187915039062500178e+00,-5.668945312500000000e-01,3.017456054687500111e-01
2.187915039062500178e+00,-1.860351562500000000e-01,4.617797851562499556e-01
2.405981445312499911e+00,-5.668945312500000000e-01,4.617797851562499556e-01
7.379150390625000000e-01,8.139648437500000000e-01,7.767456054687499334e-01
9.559814453124999556e-01,8.139648437500000000e-01,7.767456054687499334e-01
7.379150390625000000e-01,4.331054687500000000e-01,7.767456054687499334e-01
7.379150390625000000e-01,8.139648437500000000e-01,9.367797851562499334e-01
9.559814453124999556e-01,4.331054687500000000e-01,9.367797851562499334e-01
5.566650390624999778e-01,-8.110351562500000000e-01,2.423706054687500000e-01
4.122314453125000000e-01,-8.110351562500000000e-01,2.423706054687500000e-01
5.566650390624999778e-01,-9.418945312500000000e-01,2.423706054687500000e-01
5.566650390624999778e-01,-8.110351562500000000e-01,7.586547851562499556e-01
4.122314453125000000e-01,-9.418945312500000000e-01,7.586547851562499556e-01
2.006665039062499822e+00,1.889648437500000000e-01,7.173706054687499778e-01
1.862231445312499956e+00,1.889648437500000000e-01,7.173706054687499778e-01
2.006665039062499822e+00,5.810546875000000000e-02,7.173706054687499778e-01
2.006665039062499822e+00,1.889648437500000000e-01,2.836547851562499778e-01
1.862231445312499956e+00,5.810546875000000000e-02,2.836547851562499778e-01
2.731665039062499911e+00,-3.110351562500000000e-01,4.870605468749999827e-03
1.137231445312500089e+00,-3.110351562500000000e-01,4.870605468749999827e-03
2.731665039062499911e+00,5.581054687500000000e-01,4.870605468749999827e-03
2.731665039062499911e+00,-3.110351562500000000e-01,4.615478515624999584e-02
1.137231445312500089e+00,5.581054687500000000e-01,4.615478515624999584e-02
1.281665039062499956e+00,6.889648437500000000e-01,4.798706054687499889e-01
2.587231445312499822e+00,6.889648437500000000e-01,4.798706054687499889e-01
1.281665039062499956e+00,-4.418945312500000000e-01,4.798706054687499889e-01
1.281665039062499956e+00,6.889648437500000000e-01,5.211547851562500222e-01
2.587231445312499822e+00,-4.418945312500000000e-01,5.211547851562500222e-01
9.191650390624999112e-01,-6.103515625000000000e-02,8.361206054687500000e-01
2.949731445312500089e+00,-6.103515625000000000e-02,8.361206054687500000e-01
9.191650390624999112e-01,-1.918945312500000000e-01,8.361206054687500000e-01
9.191650390624999112e-01,-6.103515625000000000e-02,8.774047851562499778e-01
2.949731445312500089e+00,-1.918945312500000000e-01,8.774047851562499778e-01
2.369165039062500089e+00,9.389648437500000000e-01,3.611206054687499667e-01
1.499731445312500133e+00,9.389648437500000000e-01,3.611206054687499667e-01
2.369165039062500089e+00,8.081054687500000000e-01,3.611206054687499667e-01
2.369165039062500089e+00,9.389648437500000000e-01,4.024047851562500000e-01
1.499731445312500133e+00,8.081054687500000000e-01,4.024047851562500000e-01
1.644165039062500000e+00,-5.610351562500000000e-01,5.986206054687499556e-01
2.224731445312500000e+00,-5.610351562500000000e-01,5.986206054687499556e-01
1.644165039062500000e+00,3.081054687500000000e-01,5.986206054687499556e-01
1.644165039062500000e+00,-5.610351562500000000e-01,1.649047851562499833e-01
2.224731445312500000e+00,3.081054687500000000e-01,1.649047851562499833e-01
1.941650390624999889e-01,4.389648437500000000e-01,1.236206054687499917e-01
7.747314453124999334e-01,4.389648437500000000e-01,1.236206054687499917e-01
1.941650390624999889e-01,-6.918945312500000000e-01,1.236206054687499917e-01
1.941650390624999889e-01,4.389648437500000000e-01,6.399047851562499334e-01
7.747314453124999334e-01,-6.918945312500000000e-01,6.399047851562499334e-01
2.394775390624999944e-01,-9.228515625000000000e-02,4.650268554687500000e-01
1.001293945312500044e+00,-9.228515625000000000e-02,4.650268554687500000e-01
2.394775390624999944e-01,9.643554687500000000e-01,4.650268554687500000e-01
2.394775390624999944e-01,-9.228515625000000000e-02,5.063110351562499778e-01
1.001293945312500044e+00,9.643554687500000000e-01,5.063110351562499778e-01
1.689477539062500089e+00,9.077148437500000000e-01,9.400268554687499778e-01
2.451293945312500000e+00,9.077148437500000000e-01,9.400268554687499778e-01
1.689477539062500089e+00,-3.564453125000000000e-02,9.400268554687499778e-01
1.689477539062500089e+00,9.077148437500000000e-01,3.131103515625000000e-02
2.451293945312500000e+00,-3.564453125000000000e-02,3.131103515625000000e-02
2.414477539062500178e+00,-5.922851562500000000e-01,2.275268554687499833e-01
2.762939453125000111e-01,-5.922851562500000000e-01,2.275268554687499833e-01
2.414477539062500178e+00,-5.356445312500000000e-01,2.275268554687499833e-01
2.414477539062500178e+00,-5.922851562500000000e-01,2.688110351562499889e-01
2.762939453125000111e-01,-5.356445312500000000e-01,2.688110351562499889e-01
9.644775390625000000e-01,4.077148437500000000e-01,7.025268554687499334e-01
1.726293945312500133e+00,4.077148437500000000e-01,7.025268554687499334e-01
9.644775390625000000e-01,4.643554687500000000e-01,7.025268554687499334e-01
9.644775390625000000e-01,4.077148437500000000e-01,7.438110351562499112e-01
1.726293945312500133e+00,4.643554687500000000e-01,7.438110351562499112e-01
1.326977539062500044e+00,-8.422851562500000000e-01,8.212768554687499556e-01
2.088793945312499734e+00,-8.422851562500000000e-01,8.212768554687499556e-01
1.326977539062500044e+00,2.143554687500000000e-01,8.212768554687499556e-01
1.326977539062500044e+00,-8.422851562500000000e-01,6.250610351562500000e-01
2.088793945312499734e+00,2.143554687500000000e-01,6.250610351562500000e-01
2.776977539062500000e+00,1.577148437500000000e-01,3.462768554687499778e-01
6.387939453125000000e-01,1.577148437500000000e-01,3.462768554687499778e-01
2.776977539062500000e+00,-7.856445312500000000e-01,3.462768554687499778e-01
2.776977539062500000e+00,1.577148437500000000e-01,1.500610351562499944e-01
6.387939453125000000e-01,-7.856445312500000000e-01,1.500610351562499944e-01
2.051977539062499911e+00,-3.422851562500000000e-01,5.837768554687500222e-01
2.813793945312499822e+00,-3.422851562500000000e-01,5.837768554687500222e-01
2.051977539062499911e+00,-2.856445312500000000e-01,5.837768554687500222e-01
2.051977539062499911e+00,-3.422851562500000000e-01,3.875610351562499556e-01
2.813793945312499822e+00,-2.856445312500000000e-01,3.875610351562499556e-01
6.019775390624999556e-01,6.577148437500000000e-01,1.087768554687499889e-01
1.363793945312500089e+00,6.577148437500000000e-01,1.087768554687499889e-01
6.019775390624999556e-01,7.143554687500000000e-01,1.087768554687499889e-01
6.019775390624999556e-01,6.577148437500000000e-01,8.625610351562499334e-01
1.363793945312500089e+00,7.143554687500000000e-01,8.625610351562499334e-01
7.832275390624999778e-01,-7.172851562500000000e-01,5.244018554687499556e-01
8.200439453124999112e-01,-7.172851562500000000e-01,5.244018554687499556e-01
7.832275390624999778e-01,-1.606445312500000000e-01,5.244018554687499556e-01
7.832275390624999778e-01,-7.172851562500000000e-01,8.031860351562499778e-01
8.200439453124999112e-01,-1.606445312500000000e-01,8.031860351562499778e-01
2.233227539062499822e+00,2.827148437500000000e-01,4.940185546874999861e-02
2.270043945312500089e+00,2.827148437500000000e-01,4.940185546874999861e-02
2.233227539062499822e+00,8.393554687500000000e-01,4.940185546874999861e-02
2.233227539062499822e+00,2.827148437500000000e-01,3.281860351562500000e-01
2.270043945312500089e+00,8.393554687500000000e-01,3.281860351562500000e-01
2.958227539062499911e+00,-2.172851562500000000e-01,7.619018554687500000e-01
1.545043945312500000e+00,-2.172851562500000000e-01,7.619018554687500000e-01
2.958227539062499911e+00,3.393554687500000000e-01,7.619018554687500000e-01
2.958227539062499911e+00,-2.172851562500000000e-01,9.068603515624999722e-02
1.545043945312500000e+00,3.393554687500000000e-01,9.068603515624999722e-02
1.508227539062499956e+00,7.827148437500000000e-01,2.869018554687499667e-01
2.995043945312500178e+00,7.827148437500000000e-01,2.869018554687499667e-01
1.508227539062499956e+00,-6.606445312500000000e-01,2.869018554687499667e-01
1.508227539062499956e+00,7.827148437500000000e-01,5.656860351562499334e-01
2.995043945312500178e+00,-6.606445312500000000e-01,5.656860351562499334e-01
1.145727539062500133e+00,-4.672851562500000000e-01,1.681518554687500000e-01
2.632543945312499911e+00,-4.672851562500000000e-01,1.681518554687500000e-01
1.145727539062500133e+00,-9.106445312500000000e-01,1.681518554687500000e-01
1.145727539062500133e+00,-4.672851562500000000e-01,9.219360351562500000e-01
2.632543945312499911e+00,-9.106445312500000000e-01,9.219360351562500000e-01
2.595727539062500089e+00,5.327148437500000000e-01,6.431518554687499778e-01
1.182543945312499956e+00,5.327148437500000000e-01,6.431518554687499778e-01
2.595727539062500089e+00,8.935546875000000000e-02,6.431518554687499778e-01
2.595727539062500089e+00,5.327148437500000000e-01,4.469360351562499667e-01
1.182543945312499956e+00,8.935546875000000000e-02,4.469360351562499667e-01
1.870727539062500000e+00,-9.672851562500000000e-01,4.056518554687499889e-01
1.907543945312500044e+00,-9.672851562500000000e-01,4.056518554687499889e-01
1.870727539062500000e+00,5.893554687500000000e-01,4.056518554687499889e-01
1.870727539062500000e+00,-9.672851562500000000e-01,2.094360351562499778e-01
1.907543945312500044e+00,5.893554687500000000e-01,2.094360351562499778e-01
4.207275390625000444e-01,3.271484375000000000e-02,8.806518554687499112e-01
4.575439453124999778e-01,3.271484375000000000e-02,8.806518554687499112e-01
4.207275390625000444e-01,-4.106445312500000000e-01,8.806518554687499112e-01
4.207275390625000444e-01,3.271484375000000000e-02,6.844360351562499556e-01
4.575439453124999778e-01,-4.106445312500000000e-01,6.844360351562499556e-01
3.301025390624999778e-01,-9.047851562500000000e-01,1.971435546875000000e-02
2.723168945312500089e+00,-9.047851562500000000e-01,1.971435546875000000e-02
3.301025390624999778e-01,4.018554687500000000e-01,1.971435546875000000e-02
3.301025390624999778e-01,-9.047851562500000000e-01,4.172485351562499889e-01
2.723168945312500089e+00,4.018554687500000000e-01,4.172485351562499889e-01
1.780102539062500044e+00,9.521484375000000000e-02,4.947143554687499778e-01
1.273168945312500133e+00,9.521484375000000000e-02,4.947143554687499778e-01
1.780102539062500044e+00,-5.981445312500000000e-01,4.947143554687499778e-01
1.780102539062500044e+00,9.521484375000000000e-02,8.922485351562499112e-01
1.273168945312500133e+00,-5.981445312500000000e-01,8.922485351562499112e-01
2.505102539062499911e+00,-4.047851562500000000e-01,2.572143554687499889e-01
1.998168945312500000e+00,-4.047851562500000000e-01,2.572143554687499889e-01
2.505102539062499911e+00,-9.814453125000000000e-02,2.572143554687499889e-01
2.505102539062499911e+00,-4.047851562500000000e-01,6.547485351562499778e-01
1.998168945312500000e+00,-9.814453125000000000e-02,6.547485351562499778e-01
1.055102539062499956e+00,5.952148437500000000e-01,7.322143554687499112e-01
5.481689453125000444e-01,5.952148437500000000e-01,7.322143554687499112e-01
1.055102539062499956e+00,9.018554687500000000e-01,7.322143554687499112e-01
1.055102539062499956e+00,5.952148437500000000e-01,1.797485351562500000e-01
5.481689453125000444e-01,9.018554687500000000e-01,1.797485351562500000e-01
1.417602539062500000e+00,-1.547851562500000000e-01,6.134643554687500000e-01
1.856689453125000000e-01,-1.547851562500000000e-01,6.134643554687500000e-01
1.417602539062500000e+00,6.518554687500000000e-01,6.134643554687500000e-01
1.417602539062500000e+00,-1.547851562500000000e-01,2.984985351562499667e-01
1.856689453125000000e-01,6.518554687500000000e-01,2.984985351562499667e-01
2.867602539062500178e+00,8.452148437500000000e-01,1.384643554687499944e-01
1.635668945312499956e+00,8.452148437500000000e-01,1.384643554687499944e-01
2.867602539062500178e+00,-3.481445312500000000e-01,1.384643554687499944e-01
2.867602539062500178e+00,8.452148437500000000e-01,7.734985351562500000e-01
1.635668945312499956e+00,-3.481445312500000000e-01,7.734985351562500000e-01
2.142602539062500089e+00,-6.547851562500000000e-01,8.509643554687499334e-01
9.106689453124999778e-01,-6.547851562500000000e-01,8.509643554687499334e-01
2.142602539062500089e+00,-8.481445312500000000e-01,8.509643554687499334e-01
2.142602539062500089e+00,-6.547851562500000000e-01,5.359985351562499556e-01
9.106689453124999778e-01,-8.481445312500000000e-01,5.359985351562499556e-01
6.926025390624999112e-01,3.452148437500000000e-01,3.759643554687499556e-01
2.360668945312499822e+00,3.452148437500000000e-01,3.759643554687499556e-01
6.926025390624999112e-01,1.518554687500000000e-01,3.759643554687499556e-01
6.926025390624999112e-01,3.452148437500000000e-01,6.099853515624999861e-02
2.360668945312499822e+00,1.518554687500000000e-01,6.099853515624999861e-02
5.113525390625000000e-01,-2.797851562500000000e-01,9.103393554687500000e-01
1.816918945312500089e+00,-2.797851562500000000e-01,9.103393554687500000e-01
5.113525390625000000e-01,-7.231445312500000000e-01,9.103393554687500000e-01
5.113525390625000000e-01,-2.797851562500000000e-01,1.203735351562499889e-01
1.816918945312500089e+00,-7.231445312500000000e-01,1.203735351562499889e-01
1.961352539062499956e+00,7.202148437500000000e-01,4.353393554687499667e-01
3.669189453125000222e-01,7.202148437500000000e-01,4.353393554687499667e-01
1.961352539062499956e+00,2.768554687500000000e-01,4.353393554687499667e-01
1.961352539062499956e+00,7.202148437500000000e-01,5.953735351562500222e-01
3.669189453125000222e-01,2.768554687500000000e-01,5.953735351562500222e-01
2.686352539062499822e+00,-7.797851562500000000e-01,6.728393554687499556e-01
2.541918945312500178e+00,-7.797851562500000000e-01,6.728393554687499556e-01
2.686352539062499822e+00,7.768554687500000000e-01,6.728393554687499556e-01
2.686352539062499822e+00,-7.797851562500000000e-01,8.328735351562499556e-01
2.541918945312500178e+00,7.768554687500000000e-01,8.328735351562499556e-01
1.236352539062500089e+00,2.202148437500000000e-01,1.978393554687499778e-01
1.091918945312500000e+00,2.202148437500000000e-01,1.978393554687499778e-01
1.236352539062500089e+00,-2.231445312500000000e-01,1.978393554687499778e-01
1.236352539062500089e+00,2.202148437500000000e-01,3.578735351562499778e-01
1.091918945312500000e+00,-2.231445312500000000e-01,3.578735351562499778e-01
8.738525390624999334e-01,-5.297851562500000000e-01,3.165893554687500000e-01
1.454418945312500044e+00,-5.297851562500000000e-01,3.165893554687500000e-01
8.738525390624999334e-01,-4.731445312500000000e-01,3.165893554687500000e-01
8.738525390624999334e-01,-5.297851562500000000e-01,1.623535156249999870e-03
1.454418945312500044e+00,-4.731445312500000000e-01,1.623535156249999870e-03
2.323852539062500000e+00,4.702148437500000000e-01,7.915893554687499778e-01
2.904418945312500000e+00,4.702148437500000000e-01,7.915893554687499778e-01
2.323852539062500000e+00,5.268554687500000000e-01,7.915893554687499778e-01
2.323852539062500000e+00,4.702148437500000000e-01,4.766235351562500000e-01
2.904418945312500000e+00,5.268554687500000000e-01,4.766235351562500000e-01
1.598852539062500133e+00,-2.978515625000000000e-02,7.908935546874999722e-02
7.294189453124999556e-01,-2.978515625000000000e-02,7.908935546874999722e-02
1.598852539062500133e+00,2.685546875000000000e-02,7.908935546874999722e-02
1.598852539062500133e+00,-2.978515625000000000e-02,7.141235351562499334e-01
7.294189453124999556e-01,2.685546875000000000e-02,7.141235351562499334e-01
1.488525390625000111e-01,9.702148437500000000e-01,5.540893554687499334e-01
2.179418945312499911e+00,9.702148437500000000e-01,5.540893554687499334e-01
1.488525390625000111e-01,-9.731445312500000000e-01,5.540893554687499334e-01
1.488525390625000111e-01,9.702148437500000000e-01,2.391235351562499833e-01
2.179418945312499911e+00,-9.731445312500000000e-01,2.391235351562499833e-01
1.715087890625000000e-01,-3.266601562500000000e-01,1.013549804687499944e-01
3.442626953124999778e-01,-3.266601562500000000e-01,1.013549804687499944e-01
1.715087890625000000e-01,-5.126953125000000000e-02,1.013549804687499944e-01
1.715087890625000000e-01,-3.266601562500000000e-01,8.326416015625000278e-02
3.442626953124999778e-01,-5.126953125000000000e-02,8.326416015625000278e-02
1.621508789062499956e+00,6.733398437500000000e-01,5.763549804687500000e-01
1.794262695312500044e+00,6.733398437500000000e-01,5.763549804687500000e-01
1.621508789062499956e+00,9.487304687500000000e-01,5.763549804687500000e-01
1.621508789062499956e+00,6.733398437500000000e-01,5.582641601562500222e-01
1.794262695312500044e+00,9.487304687500000000e-01,5.582641601562500222e-01
2.346508789062499822e+00,-8.266601562500000000e-01,3.388549804687500111e-01
1.069262695312499956e+00,-8.266601562500000000e-01,3.388549804687500111e-01
2.346508789062499822e+00,4.487304687500000000e-01,3.388549804687500111e-01
2.346508789062499822e+00,-8.266601562500000000e-01,7.957641601562499556e-01
1.069262695312499956e+00,4.487304687500000000e-01,7.957641601562499556e-01
8.965087890624999778e-01,1.733398437500000000e-01,8.138549804687499334e-01
2.519262695312499911e+00,1.733398437500000000e-01,8.138549804687499334e-01
8.965087890624999778e-01,-5.512695312500000000e-01,8.138549804687499334e-01
8.965087890624999778e-01,1.733398437500000000e-01,3.207641601562499778e-01
2.519262695312499911e+00,-5.512695312500000000e-01,3.207641601562499778e-01
1.259008789062500133e+00,-5.766601562500000000e-01,6.951049804687500222e-01
2.881762695312500178e+00,-5.766601562500000000e-01,6.951049804687500222e-01
1.259008789062500133e+00,-8.012695312500000000e-01,6.951049804687500222e-01
1.259008789062500133e+00,-5.766601562500000000e-01,2.020141601562499833e-01
2.881762695312500178e+00,-8.012695312500000000e-01,2.020141601562499833e-01
2.709008789062500089e+00,4.233398437500000000e-01,2.201049804687499889e-01
1.431762695312500000e+00,4.233398437500000000e-01,2.201049804687499889e-01
2.709008789062500089e+00,1.987304687500000000e-01,2.201049804687499889e-01
2.709008789062500089e+00,4.233398437500000000e-01,6.770141601562499334e-01
1.431762695312500000e+00,1.987304687500000000e-01,6.770141601562499334e-01
1.984008789062500000e+00,-7.666015625000000000e-02,9.326049804687499556e-01
2.156762695312500089e+00,-7.666015625000000000e-02,9.326049804687499556e-01
1.984008789062500000e+00,6.987304687500000000e-01,9.326049804687499556e-01
1.984008789062500000e+00,-7.666015625000000000e-02,9.145141601562499778e-01
2.156762695312500089e+00,6.987304687500000000e-01,9.145141601562499778e-01
5.340087890625000444e-01,9.233398437500000000e-01,4.576049804687499778e-01
7.067626953124999112e-01,9.233398437500000000e-01,4.576049804687499778e-01
5.340087890625000444e-01,-3.012695312500000000e-01,4.576049804687499778e-01
5.340087890625000444e-01,9.233398437500000000e-01,4.395141601562500000e-01
7.067626953124999112e-01,-3.012695312500000000e-01,4.395141601562500000e-01
7.152587890624999556e-01,-9.516601562500000000e-01,8.732299804687500000e-01
1.250512695312500089e+00,-9.516601562500000000e-01,8.732299804687500000e-01
7.152587890624999556e-01,8.237304687500000000e-01,8.732299804687500000e-01
7.152587890624999556e-01,-9.516601562500000000e-01,2.613891601562499667e-01
1.250512695312500089e+00,8.237304687500000000e-01,2.613891601562499667e-01
2.165258789062499911e+00,4.833984375000000000e-02,3.982299804687499667e-01
2.700512695312499822e+00,4.833984375000000000e-02,3.982299804687499667e-01
2.165258789062499911e+00,-1.762695312500000000e-01,3.982299804687499667e-01
2.165258789062499911e+00,4.833984375000000000e-02,7.363891601562500000e-01
2.700512695312499822e+00,-1.762695312500000000e-01,7.363891601562500000e-01
2.890258789062500000e+00,-4.516601562500000000e-01,6.357299804687499556e-01
5.255126953125000000e-01,-4.516601562500000000e-01,6.357299804687499556e-01
2.890258789062500000e+00,-6.762695312500000000e-01,6.357299804687499556e-01
2.890258789062500000e+00,-4.516601562500000000e-01,4.988891601562499556e-01
5.255126953125000000e-01,-6.762695312500000000e-01,4.988891601562499556e-01
1.440258789062500044e+00,5.483398437500000000e-01,1.607299804687500056e-01
1.975512695312499956e+00,5.483398437500000000e-01,1.607299804687500056e-01
1.440258789062500044e+00,3.237304687500000000e-01,1.607299804687500056e-01
1.440258789062500044e+00,5.483398437500000000e-01,2.388916015624999861e-02
1.975512695312499956e+00,3.237304687500000000e-01,2.388916015624999861e-02
1.077758789062500000e+00,-2.016601562500000000e-01,2.794799804687500000e-01
1.613012695312500133e+00,-2.016601562500000000e-01,2.794799804687500000e-01
1.077758789062500000e+00,7.373046875000000000e-02,2.794799804687500000e-01
1.077758789062500000e+00,-2.016601562500000000e-01,3.801391601562499889e-01
1.613012695312500133e+00,7.373046875000000000e-02,3.801391601562499889e-01
2.527758789062500178e+00,7.983398437500000000e-01,7.544799804687499778e-01
1.630126953125000111e-01,7.983398437500000000e-01,7.544799804687499778e-01
2.527758789062500178e+00,-9.262695312500000000e-01,7.544799804687499778e-01
2.527758789062500178e+00,7.983398437500000000e-01,8.551391601562499112e-01
1.630126953125000111e-01,-9.262695312500000000e-01,8.551391601562499112e-01
1.802758789062500089e+00,-7.016601562500000000e-01,4.197998046874999722e-02
2.338012695312500000e+00,-7.016601562500000000e-01,4.197998046874999722e-02
1.802758789062500089e+00,-4.262695312500000000e-01,4.197998046874999722e-02
1.802758789062500089e+00,-7.016601562500000000e-01,6.176391601562499778e-01
2.338012695312500000e+00,-4.262695312500000000e-01,6.176391601562499778e-01
3.527587890625000222e-01,2.983398437500000000e-01,5.169799804687499334e-01
8.880126953124999334e-01,2.983398437500000000e-01,5.169799804687499334e-01
3.527587890625000222e-01,5.737304687500000000e-01,5.169799804687499334e-01
3.527587890625000222e-01,2.983398437500000000e-01,1.426391601562500000e-01
8.880126953124999334e-01,5.737304687500000000e-01,1.426391601562500000e-01
4.433837890624999778e-01,-6.391601562500000000e-01,3.685424804687499889e-01
2.247387695312499822e+00,-6.391601562500000000e-01,3.685424804687499889e-01
4.433837890624999778e-01,-6.137695312500000000e-01,3.685424804687499889e-01
4.433837890624999778e-01,-6.391601562500000000e-01,8.848266601562500000e-01
2.247387695312499822e+00,-6.137695312500000000e-01,8.848266601562500000e-01
1.893383789062500044e+00,3.608398437500000000e-01,8.435424804687499112e-01
7.973876953124999778e-01,3.608398437500000000e-01,8.435424804687499112e-01
1.893383789062500044e+00,3.862304687500000000e-01,8.435424804687499112e-01
1.893383789062500044e+00,3.608398437500000000e-01,4.098266601562499667e-01
7.973876953124999778e-01,3.862304687500000000e-01,4.098266601562499667e-01
2.618383789062499911e+00,-1.391601562500000000e-01,1.310424804687500000e-01
2.972387695312499911e+00,-1.391601562500000000e-01,1.310424804687500000e-01
2.618383789062499911e+00,8.862304687500000000e-01,1.310424804687500000e-01
2.618383789062499911e+00,-1.391601562500000000e-01,1.723266601562500056e-01
2.972387695312499911e+00,8.862304687500000000e-01,1.723266601562500056e-01
1.168383789062499956e+00,8.608398437500000000e-01,6.060424804687499778e-01
1.522387695312499956e+00,8.608398437500000000e-01,6.060424804687499778e-01
1.168383789062499956e+00,-1.137695312500000000e-01,6.060424804687499778e-01
1.168383789062499956e+00,8.608398437500000000e-01,6.473266601562499556e-01
1.522387695312499956e+00,-1.137695312500000000e-01,6.473266601562499556e-01
1.530883789062500000e+00,-3.891601562500000000e-01,7.247924804687500000e-01
1.159887695312500133e+00,-3.891601562500000000e-01,7.247924804687500000e-01
1.530883789062500000e+00,-3.637695312500000000e-01,7.247924804687500000e-01
1.530883789062500000e+00,-3.891601562500000000e-01,7.660766601562499778e-01
1.159887695312500133e+00,-3.637695312500000000e-01,7.660766601562499778e-01
2.980883789062500178e+00,6.108398437500000000e-01,2.497924804687499944e-01
2.609887695312500089e+00,6.108398437500000000e-01,2.497924804687499944e-01
2.980883789062500178e+00,6.362304687500000000e-01,2.497924804687499944e-01
2.980883789062500178e+00,6.108398437500000000e-01,2.910766601562500000e-01
2.609887695312500089e+00,6.362304687500000000e-01,2.910766601562500000e-01
2.255883789062500089e+00,-8.891601562500000000e-01,4.872924804687499556e-01
4.348876953125000444e-01,-8.891601562500000000e-01,4.872924804687499556e-01
2.255883789062500089e+00,1.362304687500000000e-01,4.872924804687499556e-01
2.255883789062500089e+00,-8.891601562500000000e-01,5.357666015624999722e-02
4.348876953125000444e-01,1.362304687500000000e-01,5.357666015624999722e-02
8.058837890624999112e-01,1.108398437500000000e-01,1.229248046874999861e-02
1.884887695312500000e+00,1.108398437500000000e-01,1.229248046874999861e-02
8.058837890624999112e-01,-8.637695312500000000e-01,1.229248046874999861e-02
8.058837890624999112e-01,1.108398437500000000e-01,5.285766601562499334e-01
1.884887695312500000e+00,-8.637695312500000000e-01,5.285766601562499334e-01
6.246337890625000000e-01,-1.416015625000000000e-02,5.466674804687500222e-01
2.428637695312500178e+00,-1.416015625000000000e-02,5.466674804687500222e-01
6.246337890625000000e-01,2.612304687500000000e-01,5.466674804687500222e-01
6.246337890625000000e-01,-1.416015625000000000e-02,7.067016601562500222e-01
2.428637695312500178e+00,2.612304687500000000e-01,7.067016601562500222e-01
2.074633789062499734e+00,9.858398437500000000e-01,7.166748046875000278e-02
9.786376953125000000e-01,9.858398437500000000e-01,7.166748046875000278e-02
2.074633789062499734e+00,-7.387695312500000000e-01,7.166748046875000278e-02
2.074633789062499734e+00,9.858398437500000000e-01,2.317016601562499889e-01
9.786376953125000000e-01,-7.387695312500000000e-01,2.317016601562499889e-01
2.799633789062499822e+00,-5.141601562500000000e-01,7.841674804687499556e-01
1.703637695312500089e+00,-5.141601562500000000e-01,7.841674804687499556e-01
2.799633789062499822e+00,-2.387695312500000000e-01,7.841674804687499556e-01
2.799633789062499822e+00,-5.141601562500000000e-01,4.692016601562499778e-01
1.703637695312500089e+00,-2.387695312500000000e-01,4.692016601562499778e-01
1.349633789062500089e+00,4.858398437500000000e-01,3.091674804687499778e-01
2.536376953125000222e-01,4.858398437500000000e-01,3.091674804687499778e-01
1.349633789062500089e+00,7.612304687500000000e-01,3.091674804687499778e-01
1.349633789062500089e+00,4.858398437500000000e-01,9.442016601562499556e-01
2.536376953125000222e-01,7.612304687500000000e-01,9.442016601562499556e-01
9.871337890624999334e-01,-7.641601562500000000e-01,1.904174804687499833e-01
6.161376953124999556e-01,-7.641601562500000000e-01,1.904174804687499833e-01
9.871337890624999334e-01,5.112304687500000000e-01,1.904174804687499833e-01
9.871337890624999334e-01,-7.641601562500000000e-01,5.879516601562500000e-01
6.161376953124999556e-01,5.112304687500000000e-01,5.879516601562500000e-01
2.437133789062500000e+00,2.358398437500000000e-01,6.654174804687499334e-01
2.066137695312499911e+00,2.358398437500000000e-01,6.654174804687499334e-01
2.437133789062500000e+00,-4.887695312500000000e-01,6.654174804687499334e-01
2.437133789062500000e+00,2.358398437500000000e-01,1.129516601562499944e-01
2.066137695312499911e+00,-4.887695312500000000e-01,1.129516601562499944e-01
1.712133789062500133e+00,-2.641601562500000000e-01,4.279174804687500000e-01
1.341137695312500044e+00,-2.641601562500000000e-01,4.279174804687500000e-01
1.712133789062500133e+00,-9.887695312500000000e-01,4.279174804687500000e-01
1.712133789062500133e+00,-2.641601562500000000e-01,3.504516601562500111e-01
1.341137695312500044e+00,-9.887695312500000000e-01,3.504516601562500111e-01
2.621337890625000111e-01,7.358398437500000000e-01,9.029174804687499778e-01
2.791137695312500000e+00,7.358398437500000000e-01,9.029174804687499778e-01
2.621337890625000111e-01,1.123046875000000000e-02,9.029174804687499778e-01
2.621337890625000111e-01,7.358398437500000000e-01,8.254516601562499334e-01
2.791137695312500000e+00,1.123046875000000000e-02,8.254516601562499334e-01
2.168212890625000056e-01,-8.579101562500000000e-01,6.505737304687500000e-01
1.839575195312500133e+00,-8.579101562500000000e-01,6.505737304687500000e-01
2.168212890625000056e-01,-2.700195312500000000e-01,6.505737304687500000e-01
2.168212890625000056e-01,-8.579101562500000000e-01,9.293579101562499112e-01
1.839575195312500133e+00,-2.700195312500000000e-01,9.293579101562499112e-01
1.666821289062500044e+00,1.420898437500000000e-01,1.755737304687499944e-01
3.895751953124999556e-01,1.420898437500000000e-01,1.755737304687499944e-01
1.666821289062500044e+00,7.299804687500000000e-01,1.755737304687499944e-01
1.666821289062500044e+00,1.420898437500000000e-01,4.543579101562499889e-01
3.895751953124999556e-01,7.299804687500000000e-01,4.543579101562499889e-01
2.391821289062499911e+00,-3.579101562500000000e-01,8.880737304687499334e-01
2.564575195312500000e+00,-3.579101562500000000e-01,8.880737304687499334e-01
2.391821289062499911e+00,2.299804687500000000e-01,8.880737304687499334e-01
2.391821289062499911e+00,-3.579101562500000000e-01,2.168579101562500000e-01
2.564575195312500000e+00,2.299804687500000000e-01,2.168579101562500000e-01
9.418212890624999556e-01,6.420898437500000000e-01,4.130737304687499556e-01
1.114575195312500044e+00,6.420898437500000000e-01,4.130737304687499556e-01
9.418212890624999556e-01,-7.700195312500000000e-01,4.130737304687499556e-01
9.418212890624999556e-01,6.420898437500000000e-01,6.918579101562499778e-01
1.114575195312500044e+00,-7.700195312500000000e-01,6.918579101562499778e-01
1.304321289062500000e+00,-1.079101562500000000e-01,5.682373046875000000e-02
1.477075195312500089e+00,-1.079101562500000000e-01,5.682373046875000000e-02
1.304321289062500000e+00,-5.200195312500000000e-01,5.682373046875000000e-02
1.304321289062500000e+00,-1.079101562500000000e-01,8.106079101562500000e-01
1.477075195312500089e+00,-5.200195312500000000e-01,8.106079101562500000e-01
2.754321289062500178e+00,8.920898437500000000e-01,5.318237304687499778e-01
2.927075195312499822e+00,8.920898437500000000e-01,5.318237304687499778e-01
2.754321289062500178e+00,4.799804687500000000e-01,5.318237304687499778e-01
2.754321289062500178e+00,8.920898437500000000e-01,3.356079101562499667e-01
2.927075195312499822e+00,4.799804687500000000e-01,3.356079101562499667e-01
2.029321289062500089e+00,-6.079101562500000000e-01,2.943237304687499889e-01
7.520751953125000000e-01,-6.079101562500000000e-01,2.943237304687499889e-01
2.029321289062500089e+00,9.799804687500000000e-01,2.943237304687499889e-01
2.029321289062500089e+00,-6.079101562500000000e-01,9.810791015624999167e-02
7.520751953125000000e-01,9.799804687500000000e-01,9.810791015624999167e-02
5.793212890625000222e-01,3.920898437500000000e-01,7.693237304687499112e-01
2.202075195312500178e+00,3.920898437500000000e-01,7.693237304687499112e-01
5.793212890625000222e-01,-2.001953125000000000e-02,7.693237304687499112e-01
5.793212890625000222e-01,3.920898437500000000e-01,5.731079101562499556e-01
2.202075195312500178e+00,-2.001953125000000000e-02,5.731079101562499556e-01
7.605712890624999334e-01,-4.829101562500000000e-01,3.536987304687500000e-01
2.745825195312499911e+00,-4.829101562500000000e-01,3.536987304687500000e-01
7.605712890624999334e-01,6.049804687500000000e-01,3.536987304687500000e-01
7.605712890624999334e-01,-4.829101562500000000e-01,6.324829101562500222e-01
2.745825195312499911e+00,6.049804687500000000e-01,6.324829101562500222e-01
2.210571289062500000e+00,5.170898437500000000e-01,8.286987304687499778e-01
1.295825195312499956e+00,5.170898437500000000e-01,8.286987304687499778e-01
2.210571289062500000e+00,-3.950195312500000000e-01,8.286987304687499778e-01
2.210571289062500000e+00,5.170898437500000000e-01,1.574829101562499889e-01
1.295825195312499956e+00,-3.950195312500000000e-01,1.574829101562499889e-01
2.935571289062500089e+00,-9.829101562500000000e-01,1.161987304687499972e-01
2.020825195312499822e+00,-9.829101562500000000e-01,1.161987304687499972e-01
2.935571289062500089e+00,-8.950195312500000000e-01,1.161987304687499972e-01
2.935571289062500089e+00,-9.829101562500000000e-01,3.949829101562499778e-01
2.020825195312499822e+00,-8.950195312500000000e-01,3.949829101562499778e-01
1.485571289062500133e+00,1.708984375000000000e-02,5.911987304687499334e-01
5.708251953124999778e-01,1.708984375000000000e-02,5.911987304687499334e-01
1.485571289062500133e+00,1.049804687500000000e-01,5.911987304687499334e-01
1.485571289062500133e+00,1.708984375000000000e-02,8.699829101562499556e-01
5.708251953124999778e-01,1.049804687500000000e-01,8.699829101562499556e-01
1.123071289062500089e+00,-7.329101562500000000e-01,9.474487304687500000e-01
2.083251953124999889e-01,-7.329101562500000000e-01,9.474487304687500000e-01
1.123071289062500089e+00,3.549804687500000000e-01,9.474487304687500000e-01
1.123071289062500089e+00,-7.329101562500000000e-01,5.137329101562500000e-01
2.083251953124999889e-01,3.549804687500000000e-01,5.137329101562500000e-01
2.573071289062499822e+00,2.670898437500000000e-01,4.724487304687499667e-01
1.658325195312500000e+00,2.670898437500000000e-01,4.724487304687499667e-01
2.573071289062499822e+00,-6.450195312500000000e-01,4.724487304687499667e-01
2.573071289062499822e+00,2.670898437500000000e-01,3.873291015625000139e-02
1.658325195312500000e+00,-6.450195312500000000e-01,3.873291015625000139e-02
1.848071289062499956e+00,-2.329101562500000000e-01,7.099487304687499556e-01
9.333251953124999112e-01,-2.329101562500000000e-01,7.099487304687499556e-01
1.848071289062499956e+00,-1.450195312500000000e-01,7.099487304687499556e-01
1.848071289062499956e+00,-2.329101562500000000e-01,2.762329101562500111e-01
9.333251953124999112e-01,-1.450195312500000000e-01,2.762329101562500111e-01
3.980712890625000000e-01,7.670898437500000000e-01,2.349487304687499778e-01
2.383325195312500089e+00,7.670898437500000000e-01,2.349487304687499778e-01
3.980712890625000000e-01,8.549804687500000000e-01,2.349487304687499778e-01
3.980712890625000000e-01,7.670898437500000000e-01,7.512329101562499334e-01
2.383325195312500089e+00,8.549804687500000000e-01,7.512329101562499334e-01
3.074462890624999889e-01,-1.704101562500000000e-01,7.990112304687500000e-01
6.614501953124999334e-01,-1.704101562500000000e-01,7.990112304687500000e-01
3.074462890624999889e-01,-8.325195312500000000e-01,7.990112304687500000e-01
3.074462890624999889e-01,-1.704101562500000000e-01,9.045410156249999306e-03
6.614501953124999334e-01,-8.325195312500000000e-01,9.045410156249999306e-03
1.757446289062500000e+00,8.295898437500000000e-01,3.240112304687499667e-01
2.111450195312500000e+00,8.295898437500000000e-01,3.240112304687499667e-01
1.757446289062500000e+00,1.674804687500000000e-01,3.240112304687499667e-01
1.757446289062500000e+00,8.295898437500000000e-01,4.840454101562499667e-01
2.111450195312500000e+00,1.674804687500000000e-01,4.840454101562499667e-01
2.482446289062500089e+00,-6.704101562500000000e-01,5.615112304687499556e-01
1.386450195312500133e+00,-6.704101562500000000e-01,5.615112304687499556e-01
2.482446289062500089e+00,6.674804687500000000e-01,5.615112304687499556e-01
2.482446289062500089e+00,-6.704101562500000000e-01,7.215454101562499556e-01
1.386450195312500133e+00,6.674804687500000000e-01,7.215454101562499556e-01
1.032446289062499911e+00,3.295898437500000000e-01,8.651123046874999167e-02
2.836450195312500089e+00,3.295898437500000000e-01,8.651123046874999167e-02
1.032446289062499911e+00,-3.325195312500000000e-01,8.651123046874999167e-02
1.032446289062499911e+00,3.295898437500000000e-01,2.465454101562499778e-01
2.836450195312500089e+00,-3.325195312500000000e-01,2.465454101562499778e-01
1.394946289062499956e+00,-9.204101562500000000e-01,4.427612304687499889e-01
2.473950195312499822e+00,-9.204101562500000000e-01,4.427612304687499889e-01
1.394946289062499956e+00,-8.251953125000000000e-02,4.427612304687499889e-01
1.394946289062499956e+00,-9.204101562500000000e-01,1.277954101562499833e-01
2.473950195312499822e+00,-8.251953125000000000e-02,1.277954101562499833e-01
2.844946289062499911e+00,7.958984375000000000e-02,9.177612304687499112e-01
1.023950195312500089e+00,7.958984375000000000e-02,9.177612304687499112e-01
2.844946289062499911e+00,9.174804687500000000e-01,9.177612304687499112e-01
2.844946289062499911e+00,7.958984375000000000e-02,6.027954101562499334e-01
1.023950195312500089e+00,9.174804687500000000e-01,6.027954101562499334e-01
2.119946289062499822e+00,-4.204101562500000000e-01,2.052612304687500000e-01
1.748950195312499956e+00,-4.204101562500000000e-01,2.052612304687500000e-01
2.119946289062499822e+00,4.174804687500000000e-01,2.052612304687500000e-01
2.119946289062499822e+00,-4.204101562500000000e-01,8.402954101562499778e-01
1.748950195312499956e+00,4.174804687500000000e-01,8.402954101562499778e-01
6.699462890624999778e-01,5.795898437500000000e-01,6.802612304687499778e-01
2.989501953125000000e-01,5.795898437500000000e-01,6.802612304687499778e-01
6.699462890624999778e-01,-5.825195312500000000e-01,6.802612304687499778e-01
6.699462890624999778e-01,5.795898437500000000e-01,3.652954101562500000e-01
2.989501953125000000e-01,-5.825195312500000000e-01,3.652954101562500000e-01
4.886962890624999556e-01,-5.454101562500000000e-01,1.458862304687499889e-01
8.427001953124999556e-01,-5.454101562500000000e-01,1.458862304687499889e-01
4.886962890624999556e-01,4.248046875000000000e-02,1.458862304687499889e-01
4.886962890624999556e-01,-5.454101562500000000e-01,3.059204101562499889e-01
8.427001953124999556e-01,4.248046875000000000e-02,3.059204101562499889e-01
1.938696289062500133e+00,4.545898437500000000e-01,6.208862304687500222e-01
2.292700195312499911e+00,4.545898437500000000e-01,6.208862304687500222e-01
1.938696289062500133e+00,-9.575195312500000000e-01,6.208862304687500222e-01
1.938696289062500133e+00,4.545898437500000000e-01,7.809204101562499112e-01
2.292700195312499911e+00,-9.575195312500000000e-01,7.809204101562499112e-01
2.663696289062500000e+00,-4.541015625000000000e-02,3.833862304687499778e-01
1.177001953125000056e-01,-4.541015625000000000e-02,3.833862304687499778e-01
2.663696289062500000e+00,-4.575195312500000000e-01,3.833862304687499778e-01
2.663696289062500000e+00,-4.541015625000000000e-02,5.434204101562499778e-01
1.177001953125000056e-01,-4.575195312500000000e-01,5.434204101562499778e-01
1.213696289062500044e+00,9.545898437500000000e-01,8.583862304687499556e-01
1.567700195312500044e+00,9.545898437500000000e-01,8.583862304687499556e-01
1.213696289062500044e+00,5.424804687500000000e-01,8.583862304687499556e-01
1.213696289062500044e+00,9.545898437500000000e-01,6.842041015625000000e-02
1.567700195312500044e+00,5.424804687500000000e-01,6.842041015625000000e-02
8.511962890625000000e-01,-2.954101562500000000e-01,5.021362304687500000e-01
1.930200195312500089e+00,-2.954101562500000000e-01,5.021362304687500000e-01
8.511962890625000000e-01,7.924804687500000000e-01,5.021362304687500000e-01
8.511962890625000000e-01,-2.954101562500000000e-01,4.246704101562499556e-01
1.930200195312500089e+00,7.924804687500000000e-01,4.246704101562499556e-01
2.301196289062500178e+00,7.045898437500000000e-01,2.713623046874999792e-02
4.802001953125000222e-01,7.045898437500000000e-01,2.713623046874999792e-02
2.301196289062500178e+00,-2.075195312500000000e-01,2.713623046874999792e-02
2.301196289062500178e+00,7.045898437500000000e-01,8.996704101562499334e-01
4.802001953125000222e-01,-2.075195312500000000e-01,8.996704101562499334e-01
1.576196289062500089e+00,-7.954101562500000000e-01,7.396362304687499334e-01
2.655200195312500178e+00,-7.954101562500000000e-01,7.396362304687499334e-01
1.576196289062500089e+00,-7.075195312500000000e-01,7.396362304687499334e-01
1.576196289062500089e+00,-7.954101562500000000e-01,6.621704101562500000e-01
2.655200195312500178e+00,-7.075195312500000000e-01,6.621704101562500000e-01
1.261962890624999944e-01,2.045898437500000000e-01,2.646362304687500111e-01
1.205200195312500000e+00,2.045898437500000000e-01,2.646362304687500111e-01
1.261962890624999944e-01,2.924804687500000000e-01,2.646362304687500111e-01
1.261962890624999944e-01,2.045898437500000000e-01,1.871704101562499944e-01
1.205200195312500000e+00,2.924804687500000000e-01,1.871704101562499944e-01
1.375244140624999889e-01,-2.094726562500000000e-01,4.835815429687500000e-01
2.847778320312500000e+00,-2.094726562500000000e-01,4.835815429687500000e-01
1.375244140624999889e-01,-5.590820312500000000e-01,4.835815429687500000e-01
1.375244140624999889e-01,-2.094726562500000000e-01,7.475219726562499778e-01
2.847778320312500000e+00,-5.590820312500000000e-01,7.475219726562499778e-01
1.587524414062500000e+00,7.905273437500000000e-01,8.581542968749999653e-03
1.397778320312500044e+00,7.905273437500000000e-01,8.581542968749999653e-03
1.587524414062500000e+00,4.409179687500000000e-01,8.581542968749999653e-03
1.587524414062500000e+00,7.905273437500000000e-01,2.725219726562500000e-01
1.397778320312500044e+00,4.409179687500000000e-01,2.725219726562500000e-01
2.312524414062500089e+00,-7.094726562500000000e-01,7.210815429687499334e-01
2.122778320312499911e+00,-7.094726562500000000e-01,7.210815429687499334e-01
2.312524414062500089e+00,9.409179687500000000e-01,7.210815429687499334e-01
2.312524414062500089e+00,-7.094726562500000000e-01,3.502197265624999722e-02
2.122778320312499911e+00,9.409179687500000000e-01,3.502197265624999722e-02
8.625244140624999112e-01,2.905273437500000000e-01,2.460815429687499833e-01
6.727783203124999556e-01,2.905273437500000000e-01,2.460815429687499833e-01
8.625244140624999112e-01,-5.908203125000000000e-02,2.460815429687499833e-01
8.625244140624999112e-01,2.905273437500000000e-01,5.100219726562499334e-01
6.727783203124999556e-01,-5.908203125000000000e-02,5.100219726562499334e-01
1.225024414062499956e+00,-9.594726562500000000e-01,1.273315429687499889e-01
3.102783203125000222e-01,-9.594726562500000000e-01,1.273315429687499889e-01
1.225024414062499956e+00,-3.090820312500000000e-01,1.273315429687499889e-01
1.225024414062499956e+00,-9.594726562500000000e-01,8.662719726562500000e-01
3.102783203125000222e-01,-3.090820312500000000e-01,8.662719726562500000e-01
2.675024414062499911e+00,4.052734375000000000e-02,6.023315429687500222e-01
1.760278320312500089e+00,4.052734375000000000e-02,6.023315429687500222e-01
2.675024414062499911e+00,6.909179687500000000e-01,6.023315429687500222e-01
2.675024414062499911e+00,4.052734375000000000e-02,3.912719726562499667e-01
1.760278320312500089e+00,6.909179687500000000e-01,3.912719726562499667e-01
1.950024414062500044e+00,-4.594726562500000000e-01,3.648315429687499778e-01
1.035278320312500000e+00,-4.594726562500000000e-01,3.648315429687499778e-01
1.950024414062500044e+00,1.909179687500000000e-01,3.648315429687499778e-01
1.950024414062500044e+00,-4.594726562500000000e-01,1.537719726562500056e-01
1.035278320312500000e+00,1.909179687500000000e-01,1.537719726562500056e-01
5.000244140624999778e-01,5.405273437500000000e-01,8.398315429687499556e-01
2.485278320312500178e+00,5.405273437500000000e-01,8.398315429687499556e-01
5.000244140624999778e-01,-8.090820312500000000e-01,8.398315429687499556e-01
5.000244140624999778e-01,5.405273437500000000e-01,6.287719726562499556e-01
2.485278320312500178e+00,-8.090820312500000000e-01,6.287719726562499556e-01
6.812744140625000000e-01,-5.844726562500000000e-01,4.242065429687499889e-01
1.579028320312499956e+00,-5.844726562500000000e-01,4.242065429687499889e-01
6.812744140625000000e-01,3.159179687500000000e-01,4.242065429687499889e-01
6.812744140625000000e-01,-5.844726562500000000e-01,5.693969726562500000e-01
1.579028320312499956e+00,3.159179687500000000e-01,5.693969726562500000e-01
2.131274414062500178e+00,4.155273437500000000e-01,8.992065429687499112e-01
1.290283203125000000e-01,4.155273437500000000e-01,8.992065429687499112e-01
2.131274414062500178e+00,-6.840820312500000000e-01,8.992065429687499112e-01
2.131274414062500178e+00,4.155273437500000000e-01,9.439697265624999445e-02
1.290283203125000000e-01,-6.840820312500000000e-01,9.439697265624999445e-02
2.856274414062499822e+00,-8.447265625000000000e-02,1.867065429687500000e-01
2.304028320312499822e+00,-8.447265625000000000e-02,1.867065429687500000e-01
2.856274414062499822e+00,-1.840820312500000000e-01,1.867065429687500000e-01
2.856274414062499822e+00,-8.447265625000000000e-02,3.318969726562500111e-01
2.304028320312499822e+00,-1.840820312500000000e-01,3.318969726562500111e-01
1.406274414062500089e+00,9.155273437500000000e-01,6.617065429687499778e-01
8.540283203124999778e-01,9.155273437500000000e-01,6.617065429687499778e-01
1.406274414062500089e+00,8.159179687500000000e-01,6.617065429687499778e-01
1.406274414062500089e+00,9.155273437500000000e-01,8.068969726562499334e-01
8.540283203124999778e-01,8.159179687500000000e-01,8.068969726562499334e-01
1.043774414062500044e+00,-3.344726562500000000e-01,7.804565429687500000e-01
1.216528320312500133e+00,-3.344726562500000000e-01,7.804565429687500000e-01
1.043774414062500044e+00,5.659179687500000000e-01,7.804565429687500000e-01
1.043774414062500044e+00,-3.344726562500000000e-01,6.881469726562500222e-01
1.216528320312500133e+00,5.659179687500000000e-01,6.881469726562500222e-01
2.493774414062500000e+00,6.655273437500000000e-01,3.054565429687499667e-01
2.666528320312500089e+00,6.655273437500000000e-01,3.054565429687499667e-01
2.493774414062500000e+00,-4.340820312500000000e-01,3.054565429687499667e-01
2.493774414062500000e+00,6.655273437500000000e-01,2.131469726562499889e-01
2.666528320312500089e+00,-4.340820312500000000e-01,2.131469726562499889e-01
1.768774414062500133e+00,-8.344726562500000000e-01,5.429565429687499556e-01
4.915283203125000444e-01,-8.344726562500000000e-01,5.429565429687499556e-01
1.768774414062500133e+00,-9.340820312500000000e-01,5.429565429687499556e-01
1.768774414062500133e+00,-8.344726562500000000e-01,4.506469726562499778e-01
4.915283203125000444e-01,-9.340820312500000000e-01,4.506469726562499778e-01
3.187744140625000111e-01,1.655273437500000000e-01,6.795654296874999167e-02
1.941528320312500000e+00,1.655273437500000000e-01,6.795654296874999167e-02
3.187744140625000111e-01,6.591796875000000000e-02,6.795654296874999167e-02
3.187744140625000111e-01,1.655273437500000000e-01,9.256469726562499556e-01
1.941528320312500000e+00,6.591796875000000000e-02,9.256469726562499556e-01
4.093994140625000222e-01,-7.719726562500000000e-01,9.288940429687500000e-01
1.125903320312499956e+00,-7.719726562500000000e-01,9.288940429687500000e-01
4.093994140625000222e-01,-1.215820312500000000e-01,9.288940429687500000e-01
4.093994140625000222e-01,-7.719726562500000000e-01,1.834594726562499833e-01
1.125903320312499956e+00,-1.215820312500000000e-01,1.834594726562499833e-01
1.859399414062500089e+00,2.280273437500000000e-01,4.538940429687499667e-01
2.575903320312499911e+00,2.280273437500000000e-01,4.538940429687499667e-01
1.859399414062500089e+00,8.784179687500000000e-01,4.538940429687499667e-01
1.859399414062500089e+00,2.280273437500000000e-01,6.584594726562499334e-01
2.575903320312499911e+00,8.784179687500000000e-01,6.584594726562499334e-01
2.584399414062500178e+00,-2.719726562500000000e-01,6.913940429687499556e-01
4.009033203124999778e-01,-2.719726562500000000e-01,6.913940429687499556e-01
2.584399414062500178e+00,3.784179687500000000e-01,6.913940429687499556e-01
2.584399414062500178e+00,-2.719726562500000000e-01,8.959594726562499778e-01
4.009033203124999778e-01,3.784179687500000000e-01,8.959594726562499778e-01
1.134399414062500000e+00,7.280273437500000000e-01,2.163940429687499778e-01
1.850903320312500044e+00,7.280273437500000000e-01,2.163940429687499778e-01
1.134399414062500000e+00,-6.215820312500000000e-01,2.163940429687499778e-01
1.134399414062500000e+00,7.280273437500000000e-01,4.209594726562500000e-01
1.850903320312500044e+00,-6.215820312500000000e-01,4.209594726562500000e-01
1.496899414062500044e+00,-2.197265625000000000e-02,3.351440429687500000e-01
2.213403320312500089e+00,-2.197265625000000000e-02,3.351440429687500000e-01
1.496899414062500044e+00,-8.715820312500000000e-01,3.351440429687500000e-01
1.496899414062500044e+00,-2.197265625000000000e-02,6.470947265625000278e-02
2.213403320312500089e+00,-8.715820312500000000e-01,6.470947265625000278e-02
2.946899414062500000e+00,9.780273437500000000e-01,8.101440429687499778e-01
7.634033203124999112e-01,9.780273437500000000e-01,8.101440429687499778e-01
2.946899414062500000e+00,1.284179687500000000e-01,8.101440429687499778e-01
2.946899414062500000e+00,9.780273437500000000e-01,5.397094726562500222e-01
7.634033203124999112e-01,1.284179687500000000e-01,5.397094726562500222e-01
2.221899414062499911e+00,-5.219726562500000000e-01,9.764404296874999722e-02
2.938403320312500178e+00,-5.219726562500000000e-01,9.764404296874999722e-02
2.221899414062499911e+00,6.284179687500000000e-01,9.764404296874999722e-02
2.221899414062499911e+00,-5.219726562500000000e-01,7.772094726562499556e-01
2.938403320312500178e+00,6.284179687500000000e-01,7.772094726562499556e-01
7.718994140624999556e-01,4.780273437500000000e-01,5.726440429687499334e-01
1.488403320312500000e+00,4.780273437500000000e-01,5.726440429687499334e-01
7.718994140624999556e-01,-3.715820312500000000e-01,5.726440429687499334e-01
7.718994140624999556e-01,4.780273437500000000e-01,3.022094726562499778e-01
1.488403320312500000e+00,-3.715820312500000000e-01,3.022094726562499778e-01
5.906494140625000444e-01,-3.969726562500000000e-01,3.826904296875000000e-02
5.821533203125000000e-01,-3.969726562500000000e-01,3.826904296875000000e-02
5.906494140625000444e-01,7.534179687500000000e-01,3.826904296875000000e-02
5.906494140625000444e-01,-3.969726562500000000e-01,3.615844726562499889e-01
5.821533203125000000e-01,7.534179687500000000e-01,3.615844726562499889e-01
2.040649414062500000e+00,6.030273437500000000e-01,5.132690429687499778e-01
2.032153320312499734e+00,6.030273437500000000e-01,5.132690429687499778e-01
2.040649414062500000e+00,-2.465820312500000000e-01,5.132690429687499778e-01
2.040649414062500000e+00,6.030273437500000000e-01,8.365844726562499112e-01
2.032153320312499734e+00,-2.465820312500000000e-01,8.365844726562499112e-01
2.765649414062500089e+00,-8.969726562500000000e-01,2.757690429687499889e-01
1.307153320312500089e+00,-8.969726562500000000e-01,2.757690429687499889e-01
2.765649414062500089e+00,-7.465820312500000000e-01,2.757690429687499889e-01
2.765649414062500089e+00,-8.969726562500000000e-01,5.990844726562499778e-01
1.307153320312500089e+00,-7.465820312500000000e-01,5.990844726562499778e-01
1.315649414062500133e+00,1.030273437500000000e-01,7.507690429687499112e-01
2.757153320312499822e+00,1.030273437500000000e-01,7.507690429687499112e-01
1.315649414062500133e+00,2.534179687500000000e-01,7.507690429687499112e-01
1.315649414062500133e+00,1.030273437500000000e-01,1.240844726562500000e-01
2.757153320312499822e+00,2.534179687500000000e-01,1.240844726562500000e-01
9.531494140624999778e-01,-6.469726562500000000e-01,6.320190429687500000e-01
2.394653320312500000e+00,-6.469726562500000000e-01,6.320190429687500000e-01
9.531494140624999778e-01,3.417968750000000000e-03,6.320190429687500000e-01
9.531494140624999778e-01,-6.469726562500000000e-01,2.428344726562499944e-01
2.394653320312500000e+00,3.417968750000000000e-03,2.428344726562499944e-01
2.403149414062499822e+00,3.530273437500000000e-01,1.570190429687499944e-01
9.446533203124999334e-01,3.530273437500000000e-01,1.570190429687499944e-01
2.403149414062499822e+00,-9.965820312500000000e-01,1.570190429687499944e-01
2.403149414062499822e+00,3.530273437500000000e-01,7.178344726562500000e-01
9.446533203124999334e-01,-9.965820312500000000e-01,7.178344726562500000e-01
1.678149414062499956e+00,-1.469726562500000000e-01,8.695190429687499334e-01
1.669653320312500133e+00,-1.469726562500000000e-01,8.695190429687499334e-01
1.678149414062499956e+00,-4.965820312500000000e-01,8.695190429687499334e-01
1.678149414062499956e+00,-1.469726562500000000e-01,4.803344726562499556e-01
1.669653320312500133e+00,-4.965820312500000000e-01,4.803344726562499556e-01
2.281494140625000000e-01,8.530273437500000000e-01,3.945190429687499556e-01
2.196533203125000111e-01,8.530273437500000000e-01,3.945190429687499556e-01
2.281494140625000000e-01,5.034179687500000000e-01,3.945190429687499556e-01
2.281494140625000000e-01,8.530273437500000000e-01,5.334472656249999480e-03
2.196533203125000111e-01,5.034179687500000000e-01,5.334472656249999480e-03
2.734619140624999778e-01,-7.407226562500000000e-01,2.015502929687499889e-01
1.533715820312500089e+00,-7.407226562500000000e-01,2.015502929687499889e-01
2.734619140624999778e-01,-7.778320312500000000e-01,2.015502929687499889e-01
2.734619140624999778e-01,-7.407226562500000000e-01,1.389282226562499889e-01
1.533715820312500089e+00,-7.778320312500000000e-01,1.389282226562499889e-01
1.723461914062500044e+00,2.592773437500000000e-01,6.765502929687500222e-01
2.983715820312499822e+00,2.592773437500000000e-01,6.765502929687500222e-01
1.723461914062500044e+00,2.221679687500000000e-01,6.765502929687500222e-01
1.723461914062500044e+00,2.592773437500000000e-01,6.139282226562500222e-01
2.983715820312499822e+00,2.221679687500000000e-01,6.139282226562500222e-01
2.448461914062499911e+00,-2.407226562500000000e-01,4.390502929687499778e-01
8.087158203125000000e-01,-2.407226562500000000e-01,4.390502929687499778e-01
2.448461914062499911e+00,7.221679687500000000e-01,4.390502929687499778e-01
2.448461914062499911e+00,-2.407226562500000000e-01,8.514282226562499556e-01
8.087158203125000000e-01,7.221679687500000000e-01,8.514282226562499556e-01
9.984619140624999556e-01,7.592773437500000000e-01,9.140502929687499556e-01
2.258715820312500178e+00,7.592773437500000000e-01,9.140502929687499556e-01
9.984619140624999556e-01,-2.778320312500000000e-01,9.140502929687499556e-01
9.984619140624999556e-01,7.592773437500000000e-01,3.764282226562499778e-01
2.258715820312500178e+00,-2.778320312500000000e-01,3.764282226562499778e-01
1.360961914062500000e+00,-4.907226562500000000e-01,5.578002929687500000e-01
1.896215820312500133e+00,-4.907226562500000000e-01,5.578002929687500000e-01
1.360961914062500000e+00,-2.783203125000000000e-02,5.578002929687500000e-01
1.360961914062500000e+00,-4.907226562500000000e-01,2.017822265624999792e-02
1.896215820312500133e+00,-2.783203125000000000e-02,2.017822265624999792e-02
2.810961914062500178e+00,5.092773437500000000e-01,8.280029296874999445e-02
4.462158203124999556e-01,5.092773437500000000e-01,8.280029296874999445e-02
2.810961914062500178e+00,9.721679687500000000e-01,8.280029296874999445e-02
2.810961914062500178e+00,5.092773437500000000e-01,4.951782226562500000e-01
4.462158203124999556e-01,9.721679687500000000e-01,4.951782226562500000e-01
2.085961914062500089e+00,-9.907226562500000000e-01,7.953002929687499334e-01
2.621215820312500000e+00,-9.907226562500000000e-01,7.953002929687499334e-01
2.085961914062500089e+00,4.721679687500000000e-01,7.953002929687499334e-01
2.085961914062500089e+00,-9.907226562500000000e-01,7.326782226562499334e-01
2.621215820312500000e+00,4.721679687500000000e-01,7.326782226562499334e-01
6.359619140624999112e-01,9.277343750000000000e-03,3.203002929687500111e-01
1.171215820312500044e+00,9.277343750000000000e-03,3.203002929687500111e-01
6.359619140624999112e-01,-5.278320312500000000e-01,3.203002929687500111e-01
6.359619140624999112e-01,9.277343750000000000e-03,2.576782226562500111e-01
1.171215820312500044e+00,-5.278320312500000000e-01,2.576782226562500111e-01
8.172119140624999334e-01,-1.157226562500000000e-01,7.359252929687499778e-01
2.649658203124999889e-01,-1.157226562500000000e-01,7.359252929687499778e-01
8.172119140624999334e-01,9.716796875000000000e-02,7.359252929687499778e-01
8.172119140624999334e-01,-1.157226562500000000e-01,4.358032226562499889e-01
2.649658203124999889e-01,9.716796875000000000e-02,4.358032226562499889e-01
2.267211914062500000e+00,8.842773437500000000e-01,2.609252929687500000e-01
1.714965820312500000e+00,8.842773437500000000e-01,2.609252929687500000e-01
2.267211914062500000e+00,-9.028320312500000000e-01,2.609252929687500000e-01
2.267211914062500000e+00,8.842773437500000000e-01,9.108032226562499112e-01
1.714965820312500000e+00,-9.028320312500000000e-01,9.108032226562499112e-01
2.992211914062500089e+00,-6.157226562500000000e-01,4.984252929687499889e-01
9.899658203124999112e-01,-6.157226562500000000e-01,4.984252929687499889e-01
2.992211914062500089e+00,-4.028320312500000000e-01,4.984252929687499889e-01
2.992211914062500089e+00,-6.157226562500000000e-01,6.733032226562499778e-01
9.899658203124999112e-01,-4.028320312500000000e-01,6.733032226562499778e-01
1.542211914062500133e+00,3.842773437500000000e-01,2.342529296874999722e-02
2.439965820312500089e+00,3.842773437500000000e-01,2.342529296874999722e-02
1.542211914062500133e+00,5.971679687500000000e-01,2.342529296874999722e-02
1.542211914062500133e+00,3.842773437500000000e-01,1.983032226562500000e-01
2.439965820312500089e+00,5.971679687500000000e-01,1.983032226562500000e-01
1.179711914062500089e+00,-8.657226562500000000e-01,3.796752929687499667e-01
2.802465820312499911e+00,-8.657226562500000000e-01,3.796752929687499667e-01
1.179711914062500089e+00,8.471679687500000000e-01,3.796752929687499667e-01
1.179711914062500089e+00,-8.657226562500000000e-01,3.170532226562499667e-01
2.802465820312499911e+00,8.471679687500000000e-01,3.170532226562499667e-01
2.629711914062499822e+00,1.342773437500000000e-01,8.546752929687500000e-01
1.352465820312499956e+00,1.342773437500000000e-01,8.546752929687500000e-01
2.629711914062499822e+00,-1.528320312500000000e-01,8.546752929687500000e-01
2.629711914062499822e+00,1.342773437500000000e-01,7.920532226562500000e-01
1.352465820312499956e+00,-1.528320312500000000e-01,7.920532226562500000e-01
1.904711914062499956e+00,-3.657226562500000000e-01,1.421752929687500056e-01
2.077465820312499822e+00,-3.657226562500000000e-01,1.421752929687500056e-01
1.904711914062499956e+00,-6.528320312500000000e-01,1.421752929687500056e-01
1.904711914062499956e+00,-3.657226562500000000e-01,5.545532226562499556e-01
2.077465820312499822e+00,-6.528320312500000000e-01,5.545532226562499556e-01
4.547119140625000000e-01,6.342773437500000000e-01,6.171752929687499556e-01
6.274658203124999778e-01,6.342773437500000000e-01,6.171752929687499556e-01
4.547119140625000000e-01,3.471679687500000000e-01,6.171752929687499556e-01
4.547119140625000000e-01,6.342773437500000000e-01,7.955322265624999167e-02
6.274658203124999778e-01,3.471679687500000000e-01,7.955322265624999167e-02
3.640869140625000444e-01,-3.032226562500000000e-01,2.906127929687499778e-01
2.530590820312499822e+00,-3.032226562500000000e-01,2.906127929687499778e-01
3.640869140625000444e-01,-3.403320312500000000e-01,2.906127929687499778e-01
3.640869140625000444e-01,-3.032226562500000000e-01,8.217407226562499778e-01
2.530590820312499822e+00,-3.403320312500000000e-01,8.217407226562499778e-01
1.814086914062500000e+00,6.967773437500000000e-01,7.656127929687499556e-01
1.080590820312500089e+00,6.967773437500000000e-01,7.656127929687499556e-01
1.814086914062500000e+00,6.596679687500000000e-01,7.656127929687499556e-01
1.814086914062500000e+00,6.967773437500000000e-01,3.467407226562500000e-01
1.080590820312500089e+00,6.596679687500000000e-01,3.467407226562500000e-01
2.539086914062500089e+00,-8.032226562500000000e-01,5.311279296874999584e-02
1.805590820312499956e+00,-8.032226562500000000e-01,5.311279296874999584e-02
2.539086914062500089e+00,1.596679687500000000e-01,5.311279296874999584e-02
2.539086914062500089e+00,-8.032226562500000000e-01,1.092407226562499972e-01
1.805590820312499956e+00,1.596679687500000000e-01,1.092407226562499972e-01
1.089086914062499911e+00,1.967773437500000000e-01,5.281127929687500222e-01
3.555908203125000000e-01,1.967773437500000000e-01,5.281127929687500222e-01
1.089086914062499911e+00,-8.403320312500000000e-01,5.281127929687500222e-01
1.089086914062499911e+00,1.967773437500000000e-01,5.842407226562499334e-01
3.555908203125000000e-01,-8.403320312500000000e-01,5.842407226562499334e-01
1.451586914062499956e+00,-5.532226562500000000e-01,8.843627929687499778e-01
7.180908203124999334e-01,-5.532226562500000000e-01,8.843627929687499778e-01
1.451586914062499956e+00,-5.903320312500000000e-01,8.843627929687499778e-01
1.451586914062499956e+00,-5.532226562500000000e-01,9.404907226562500000e-01
7.180908203124999334e-01,-5.903320312500000000e-01,9.404907226562500000e-01
2.901586914062499911e+00,4.467773437500000000e-01,4.093627929687500000e-01
2.168090820312500000e+00,4.467773437500000000e-01,4.093627929687500000e-01
2.901586914062499911e+00,4.096679687500000000e-01,4.093627929687500000e-01
2.901586914062499911e+00,4.467773437500000000e-01,4.654907226562499667e-01
2.168090820312500000e+00,4.096679687500000000e-01,4.654907226562499667e-01
2.176586914062499822e+00,-5.322265625000000000e-02,6.468627929687499334e-01
1.443090820312500133e+00,-5.322265625000000000e-02,6.468627929687499334e-01
2.176586914062499822e+00,9.096679687500000000e-01,6.468627929687499334e-01
2.176586914062499822e+00,-5.322265625000000000e-02,2.279907226562499778e-01
1.443090820312500133e+00,9.096679687500000000e-01,2.279907226562499778e-01
7.265869140624999778e-01,9.467773437500000000e-01,1.718627929687499833e-01
2.893090820312500089e+00,9.467773437500000000e-01,1.718627929687499833e-01
7.265869140624999778e-01,-9.033203125000000000e-02,1.718627929687499833e-01
7.265869140624999778e-01,9.467773437500000000e-01,7.029907226562499556e-01
2.893090820312500089e+00,-9.033203125000000000e-02,7.029907226562499556e-01
5.453369140624999556e-01,-9.282226562500000000e-01,7.062377929687500000e-01
1.986840820312500089e+00,-9.282226562500000000e-01,7.062377929687500000e-01
5.453369140624999556e-01,5.346679687500000000e-01,7.062377929687500000e-01
5.453369140624999556e-01,-9.282226562500000000e-01,5.248657226562499778e-01
1.986840820312500089e+00,5.346679687500000000e-01,5.248657226562499778e-01
1.995336914062500133e+00,7.177734375000000000e-02,2.312377929687499944e-01
5.368408203125000222e-01,7.177734375000000000e-02,2.312377929687499944e-01
1.995336914062500133e+00,-4.653320312500000000e-01,2.312377929687499944e-01
1.995336914062500133e+00,7.177734375000000000e-02,4.986572265625000000e-02
5.368408203125000222e-01,-4.653320312500000000e-01,4.986572265625000000e-02
2.720336914062500000e+00,-4.282226562500000000e-01,9.437377929687499334e-01
2.711840820312500178e+00,-4.282226562500000000e-01,9.437377929687499334e-01
2.720336914062500000e+00,-9.653320312500000000e-01,9.437377929687499334e-01
2.720336914062500000e+00,-4.282226562500000000e-01,2.873657226562499889e-01
2.711840820312500178e+00,-9.653320312500000000e-01,2.873657226562499889e-01
1.270336914062500044e+00,5.717773437500000000e-01,4.687377929687499556e-01
1.261840820312500000e+00,5.717773437500000000e-01,4.687377929687499556e-01
1.270336914062500044e+00,3.466796875000000000e-02,4.687377929687499556e-01
1.270336914062500044e+00,5.717773437500000000e-01,7.623657226562499112e-01
1.261840820312500000e+00,3.466796875000000000e-02,7.623657226562499112e-01
9.078369140625000000e-01,-1.782226562500000000e-01,1.124877929687500000e-01
8.993408203124999556e-01,-1.782226562500000000e-01,1.124877929687500000e-01
9.078369140625000000e-01,2.846679687500000000e-01,1.124877929687500000e-01
9.078369140625000000e-01,-1.782226562500000000e-01,6.436157226562500000e-01
8.993408203124999556e-01,2.846679687500000000e-01,6.436157226562500000e-01
2.357836914062500178e+00,8.217773437500000000e-01,5.874877929687499778e-01
2.349340820312499911e+00,8.217773437500000000e-01,5.874877929687499778e-01
2.357836914062500178e+00,-7.153320312500000000e-01,5.874877929687499778e-01
2.357836914062500178e+00,8.217773437500000000e-01,1.686157226562499944e-01
2.349340820312499911e+00,-7.153320312500000000e-01,1.686157226562499944e-01
1.632836914062500089e+00,-6.782226562500000000e-01,3.499877929687499889e-01
1.743408203125000056e-01,-6.782226562500000000e-01,3.499877929687499889e-01
1.632836914062500089e+00,-2.153320312500000000e-01,3.499877929687499889e-01
1.632836914062500089e+00,-6.782226562500000000e-01,4.061157226562499556e-01
1.743408203125000056e-01,-2.153320312500000000e-01,4.061157226562499556e-01
1.828369140625000222e-01,3.217773437500000000e-01,8.249877929687499112e-01
1.624340820312500044e+00,3.217773437500000000e-01,8.249877929687499112e-01
1.828369140625000222e-01,7.846679687500000000e-01,8.249877929687499112e-01
1.828369140625000222e-01,3.217773437500000000e-01,8.811157226562499334e-01
1.624340820312500044e+00,7.846679687500000000e-01,8.811157226562499334e-01
1.601806640625000056e-01,-9.750976562500000000e-01,2.980346679687500000e-01
5.141845703124999778e-01,-9.750976562500000000e-01,2.980346679687500000e-01
1.601806640625000056e-01,2.377929687500000000e-01,2.980346679687500000e-01
1.601806640625000056e-01,-9.750976562500000000e-01,6.955688476562499334e-01
5.141845703124999778e-01,2.377929687500000000e-01,6.955688476562499334e-01
1.610180664062500044e+00,2.490234375000000000e-02,7.730346679687499778e-01
1.964184570312500044e+00,2.490234375000000000e-02,7.730346679687499778e-01
1.610180664062500044e+00,-7.622070312500000000e-01,7.730346679687499778e-01
1.610180664062500044e+00,2.490234375000000000e-02,2.205688476562499833e-01
1.964184570312500044e+00,-7.622070312500000000e-01,2.205688476562499833e-01
2.335180664062499911e+00,-4.750976562500000000e-01,6.053466796874999722e-02
1.239184570312499956e+00,-4.750976562500000000e-01,6.053466796874999722e-02
2.335180664062499911e+00,-2.622070312500000000e-01,6.053466796874999722e-02
2.335180664062499911e+00,-4.750976562500000000e-01,4.580688476562500000e-01
1.239184570312499956e+00,-2.622070312500000000e-01,4.580688476562500000e-01
8.851806640624999556e-01,5.249023437500000000e-01,5.355346679687499334e-01
2.689184570312499911e+00,5.249023437500000000e-01,5.355346679687499334e-01
8.851806640624999556e-01,7.377929687500000000e-01,5.355346679687499334e-01
8.851806640624999556e-01,5.249023437500000000e-01,9.330688476562499778e-01
2.689184570312499911e+00,7.377929687500000000e-01,9.330688476562499778e-01
1.247680664062500000e+00,-2.250976562500000000e-01,8.917846679687500000e-01
2.326684570312500089e+00,-2.250976562500000000e-01,8.917846679687500000e-01
1.247680664062500000e+00,9.877929687500000000e-01,8.917846679687500000e-01
1.247680664062500000e+00,-2.250976562500000000e-01,5.768188476562500222e-01
2.326684570312500089e+00,9.877929687500000000e-01,5.768188476562500222e-01
2.697680664062500178e+00,7.749023437500000000e-01,4.167846679687499667e-01
8.766845703124999112e-01,7.749023437500000000e-01,4.167846679687499667e-01
2.697680664062500178e+00,-1.220703125000000000e-02,4.167846679687499667e-01
2.697680664062500178e+00,7.749023437500000000e-01,1.018188476562499889e-01
8.766845703124999112e-01,-1.220703125000000000e-02,1.018188476562499889e-01
1.972680664062500089e+00,-7.250976562500000000e-01,6.542846679687499556e-01
1.601684570312500000e+00,-7.250976562500000000e-01,6.542846679687499556e-01
1.972680664062500089e+00,-5.122070312500000000e-01,6.542846679687499556e-01
1.972680664062500089e+00,-7.250976562500000000e-01,3.393188476562499778e-01
1.601684570312500000e+00,-5.122070312500000000e-01,3.393188476562499778e-01
5.226806640625000222e-01,2.749023437500000000e-01,1.792846679687499778e-01
1.516845703124999889e-01,2.749023437500000000e-01,1.792846679687499778e-01
5.226806640625000222e-01,4.877929687500000000e-01,1.792846679687499778e-01
5.226806640625000222e-01,2.749023437500000000e-01,8.143188476562499556e-01
1.516845703124999889e-01,4.877929687500000000e-01,8.143188476562499556e-01
7.039306640624999334e-01,-3.500976562500000000e-01,5.949096679687500000e-01
1.057934570312500044e+00,-3.500976562500000000e-01,5.949096679687500000e-01
7.039306640624999334e-01,-8.872070312500000000e-01,5.949096679687500000e-01
7.039306640624999334e-01,-3.500976562500000000e-01,8.736938476562499112e-01
1.057934570312500044e+00,-8.872070312500000000e-01,8.736938476562499112e-01
2.153930664062500000e+00,6.499023437500000000e-01,1.199096679687499944e-01
2.507934570312500000e+00,6.499023437500000000e-01,1.199096679687499944e-01
2.153930664062500000e+00,1.127929687500000000e-01,1.199096679687499944e-01
2.153930664062500000e+00,6.499023437500000000e-01,3.986938476562499889e-01
2.507934570312500000e+00,1.127929687500000000e-01,3.986938476562499889e-01
2.878930664062500089e+00,-8.500976562500000000e-01,8.324096679687499334e-01
3.329345703125000111e-01,-8.500976562500000000e-01,8.324096679687499334e-01
2.878930664062500089e+00,6.127929687500000000e-01,8.324096679687499334e-01
2.878930664062500089e+00,-8.500976562500000000e-01,1.611938476562500000e-01
3.329345703125000111e-01,6.127929687500000000e-01,1.611938476562500000e-01
1.428930664062500133e+00,1.499023437500000000e-01,3.574096679687499556e-01
1.782934570312500133e+00,1.499023437500000000e-01,3.574096679687499556e-01
1.428930664062500133e+00,-3.872070312500000000e-01,3.574096679687499556e-01
1.428930664062500133e+00,1.499023437500000000e-01,6.361938476562499778e-01
1.782934570312500133e+00,-3.872070312500000000e-01,6.361938476562499778e-01
1.066430664062500089e+00,-6.000976562500000000e-01,1.159667968750000000e-03
2.145434570312500178e+00,-6.000976562500000000e-01,1.159667968750000000e-03
1.066430664062500089e+00,-1.372070312500000000e-01,1.159667968750000000e-03
1.066430664062500089e+00,-6.000976562500000000e-01,7.549438476562500000e-01
2.145434570312500178e+00,-1.372070312500000000e-01,7.549438476562500000e-01
2.516430664062499822e+00,3.999023437500000000e-01,4.761596679687499778e-01
6.954345703125000000e-01,3.999023437500000000e-01,4.761596679687499778e-01
2.516430664062499822e+00,8.627929687500000000e-01,4.761596679687499778e-01
2.516430664062499822e+00,3.999023437500000000e-01,2.799438476562499667e-01
6.954345703125000000e-01,8.627929687500000000e-01,2.799438476562499667e-01
1.791430664062499956e+00,-1.000976562500000000e-01,2.386596679687499889e-01
2.870434570312499822e+00,-1.000976562500000000e-01,2.386596679687499889e-01
1.791430664062499956e+00,3.627929687500000000e-01,2.386596679687499889e-01
1.791430664062499956e+00,-1.000976562500000000e-01,4.244384765624999861e-02
2.870434570312499822e+00,3.627929687500000000e-01,4.244384765624999861e-02
3.414306640625000000e-01,8.999023437500000000e-01,7.136596679687499112e-01
1.420434570312500089e+00,8.999023437500000000e-01,7.136596679687499112e-01
3.414306640625000000e-01,-6.372070312500000000e-01,7.136596679687499112e-01
3.414306640625000000e-01,8.999023437500000000e-01,5.174438476562499556e-01
1.420434570312500089e+00,-6.372070312500000000e-01,5.174438476562499556e-01
4.320556640624999556e-01,-3.759765625000000000e-02,1.495971679687500000e-01
1.692309570312499956e+00,-3.759765625000000000e-02,1.495971679687500000e-01
4.320556640624999556e-01,6.752929687500000000e-01,1.495971679687500000e-01
4.320556640624999556e-01,-3.759765625000000000e-02,2.502563476562499889e-01
1.692309570312499956e+00,6.752929687500000000e-01,2.502563476562499889e-01
1.882055664062500133e+00,9.624023437500000000e-01,6.245971679687499778e-01
2.423095703125000000e-01,9.624023437500000000e-01,6.245971679687499778e-01
1.882055664062500133e+00,-3.247070312500000000e-01,6.245971679687499778e-01
1.882055664062500133e+00,9.624023437500000000e-01,7.252563476562499112e-01
2.423095703125000000e-01,-3.247070312500000000e-01,7.252563476562499112e-01
2.607055664062500000e+00,-5.375976562500000000e-01,3.870971679687499889e-01
2.417309570312499822e+00,-5.375976562500000000e-01,3.870971679687499889e-01
2.607055664062500000e+00,-8.247070312500000000e-01,3.870971679687499889e-01
2.607055664062500000e+00,-5.375976562500000000e-01,4.877563476562499778e-01
2.417309570312499822e+00,-8.247070312500000000e-01,4.877563476562499778e-01
1.157055664062500044e+00,4.624023437500000000e-01,8.620971679687499112e-01
9.673095703124999778e-01,4.624023437500000000e-01,8.620971679687499112e-01
1.157055664062500044e+00,1.752929687500000000e-01,8.620971679687499112e-01
1.157055664062500044e+00,4.624023437500000000e-01,1.275634765625000000e-02
9.673095703124999778e-01,1.752929687500000000e-01,1.275634765625000000e-02
1.519555664062500089e+00,-7.875976562500000000e-01,5.058471679687499556e-01
1.329809570312500133e+00,-7.875976562500000000e-01,5.058471679687499556e-01
1.519555664062500089e+00,4.252929687500000000e-01,5.058471679687499556e-01
1.519555664062500089e+00,-7.875976562500000000e-01,3.690063476562499556e-01
1.329809570312500133e+00,4.252929687500000000e-01,3.690063476562499556e-01
2.969555664062499822e+00,2.124023437500000000e-01,3.084716796874999861e-02
2.779809570312500089e+00,2.124023437500000000e-01,3.084716796874999861e-02
2.969555664062499822e+00,-5.747070312500000000e-01,3.084716796874999861e-02
2.969555664062499822e+00,2.124023437500000000e-01,8.440063476562499334e-01
2.779809570312500089e+00,-5.747070312500000000e-01,8.440063476562499334e-01
2.244555664062500178e+00,-2.875976562500000000e-01,7.433471679687500000e-01
6.048095703124999334e-01,-2.875976562500000000e-01,7.433471679687500000e-01
2.244555664062500178e+00,-7.470703125000000000e-02,7.433471679687500000e-01
2.244555664062500178e+00,-2.875976562500000000e-01,6.065063476562500000e-01
6.048095703124999334e-01,-7.470703125000000000e-02,6.065063476562500000e-01
7.945556640625000000e-01,7.124023437500000000e-01,2.683471679687499667e-01
2.054809570312500000e+00,7.124023437500000000e-01,2.683471679687499667e-01
7.945556640625000000e-01,9.252929687500000000e-01,2.683471679687499667e-01
7.945556640625000000e-01,7.124023437500000000e-01,1.315063476562499944e-01
2.054809570312500000e+00,9.252929687500000000e-01,1.315063476562499944e-01
6.133056640624999778e-01,-6.625976562500000000e-01,8.027221679687499556e-01
2.961059570312500000e+00,-6.625976562500000000e-01,8.027221679687499556e-01
6.133056640624999778e-01,-4.497070312500000000e-01,8.027221679687499556e-01
6.133056640624999778e-01,-6.625976562500000000e-01,7.213134765624999722e-02
2.961059570312500000e+00,-4.497070312500000000e-01,7.213134765624999722e-02
2.063305664062499822e+00,3.374023437500000000e-01,3.277221679687499778e-01
1.511059570312500044e+00,3.374023437500000000e-01,3.277221679687499778e-01
2.063305664062499822e+00,5.502929687500000000e-01,3.277221679687499778e-01
2.063305664062499822e+00,3.374023437500000000e-01,5.471313476562499334e-01
1.511059570312500044e+00,5.502929687500000000e-01,5.471313476562499334e-01
2.788305664062499911e+00,-1.625976562500000000e-01,5.652221679687500222e-01
2.236059570312499911e+00,-1.625976562500000000e-01,5.652221679687500222e-01
2.788305664062499911e+00,5.029296875000000000e-02,5.652221679687500222e-01
2.788305664062499911e+00,-1.625976562500000000e-01,7.846313476562499778e-01
2.236059570312499911e+00,5.029296875000000000e-02,7.846313476562499778e-01
1.338305664062499956e+00,8.374023437500000000e-01,9.022216796874998890e-02
7.860595703124999556e-01,8.374023437500000000e-01,9.022216796874998890e-02
1.338305664062499956e+00,-9.497070312500000000e-01,9.022216796874998890e-02
1.338305664062499956e+00,8.374023437500000000e-01,3.096313476562500000e-01
7.860595703124999556e-01,-9.497070312500000000e-01,3.096313476562500000e-01
9.758056640624999112e-01,-4.125976562500000000e-01,4.464721679687500000e-01
4.235595703125000222e-01,-4.125976562500000000e-01,4.464721679687500000e-01
9.758056640624999112e-01,-6.997070312500000000e-01,4.464721679687500000e-01
9.758056640624999112e-01,-4.125976562500000000e-01,1.908813476562499778e-01
4.235595703125000222e-01,-6.997070312500000000e-01,1.908813476562499778e-01
2.425805664062500089e+00,5.874023437500000000e-01,9.214721679687499778e-01
1.873559570312500089e+00,5.874023437500000000e-01,9.214721679687499778e-01
2.425805664062500089e+00,3.002929687500000000e-01,9.214721679687499778e-01
2.425805664062500089e+00,5.874023437500000000e-01,6.658813476562499556e-01
1.873559570312500089e+00,3.002929687500000000e-01,6.658813476562499556e-01
1.700805664062500000e+00,-9.125976562500000000e-01,2.089721679687499833e-01
1.148559570312500000e+00,-9.125976562500000000e-01,2.089721679687499833e-01
1.700805664062500000e+00,8.002929687500000000e-01,2.089721679687499833e-01
1.700805664062500000e+00,-9.125976562500000000e-01,9.033813476562500000e-01
1.148559570312500000e+00,8.002929687500000000e-01,9.033813476562500000e-01
2.508056640624999889e-01,8.740234375000000000e-02,6.839721679687499334e-01
2.598559570312500178e+00,8.740234375000000000e-02,6.839721679687499334e-01
2.508056640624999889e-01,-1.997070312500000000e-01,6.839721679687499334e-01
2.508056640624999889e-01,8.740234375000000000e-02,4.283813476562499667e-01
2.598559570312500178e+00,-1.997070312500000000e-01,4.283813476562499667e-01
2.054931640625000111e-01,-4.438476562500000000e-01,8.472534179687499778e-01
2.009497070312499911e+00,-4.438476562500000000e-01,8.472534179687499778e-01
2.054931640625000111e-01,4.565429687500000000e-01,8.472534179687499778e-01
2.054931640625000111e-01,-4.438476562500000000e-01,3.244750976562499889e-01
2.009497070312499911e+00,4.565429687500000000e-01,3.244750976562499889e-01
1.655493164062500133e+00,5.561523437500000000e-01,3.722534179687500000e-01
5.594970703124999556e-01,5.561523437500000000e-01,3.722534179687500000e-01
1.655493164062500133e+00,-5.434570312500000000e-01,3.722534179687500000e-01
1.655493164062500133e+00,5.561523437500000000e-01,7.994750976562499112e-01
5.594970703124999556e-01,-5.434570312500000000e-01,7.994750976562499112e-01
2.380493164062500000e+00,-9.438476562500000000e-01,6.097534179687499334e-01
2.734497070312500000e+00,-9.438476562500000000e-01,6.097534179687499334e-01
2.380493164062500000e+00,-4.345703125000000000e-02,6.097534179687499334e-01
2.380493164062500000e+00,-9.438476562500000000e-01,5.619750976562499778e-01
2.734497070312500000e+00,-4.345703125000000000e-02,5.619750976562499778e-01
9.304931640624999334e-01,5.615234375000000000e-02,1.347534179687499833e-01
1.284497070312500044e+00,5.615234375000000000e-02,1.347534179687499833e-01
9.304931640624999334e-01,9.565429687500000000e-01,1.347534179687499833e-01
9.304931640624999334e-01,5.615234375000000000e-02,8.697509765625000000e-02
1.284497070312500044e+00,9.565429687500000000e-01,8.697509765625000000e-02
1.292993164062500089e+00,-6.938476562500000000e-01,2.535034179687499778e-01
9.219970703125000000e-01,-6.938476562500000000e-01,2.535034179687499778e-01
1.292993164062500089e+00,7.065429687500000000e-01,2.535034179687499778e-01
1.292993164062500089e+00,-6.938476562500000000e-01,4.432250976562499556e-01
9.219970703125000000e-01,7.065429687500000000e-01,4.432250976562499556e-01
2.742993164062499822e+00,3.061523437500000000e-01,7.285034179687499556e-01
2.371997070312500178e+00,3.061523437500000000e-01,7.285034179687499556e-01
2.742993164062499822e+00,-2.934570312500000000e-01,7.285034179687499556e-01
2.742993164062499822e+00,3.061523437500000000e-01,9.182250976562499334e-01
2.371997070312500178e+00,-2.934570312500000000e-01,9.182250976562499334e-01
2.017993164062499734e+00,-1.938476562500000000e-01,1.600341796874999931e-02
1.969970703125000222e-01,-1.938476562500000000e-01,1.600341796874999931e-02
2.017993164062499734e+00,-7.934570312500000000e-01,1.600341796874999931e-02
2.017993164062499734e+00,-1.938476562500000000e-01,6.807250976562500000e-01
1.969970703125000222e-01,-7.934570312500000000e-01,6.807250976562500000e-01
5.679931640625000000e-01,8.061523437500000000e-01,4.910034179687499667e-01
1.646997070312500089e+00,8.061523437500000000e-01,4.910034179687499667e-01
5.679931640625000000e-01,2.065429687500000000e-01,4.910034179687499667e-01
5.679931640625000000e-01,8.061523437500000000e-01,2.057250976562499944e-01
1.646997070312500089e+00,2.065429687500000000e-01,2.057250976562499944e-01
7.492431640624999112e-01,-8.188476562500000000e-01,7.537841796875000000e-02
2.553247070312500089e+00,-8.188476562500000000e-01,7.537841796875000000e-02
7.492431640624999112e-01,-6.684570312500000000e-01,7.537841796875000000e-02
7.492431640624999112e-01,-8.188476562500000000e-01,2.760009765624999931e-02
2.553247070312500089e+00,-6.684570312500000000e-01,2.760009765624999931e-02
2.199243164062500089e+00,1.811523437500000000e-01,5.503784179687499778e-01
1.103247070312500133e+00,1.811523437500000000e-01,5.503784179687499778e-01
2.199243164062500089e+00,3.315429687500000000e-01,5.503784179687499778e-01
2.199243164062500089e+00,1.811523437500000000e-01,5.026000976562500222e-01
1.103247070312500133e+00,3.315429687500000000e-01,5.026000976562500222e-01
2.924243164062500178e+00,-3.188476562500000000e-01,3.128784179687499889e-01
1.828247070312500000e+00,-3.188476562500000000e-01,3.128784179687499889e-01
2.924243164062500178e+00,8.315429687500000000e-01,3.128784179687499889e-01
2.924243164062500178e+00,-3.188476562500000000e-01,7.401000976562499556e-01
1.828247070312500000e+00,8.315429687500000000e-01,7.401000976562499556e-01
1.474243164062500000e+00,6.811523437500000000e-01,7.878784179687499112e-01
3.782470703125000444e-01,6.811523437500000000e-01,7.878784179687499112e-01
1.474243164062500000e+00,-1.684570312500000000e-01,7.878784179687499112e-01
1.474243164062500000e+00,6.811523437500000000e-01,2.651000976562499778e-01
3.782470703125000444e-01,-1.684570312500000000e-01,2.651000976562499778e-01
1.111743164062499956e+00,-6.884765625000000000e-02,6.691284179687500000e-01
7.407470703124999778e-01,-6.884765625000000000e-02,6.691284179687500000e-01
1.111743164062499956e+00,-4.184570312500000000e-01,6.691284179687500000e-01
1.111743164062499956e+00,-6.884765625000000000e-02,1.463500976562499833e-01
7.407470703124999778e-01,-4.184570312500000000e-01,1.463500976562499833e-01
2.561743164062499911e+00,9.311523437500000000e-01,1.941284179687499944e-01
2.190747070312499822e+00,9.311523437500000000e-01,1.941284179687499944e-01
2.561743164062499911e+00,5.815429687500000000e-01,1.941284179687499944e-01
2.561743164062499911e+00,9.311523437500000000e-01,6.213500976562499334e-01
2.190747070312499822e+00,5.815429687500000000e-01,6.213500976562499334e-01
1.836743164062500044e+00,-5.688476562500000000e-01,9.066284179687499334e-01
1.465747070312499956e+00,-5.688476562500000000e-01,9.066284179687499334e-01
1.836743164062500044e+00,8.154296875000000000e-02,9.066284179687499334e-01
1.836743164062500044e+00,-5.688476562500000000e-01,8.588500976562499778e-01
1.465747070312499956e+00,8.154296875000000000e-02,8.588500976562499778e-01
3.867431640624999778e-01,4.311523437500000000e-01,4.316284179687499556e-01
2.915747070312499911e+00,4.311523437500000000e-01,4.316284179687499556e-01
3.867431640624999778e-01,-9.184570312500000000e-01,4.316284179687499556e-01
3.867431640624999778e-01,4.311523437500000000e-01,3.838500976562500000e-01
2.915747070312499911e+00,-9.184570312500000000e-01,3.838500976562500000e-01
2.961181640625000222e-01,-5.063476562500000000e-01,5.800659179687499556e-01
1.063720703125000111e-01,-5.063476562500000000e-01,5.800659179687499556e-01
2.961181640625000222e-01,8.940429687500000000e-01,5.800659179687499556e-01
2.961181640625000222e-01,-5.063476562500000000e-01,6.510375976562500222e-01
1.063720703125000111e-01,8.940429687500000000e-01,6.510375976562500222e-01
1.746118164062500089e+00,4.936523437500000000e-01,1.050659179687499917e-01
1.556372070312500133e+00,4.936523437500000000e-01,1.050659179687499917e-01
1.746118164062500089e+00,-1.059570312500000000e-01,1.050659179687499917e-01
1.746118164062500089e+00,4.936523437500000000e-01,1.760375976562499889e-01
1.556372070312500133e+00,-1.059570312500000000e-01,1.760375976562499889e-01
2.471118164062500178e+00,-6.347656250000000000e-03,8.175659179687500000e-01
8.313720703124999334e-01,-6.347656250000000000e-03,8.175659179687500000e-01
2.471118164062500178e+00,-6.059570312500000000e-01,8.175659179687500000e-01
2.471118164062500178e+00,-6.347656250000000000e-03,4.135375976562499778e-01
8.313720703124999334e-01,-6.059570312500000000e-01,4.135375976562499778e-01
1.021118164062500000e+00,9.936523437500000000e-01,3.425659179687499667e-01
2.281372070312500000e+00,9.936523437500000000e-01,3.425659179687499667e-01
1.021118164062500000e+00,3.940429687500000000e-01,3.425659179687499667e-01
1.021118164062500000e+00,9.936523437500000000e-01,8.885375976562499556e-01
2.281372070312500000e+00,3.940429687500000000e-01,8.885375976562499556e-01
1.383618164062500044e+00,-2.563476562500000000e-01,2.238159179687500000e-01
2.643872070312499822e+00,-2.563476562500000000e-01,2.238159179687500000e-01
1.383618164062500044e+00,1.440429687500000000e-01,2.238159179687500000e-01
1.383618164062500044e+00,-2.563476562500000000e-01,5.322875976562500000e-01
2.643872070312499822e+00,1.440429687500000000e-01,5.322875976562500000e-01
2.833618164062500000e+00,7.436523437500000000e-01,6.988159179687499778e-01
1.193872070312500089e+00,7.436523437500000000e-01,6.988159179687499778e-01
2.833618164062500000e+00,-8.559570312500000000e-01,6.988159179687499778e-01
2.833618164062500000e+00,7.436523437500000000e-01,5.728759765624999445e-02
1.193872070312500089e+00,-8.559570312500000000e-01,5.728759765624999445e-02
2.108618164062499911e+00,-7.563476562500000000e-01,4.613159179687499889e-01
1.918872070312499956e+00,-7.563476562500000000e-01,4.613159179687499889e-01
2.108618164062499911e+00,-3.559570312500000000e-01,4.613159179687499889e-01
2.108618164062499911e+00,-7.563476562500000000e-01,2.947875976562500111e-01
1.918872070312499956e+00,-3.559570312500000000e-01,2.947875976562500111e-01
6.586181640624999556e-01,2.436523437500000000e-01,9.363159179687499112e-01
4.688720703125000000e-01,2.436523437500000000e-01,9.363159179687499112e-01
6.586181640624999556e-01,6.440429687500000000e-01,9.363159179687499112e-01
6.586181640624999556e-01,2.436523437500000000e-01,7.697875976562499334e-01
4.688720703125000000e-01,6.440429687500000000e-01,7.697875976562499334e-01
4.773681640625000444e-01,-1.313476562500000000e-01,4.019409179687499778e-01
1.375122070312500000e+00,-1.313476562500000000e-01,4.019409179687499778e-01
4.773681640625000444e-01,-2.309570312500000000e-01,4.019409179687499778e-01
4.773681640625000444e-01,-1.313476562500000000e-01,9.479125976562499112e-01
1.375122070312500000e+00,-2.309570312500000000e-01,9.479125976562499112e-01
1.927368164062500000e+00,8.686523437500000000e-01,8.769409179687499556e-01
2.825122070312500178e+00,8.686523437500000000e-01,8.769409179687499556e-01
1.927368164062500000e+00,7.690429687500000000e-01,8.769409179687499556e-01
1.927368164062500000e+00,8.686523437500000000e-01,4.729125976562499889e-01
2.825122070312500178e+00,7.690429687500000000e-01,4.729125976562499889e-01
2.652368164062500089e+00,-6.313476562500000000e-01,1.644409179687499889e-01
6.501220703124999112e-01,-6.313476562500000000e-01,1.644409179687499889e-01
2.652368164062500089e+00,2.690429687500000000e-01,1.644409179687499889e-01
2.652368164062500089e+00,-6.313476562500000000e-01,2.354125976562500000e-01
6.501220703124999112e-01,2.690429687500000000e-01,2.354125976562500000e-01
1.202368164062500133e+00,3.686523437500000000e-01,6.394409179687500222e-01
2.100122070312500089e+00,3.686523437500000000e-01,6.394409179687500222e-01
1.202368164062500133e+00,-7.309570312500000000e-01,6.394409179687500222e-01
1.202368164062500133e+00,3.686523437500000000e-01,7.104125976562499778e-01
2.100122070312500089e+00,-7.309570312500000000e-01,7.104125976562499778e-01
8.398681640624999778e-01,-8.813476562500000000e-01,7.581909179687499334e-01
1.737622070312500044e+00,-8.813476562500000000e-01,7.581909179687499334e-01
8.398681640624999778e-01,-9.809570312500000000e-01,7.581909179687499334e-01
8.398681640624999778e-01,-8.813476562500000000e-01,8.291625976562500000e-01
1.737622070312500044e+00,-9.809570312500000000e-01,8.291625976562500000e-01
2.289868164062499822e+00,1.186523437500000000e-01,2.831909179687500111e-01
2.876220703124999778e-01,1.186523437500000000e-01,2.831909179687500111e-01
2.289868164062499822e+00,1.904296875000000000e-02,2.831909179687500111e-01
2.289868164062499822e+00,1.186523437500000000e-01,3.541625976562499667e-01
2.876220703124999778e-01,1.904296875000000000e-02,3.541625976562499667e-01
1.564868164062499956e+00,-3.813476562500000000e-01,5.206909179687500000e-01
2.462622070312499911e+00,-3.813476562500000000e-01,5.206909179687500000e-01
1.564868164062499956e+00,5.190429687500000000e-01,5.206909179687500000e-01
1.564868164062499956e+00,-3.813476562500000000e-01,1.166625976562499917e-01
2.462622070312499911e+00,5.190429687500000000e-01,1.166625976562499917e-01
1.148681640625000000e-01,6.186523437500000000e-01,4.569091796874999445e-02
1.012622070312499956e+00,6.186523437500000000e-01,4.569091796874999445e-02
1.148681640625000000e-01,-4.809570312500000000e-01,4.569091796874999445e-02
1.148681640625000000e-01,6.186523437500000000e-01,5.916625976562499556e-01
1.012622070312499956e+00,-4.809570312500000000e-01,5.916625976562499556e-01
1.205322265625000111e-01,-3.774414062500000000e-01,3.741088867187499778e-01
1.641333007812500133e+00,-3.774414062500000000e-01,3.741088867187499778e-01
1.205322265625000111e-01,-8.051757812500000000e-01,3.741088867187499778e-01
1.205322265625000111e-01,-3.774414062500000000e-01,4.747680664062499667e-01
1.641333007812500133e+00,-8.051757812500000000e-01,4.747680664062499667e-01
1.570532226562500133e+00,6.225585937500000000e-01,8.491088867187499556e-01
1.913330078125000111e-01,6.225585937500000000e-01,8.491088867187499556e-01
1.570532226562500133e+00,1.948242187500000000e-01,8.491088867187499556e-01
1.570532226562500133e+00,6.225585937500000000e-01,9.497680664062500000e-01
1.913330078125000111e-01,1.948242187500000000e-01,9.497680664062500000e-01
2.295532226562500000e+00,-8.774414062500000000e-01,1.366088867187499889e-01
2.366333007812500000e+00,-8.774414062500000000e-01,1.366088867187499889e-01
2.295532226562500000e+00,6.948242187500000000e-01,1.366088867187499889e-01
2.295532226562500000e+00,-8.774414062500000000e-01,7.122680664062499556e-01
2.366333007812500000e+00,6.948242187500000000e-01,7.122680664062499556e-01
8.455322265624999334e-01,1.225585937500000000e-01,6.116088867187500222e-01
9.163330078124999334e-01,1.225585937500000000e-01,6.116088867187500222e-01
8.455322265624999334e-01,-3.051757812500000000e-01,6.116088867187500222e-01
8.455322265624999334e-01,1.225585937500000000e-01,2.372680664062499778e-01
9.163330078124999334e-01,-3.051757812500000000e-01,2.372680664062499778e-01
1.208032226562500089e+00,-6.274414062500000000e-01,7.303588867187499334e-01
1.278833007812500089e+00,-6.274414062500000000e-01,7.303588867187499334e-01
1.208032226562500089e+00,-5.517578125000000000e-02,7.303588867187499334e-01
1.208032226562500089e+00,-6.274414062500000000e-01,3.560180664062500000e-01
1.278833007812500089e+00,-5.517578125000000000e-02,3.560180664062500000e-01
2.658032226562499822e+00,3.725585937500000000e-01,2.553588867187500111e-01
2.728833007812499822e+00,3.725585937500000000e-01,2.553588867187500111e-01
2.658032226562499822e+00,9.448242187500000000e-01,2.553588867187500111e-01
2.658032226562499822e+00,3.725585937500000000e-01,8.310180664062499778e-01
2.728833007812499822e+00,9.448242187500000000e-01,8.310180664062499778e-01
1.933032226562499956e+00,-1.274414062500000000e-01,4.928588867187500000e-01
5.538330078125000000e-01,-1.274414062500000000e-01,4.928588867187500000e-01
1.933032226562499956e+00,4.448242187500000000e-01,4.928588867187500000e-01
1.933032226562499956e+00,-1.274414062500000000e-01,5.935180664062499334e-01
5.538330078125000000e-01,4.448242187500000000e-01,5.935180664062499334e-01
4.830322265625000000e-01,8.725585937500000000e-01,1.785888671874999792e-02
2.003833007812499734e+00,8.725585937500000000e-01,1.785888671874999792e-02
4.830322265625000000e-01,-5.551757812500000000e-01,1.785888671874999792e-02
4.830322265625000000e-01,8.725585937500000000e-01,1.185180664062499972e-01
2.003833007812499734e+00,-5.551757812500000000e-01,1.185180664062499972e-01
6.642822265624999112e-01,-7.524414062500000000e-01,5.522338867187499556e-01
2.910083007812500178e+00,-7.524414062500000000e-01,5.522338867187499556e-01
6.642822265624999112e-01,6.982421875000000000e-02,5.522338867187499556e-01
6.642822265624999112e-01,-7.524414062500000000e-01,1.778930664062499944e-01
2.910083007812500178e+00,6.982421875000000000e-02,1.778930664062499944e-01
2.114282226562500089e+00,2.475585937500000000e-01,7.723388671874999167e-02
1.460083007812500000e+00,2.475585937500000000e-01,7.723388671874999167e-02
2.114282226562500089e+00,-9.301757812500000000e-01,7.723388671874999167e-02
2.114282226562500089e+00,2.475585937500000000e-01,6.528930664062500000e-01
1.460083007812500000e+00,-9.301757812500000000e-01,6.528930664062500000e-01
2.839282226562500178e+00,-2.524414062500000000e-01,7.897338867187500000e-01
2.185083007812500089e+00,-2.524414062500000000e-01,7.897338867187500000e-01
2.839282226562500178e+00,-4.301757812500000000e-01,7.897338867187500000e-01
2.839282226562500178e+00,-2.524414062500000000e-01,8.903930664062499334e-01
2.185083007812500089e+00,-4.301757812500000000e-01,8.903930664062499334e-01
1.389282226562500000e+00,7.475585937500000000e-01,3.147338867187499667e-01
7.350830078124999112e-01,7.475585937500000000e-01,3.147338867187499667e-01
1.389282226562500000e+00,5.698242187500000000e-01,3.147338867187499667e-01
1.389282226562500000e+00,7.475585937500000000e-01,4.153930664062499556e-01
7.350830078124999112e-01,5.698242187500000000e-01,4.153930664062499556e-01
1.026782226562499956e+00,-2.441406250000000000e-03,1.959838867187500000e-01
3.725830078124999778e-01,-2.441406250000000000e-03,1.959838867187500000e-01
1.026782226562499956e+00,8.198242187500000000e-01,1.959838867187500000e-01
1.026782226562499956e+00,-2.441406250000000000e-03,5.914306640625000000e-02
3.725830078124999778e-01,8.198242187500000000e-01,5.914306640625000000e-02
2.476782226562499911e+00,9.975585937500000000e-01,6.709838867187499778e-01
1.822583007812500044e+00,9.975585937500000000e-01,6.709838867187499778e-01
2.476782226562499911e+00,-1.801757812500000000e-01,6.709838867187499778e-01
2.476782226562499911e+00,9.975585937500000000e-01,5.341430664062499778e-01
1.822583007812500044e+00,-1.801757812500000000e-01,5.341430664062499778e-01
1.751782226562500044e+00,-5.024414062500000000e-01,4.334838867187499889e-01
1.097583007812499956e+00,-5.024414062500000000e-01,4.334838867187499889e-01
1.751782226562500044e+00,-6.801757812500000000e-01,4.334838867187499889e-01
1.751782226562500044e+00,-5.024414062500000000e-01,7.716430664062499112e-01
1.097583007812499956e+00,-6.801757812500000000e-01,7.716430664062499112e-01
3.017822265624999778e-01,4.975585937500000000e-01,9.084838867187499112e-01
2.547583007812499911e+00,4.975585937500000000e-01,9.084838867187499112e-01
3.017822265624999778e-01,3.198242187500000000e-01,9.084838867187499112e-01
3.017822265624999778e-01,4.975585937500000000e-01,2.966430664062499889e-01
2.547583007812499911e+00,3.198242187500000000e-01,2.966430664062499889e-01
3.924072265625000444e-01,-5.649414062500000000e-01,1.069213867187499972e-01
4.632080078125000444e-01,-5.649414062500000000e-01,1.069213867187499972e-01
3.924072265625000444e-01,-3.676757812500000000e-01,1.069213867187499972e-01
3.924072265625000444e-01,-5.649414062500000000e-01,5.044555664062500000e-01
4.632080078125000444e-01,-3.676757812500000000e-01,5.044555664062500000e-01
1.842407226562500000e+00,4.350585937500000000e-01,5.819213867187499334e-01
1.913208007812500000e+00,4.350585937500000000e-01,5.819213867187499334e-01
1.842407226562500000e+00,6.323242187500000000e-01,5.819213867187499334e-01
1.842407226562500000e+00,4.350585937500000000e-01,2.945556640624999792e-02
1.913208007812500000e+00,6.323242187500000000e-01,2.945556640624999792e-02
2.567407226562500089e+00,-6.494140625000000000e-02,3.444213867187500000e-01
1.188208007812500133e+00,-6.494140625000000000e-02,3.444213867187500000e-01
2.567407226562500089e+00,1.323242187500000000e-01,3.444213867187500000e-01
2.567407226562500089e+00,-6.494140625000000000e-02,2.669555664062500111e-01
1.188208007812500133e+00,1.323242187500000000e-01,2.669555664062500111e-01
1.117407226562500133e+00,9.350585937500000000e-01,8.194213867187499778e-01
2.638208007812500089e+00,9.350585937500000000e-01,8.194213867187499778e-01
1.117407226562500133e+00,-8.676757812500000000e-01,8.194213867187499778e-01
1.117407226562500133e+00,9.350585937500000000e-01,7.419555664062499334e-01
2.638208007812500089e+00,-8.676757812500000000e-01,7.419555664062499334e-01
1.479907226562499956e+00,-3.149414062500000000e-01,7.006713867187499556e-01
2.275708007812499822e+00,-3.149414062500000000e-01,7.006713867187499556e-01
1.479907226562499956e+00,-6.176757812500000000e-01,7.006713867187499556e-01
1.479907226562499956e+00,-3.149414062500000000e-01,6.232055664062500222e-01
2.275708007812499822e+00,-6.176757812500000000e-01,6.232055664062500222e-01
2.929907226562499911e+00,6.850585937500000000e-01,2.256713867187499778e-01
8.257080078124999778e-01,6.850585937500000000e-01,2.256713867187499778e-01
2.929907226562499911e+00,3.823242187500000000e-01,2.256713867187499778e-01
2.929907226562499911e+00,6.850585937500000000e-01,1.482055664062499889e-01
8.257080078124999778e-01,3.823242187500000000e-01,1.482055664062499889e-01
2.204907226562499822e+00,-8.149414062500000000e-01,9.381713867187500000e-01
1.550708007812499956e+00,-8.149414062500000000e-01,9.381713867187500000e-01
2.204907226562499822e+00,8.823242187500000000e-01,9.381713867187500000e-01
2.204907226562499822e+00,-8.149414062500000000e-01,3.857055664062499778e-01
1.550708007812499956e+00,8.823242187500000000e-01,3.857055664062499778e-01
7.549072265624999778e-01,1.850585937500000000e-01,4.631713867187499667e-01
1.007080078125000000e-01,1.850585937500000000e-01,4.631713867187499667e-01
7.549072265624999778e-01,-1.176757812500000000e-01,4.631713867187499667e-01
7.549072265624999778e-01,1.850585937500000000e-01,8.607055664062499556e-01
1.007080078125000000e-01,-1.176757812500000000e-01,8.607055664062499556e-01
5.736572265624999556e-01,-1.899414062500000000e-01,8.787963867187499334e-01
1.006958007812500000e+00,-1.899414062500000000e-01,8.787963867187499334e-01
5.736572265624999556e-01,5.073242187500000000e-01,8.787963867187499334e-01
5.736572265624999556e-01,-1.899414062500000000e-01,8.013305664062500000e-01
1.006958007812500000e+00,5.073242187500000000e-01,8.013305664062500000e-01
2.023657226562499911e+00,8.100585937500000000e-01,4.037963867187499556e-01
2.456958007812500178e+00,8.100585937500000000e-01,4.037963867187499556e-01
2.023657226562499911e+00,-4.926757812500000000e-01,4.037963867187499556e-01
2.023657226562499911e+00,8.100585937500000000e-01,3.263305664062499667e-01
2.456958007812500178e+00,-4.926757812500000000e-01,3.263305664062499667e-01
2.748657226562500000e+00,-6.899414062500000000e-01,6.412963867187500000e-01
2.819580078125000222e-01,-6.899414062500000000e-01,6.412963867187500000e-01
2.748657226562500000e+00,-9.926757812500000000e-01,6.412963867187500000e-01
2.748657226562500000e+00,-6.899414062500000000e-01,8.883056640624999167e-02
2.819580078125000222e-01,-9.926757812500000000e-01,8.883056640624999167e-02
1.298657226562500044e+00,3.100585937500000000e-01,1.662963867187499944e-01
1.731958007812500089e+00,3.100585937500000000e-01,1.662963867187499944e-01
1.298657226562500044e+00,7.324218750000000000e-03,1.662963867187499944e-01
1.298657226562500044e+00,3.100585937500000000e-01,5.638305664062499556e-01
1.731958007812500089e+00,7.324218750000000000e-03,5.638305664062499556e-01
9.361572265625000000e-01,-9.399414062500000000e-01,2.850463867187499889e-01
2.094458007812499911e+00,-9.399414062500000000e-01,2.850463867187499889e-01
9.361572265625000000e-01,2.573242187500000000e-01,2.850463867187499889e-01
9.361572265625000000e-01,-9.399414062500000000e-01,9.200805664062499112e-01
2.094458007812499911e+00,2.573242187500000000e-01,9.200805664062499112e-01
2.386157226562500178e+00,6.005859375000000000e-02,7.600463867187499112e-01
6.444580078124999556e-01,6.005859375000000000e-02,7.600463867187499112e-01
2.386157226562500178e+00,-7.426757812500000000e-01,7.600463867187499112e-01
2.386157226562500178e+00,6.005859375000000000e-02,4.450805664062499889e-01
6.444580078124999556e-01,-7.426757812500000000e-01,4.450805664062499889e-01
1.661157226562500089e+00,-4.399414062500000000e-01,4.754638671875000000e-02
2.819458007812500000e+00,-4.399414062500000000e-01,4.754638671875000000e-02
1.661157226562500089e+00,-2.426757812500000000e-01,4.754638671875000000e-02
1.661157226562500089e+00,-4.399414062500000000e-01,2.075805664062500000e-01
2.819458007812500000e+00,-2.426757812500000000e-01,2.075805664062500000e-01
2.111572265625000222e-01,5.600585937500000000e-01,5.225463867187499778e-01
1.369458007812500044e+00,5.600585937500000000e-01,5.225463867187499778e-01
2.111572265625000222e-01,7.573242187500000000e-01,5.225463867187499778e-01
2.111572265625000222e-01,5.600585937500000000e-01,6.825805664062499778e-01
1.369458007812500044e+00,7.573242187500000000e-01,6.825805664062499778e-01
2.564697265625000000e-01,-9.086914062500000000e-01,7.748901367187499556e-01
1.460205078125000056e-01,-9.086914062500000000e-01,7.748901367187499556e-01
2.564697265625000000e-01,-5.239257812500000000e-01,7.748901367187499556e-01
2.564697265625000000e-01,-9.086914062500000000e-01,5.489868164062500222e-01
1.460205078125000056e-01,-5.239257812500000000e-01,5.489868164062500222e-01
1.706469726562499956e+00,9.130859375000000000e-02,2.998901367187499778e-01
1.596020507812500044e+00,9.130859375000000000e-02,2.998901367187499778e-01
1.706469726562499956e+00,4.760742187500000000e-01,2.998901367187499778e-01
1.706469726562499956e+00,9.130859375000000000e-02,7.398681640625000278e-02
1.596020507812500044e+00,4.760742187500000000e-01,7.398681640625000278e-02
2.431469726562499822e+00,-4.086914062500000000e-01,5.373901367187500222e-01
8.710205078124999556e-01,-4.086914062500000000e-01,5.373901367187500222e-01
2.431469726562499822e+00,9.760742187500000000e-01,5.373901367187500222e-01
2.431469726562499822e+00,-4.086914062500000000e-01,3.114868164062499778e-01
8.710205078124999556e-01,9.760742187500000000e-01,3.114868164062499778e-01
9.814697265624999778e-01,5.913085937500000000e-01,6.239013671874999584e-02
2.321020507812499911e+00,5.913085937500000000e-01,6.239013671874999584e-02
9.814697265624999778e-01,-2.392578125000000000e-02,6.239013671874999584e-02
9.814697265624999778e-01,5.913085937500000000e-01,7.864868164062499556e-01
2.321020507812499911e+00,-2.392578125000000000e-02,7.864868164062499556e-01
1.343969726562500133e+00,-1.586914062500000000e-01,4.186401367187500000e-01
2.683520507812500178e+00,-1.586914062500000000e-01,4.186401367187500000e-01
1.343969726562500133e+00,-2.739257812500000000e-01,4.186401367187500000e-01
1.343969726562500133e+00,-1.586914062500000000e-01,6.677368164062499334e-01
2.683520507812500178e+00,-2.739257812500000000e-01,6.677368164062499334e-01
2.793969726562500089e+00,8.413085937500000000e-01,8.936401367187499778e-01
1.233520507812500000e+00,8.413085937500000000e-01,8.936401367187499778e-01
2.793969726562500089e+00,7.260742187500000000e-01,8.936401367187499778e-01
2.793969726562500089e+00,8.413085937500000000e-01,1.927368164062499833e-01
1.233520507812500000e+00,7.260742187500000000e-01,1.927368164062499833e-01
2.068969726562500000e+00,-6.586914062500000000e-01,1.811401367187499833e-01
1.958520507812500089e+00,-6.586914062500000000e-01,1.811401367187499833e-01
2.068969726562500000e+00,2.260742187500000000e-01,1.811401367187499833e-01
2.068969726562500000e+00,-6.586914062500000000e-01,4.302368164062500000e-01
1.958520507812500089e+00,2.260742187500000000e-01,4.302368164062500000e-01
6.189697265624999334e-01,3.413085937500000000e-01,6.561401367187499334e-01
5.085205078125000222e-01,3.413085937500000000e-01,6.561401367187499334e-01
6.189697265624999334e-01,-7.739257812500000000e-01,6.561401367187499334e-01
6.189697265624999334e-01,3.413085937500000000e-01,9.052368164062499778e-01
5.085205078125000222e-01,-7.739257812500000000e-01,9.052368164062499778e-01
8.002197265624999556e-01,-2.836914062500000000e-01,1.217651367187500000e-01
1.414770507812500133e+00,-2.836914062500000000e-01,1.217651367187500000e-01
8.002197265624999556e-01,3.510742187500000000e-01,1.217651367187500000e-01
8.002197265624999556e-01,-2.836914062500000000e-01,7.271118164062500000e-01
1.414770507812500133e+00,3.510742187500000000e-01,7.271118164062500000e-01
2.250219726562499911e+00,7.163085937500000000e-01,5.967651367187499778e-01
2.864770507812500089e+00,7.163085937500000000e-01,5.967651367187499778e-01
2.250219726562499911e+00,-6.489257812500000000e-01,5.967651367187499778e-01
2.250219726562499911e+00,7.163085937500000000e-01,2.521118164062499667e-01
2.864770507812500089e+00,-6.489257812500000000e-01,2.521118164062499667e-01
2.975219726562500000e+00,-7.836914062500000000e-01,3.592651367187499889e-01
6.897705078124999334e-01,-7.836914062500000000e-01,3.592651367187499889e-01
2.975219726562500000e+00,-1.489257812500000000e-01,3.592651367187499889e-01
2.975219726562500000e+00,-7.836914062500000000e-01,1.461181640624999861e-02
6.897705078124999334e-01,-1.489257812500000000e-01,1.461181640624999861e-02
1.525219726562500044e+00,2.163085937500000000e-01,8.342651367187499112e-01
2.139770507812500000e+00,2.163085937500000000e-01,8.342651367187499112e-01
1.525219726562500044e+00,8.510742187500000000e-01,8.342651367187499112e-01
1.525219726562500044e+00,2.163085937500000000e-01,4.896118164062499556e-01
2.139770507812500000e+00,8.510742187500000000e-01,4.896118164062499556e-01
1.162719726562500000e+00,-5.336914062500000000e-01,4.780151367187499556e-01
1.777270507812499956e+00,-5.336914062500000000e-01,4.780151367187499556e-01
1.162719726562500000e+00,6.010742187500000000e-01,4.780151367187499556e-01
1.162719726562500000e+00,-5.336914062500000000e-01,8.458618164062499112e-01
1.777270507812499956e+00,6.010742187500000000e-01,8.458618164062499112e-01
2.612719726562500178e+00,4.663085937500000000e-01,3.015136718749999913e-03
3.272705078125000000e-01,4.663085937500000000e-01,3.015136718749999913e-03
2.612719726562500178e+00,-3.989257812500000000e-01,3.015136718749999913e-03
2.612719726562500178e+00,4.663085937500000000e-01,3.708618164062499889e-01
3.272705078125000000e-01,-3.989257812500000000e-01,3.708618164062499889e-01
1.887719726562500089e+00,-3.369140625000000000e-02,7.155151367187500000e-01
2.502270507812499822e+00,-3.369140625000000000e-02,7.155151367187500000e-01
1.887719726562500089e+00,-8.989257812500000000e-01,7.155151367187500000e-01
1.887719726562500089e+00,-3.369140625000000000e-02,1.333618164062500000e-01
2.502270507812499822e+00,-8.989257812500000000e-01,1.333618164062500000e-01
4.377197265625000222e-01,9.663085937500000000e-01,2.405151367187499944e-01
1.052270507812500089e+00,9.663085937500000000e-01,2.405151367187499944e-01
4.377197265625000222e-01,1.010742187500000000e-01,2.405151367187499944e-01
4.377197265625000222e-01,9.663085937500000000e-01,6.083618164062499778e-01
1.052270507812500089e+00,1.010742187500000000e-01,6.083618164062499778e-01
3.470947265625000111e-01,-9.619140625000000000e-02,6.264526367187499556e-01
2.049145507812499822e+00,-9.619140625000000000e-02,6.264526367187499556e-01
3.470947265625000111e-01,-8.642578125000000000e-02,6.264526367187499556e-01
3.470947265625000111e-01,-9.619140625000000000e-02,4.005493164062499667e-01
2.049145507812499822e+00,-8.642578125000000000e-02,4.005493164062499667e-01
1.797094726562500133e+00,9.038085937500000000e-01,1.514526367187500056e-01
5.991455078124999778e-01,9.038085937500000000e-01,1.514526367187500056e-01
1.797094726562500133e+00,9.135742187500000000e-01,1.514526367187500056e-01
1.797094726562500133e+00,9.038085937500000000e-01,8.755493164062500000e-01
5.991455078124999778e-01,9.135742187500000000e-01,8.755493164062500000e-01
2.522094726562500000e+00,-5.961914062500000000e-01,8.639526367187500000e-01
2.774145507812499911e+00,-5.961914062500000000e-01,8.639526367187500000e-01
2.522094726562500000e+00,4.135742187500000000e-01,8.639526367187500000e-01
2.522094726562500000e+00,-5.961914062500000000e-01,6.380493164062499556e-01
2.774145507812499911e+00,4.135742187500000000e-01,6.380493164062499556e-01
1.072094726562500044e+00,4.038085937500000000e-01,3.889526367187499667e-01
1.324145507812499956e+00,4.038085937500000000e-01,3.889526367187499667e-01
1.072094726562500044e+00,-5.864257812500000000e-01,3.889526367187499667e-01
1.072094726562500044e+00,4.038085937500000000e-01,1.630493164062500056e-01
1.324145507812499956e+00,-5.864257812500000000e-01,1.630493164062500056e-01
1.434594726562500089e+00,-8.461914062500000000e-01,3.270263671874999722e-02
9.616455078124999112e-01,-8.461914062500000000e-01,3.270263671874999722e-02
1.434594726562500089e+00,-8.364257812500000000e-01,3.270263671874999722e-02
1.434594726562500089e+00,-8.461914062500000000e-01,2.817993164062500000e-01
9.616455078124999112e-01,-8.364257812500000000e-01,2.817993164062500000e-01
2.884594726562499822e+00,1.538085937500000000e-01,5.077026367187499334e-01
2.411645507812500089e+00,1.538085937500000000e-01,5.077026367187499334e-01
2.884594726562499822e+00,1.635742187500000000e-01,5.077026367187499334e-01
2.884594726562499822e+00,1.538085937500000000e-01,7.567993164062499778e-01
2.411645507812500089e+00,1.635742187500000000e-01,7.567993164062499778e-01
2.159594726562500178e+00,-3.461914062500000000e-01,2.702026367187500000e-01
2.366455078124999889e-01,-3.461914062500000000e-01,2.702026367187500000e-01
2.159594726562500178e+00,6.635742187500000000e-01,2.702026367187500000e-01
2.159594726562500178e+00,-3.461914062500000000e-01,5.192993164062499334e-01
2.366455078124999889e-01,6.635742187500000000e-01,5.192993164062499334e-01
7.095947265625000000e-01,6.538085937500000000e-01,7.452026367187499778e-01
1.686645507812500000e+00,6.538085937500000000e-01,7.452026367187499778e-01
7.095947265625000000e-01,-3.364257812500000000e-01,7.452026367187499778e-01
7.095947265625000000e-01,6.538085937500000000e-01,4.429931640624999722e-02
1.686645507812500000e+00,-3.364257812500000000e-01,4.429931640624999722e-02
5.283447265624999778e-01,-7.211914062500000000e-01,3.295776367187500111e-01
2.592895507812500000e+00,-7.211914062500000000e-01,3.295776367187500111e-01
5.283447265624999778e-01,7.885742187500000000e-01,3.295776367187500111e-01
5.283447265624999778e-01,-7.211914062500000000e-01,2.224243164062499889e-01
2.592895507812500000e+00,7.885742187500000000e-01,2.224243164062499889e-01
1.978344726562500044e+00,2.788085937500000000e-01,8.045776367187499334e-01
1.142895507812500044e+00,2.788085937500000000e-01,8.045776367187499334e-01
1.978344726562500044e+00,-2.114257812500000000e-01,8.045776367187499334e-01
1.978344726562500044e+00,2.788085937500000000e-01,6.974243164062500222e-01
1.142895507812500044e+00,-2.114257812500000000e-01,6.974243164062500222e-01
2.703344726562499911e+00,-2.211914062500000000e-01,9.207763671874999445e-02
1.867895507812500133e+00,-2.211914062500000000e-01,9.207763671874999445e-02
2.703344726562499911e+00,-7.114257812500000000e-01,9.207763671874999445e-02
2.703344726562499911e+00,-2.211914062500000000e-01,9.349243164062499556e-01
1.867895507812500133e+00,-7.114257812500000000e-01,9.349243164062499556e-01
1.253344726562499956e+00,7.788085937500000000e-01,5.670776367187500000e-01
4.178955078124999556e-01,7.788085937500000000e-01,5.670776367187500000e-01
1.253344726562499956e+00,2.885742187500000000e-01,5.670776367187500000e-01
1.253344726562499956e+00,7.788085937500000000e-01,4.599243164062499778e-01
4.178955078124999556e-01,2.885742187500000000e-01,4.599243164062499778e-01
8.908447265624999112e-01,-4.711914062500000000e-01,9.233276367187499556e-01
7.803955078125000000e-01,-4.711914062500000000e-01,9.233276367187499556e-01
8.908447265624999112e-01,3.857421875000000000e-02,9.233276367187499556e-01
8.908447265624999112e-01,-4.711914062500000000e-01,1.036743164062499944e-01
7.803955078125000000e-01,3.857421875000000000e-02,1.036743164062499944e-01
2.340844726562500089e+00,5.288085937500000000e-01,4.483276367187499778e-01
2.230395507812500178e+00,5.288085937500000000e-01,4.483276367187499778e-01
2.340844726562500089e+00,-9.614257812500000000e-01,4.483276367187499778e-01
2.340844726562500089e+00,5.288085937500000000e-01,5.786743164062500000e-01
2.230395507812500178e+00,-9.614257812500000000e-01,5.786743164062500000e-01
1.615844726562500000e+00,-9.711914062500000000e-01,6.858276367187500222e-01
1.505395507812500089e+00,-9.711914062500000000e-01,6.858276367187500222e-01
1.615844726562500000e+00,-4.614257812500000000e-01,6.858276367187500222e-01
1.615844726562500000e+00,-9.711914062500000000e-01,8.161743164062499334e-01
1.505395507812500089e+00,-4.614257812500000000e-01,8.161743164062499334e-01
1.658447265624999889e-01,2.880859375000000000e-02,2.108276367187499889e-01
2.955395507812499822e+00,2.880859375000000000e-02,2.108276367187499889e-01
1.658447265624999889e-01,5.385742187500000000e-01,2.108276367187499889e-01
1.658447265624999889e-01,2.880859375000000000e-02,3.411743164062500111e-01
2.955395507812499822e+00,5.385742187500000000e-01,3.411743164062500111e-01
1.885009765625000056e-01,-6.743164062500000000e-01,6.784057617187500000e-01
1.165551757812500089e+00,-6.743164062500000000e-01,6.784057617187500000e-01
1.885009765625000056e-01,4.916992187500000000e-01,6.784057617187500000e-01
1.885009765625000056e-01,-6.743164062500000000e-01,5.172119140624999861e-02
1.165551757812500089e+00,4.916992187500000000e-01,5.172119140624999861e-02
1.638500976562500044e+00,3.256835937500000000e-01,2.034057617187499944e-01
2.615551757812499822e+00,3.256835937500000000e-01,2.034057617187499944e-01
1.638500976562500044e+00,-5.083007812500000000e-01,2.034057617187499944e-01
1.638500976562500044e+00,3.256835937500000000e-01,5.267211914062499556e-01
2.615551757812499822e+00,-5.083007812500000000e-01,5.267211914062499556e-01
2.363500976562499911e+00,-1.743164062500000000e-01,9.159057617187499334e-01
4.405517578125000000e-01,-1.743164062500000000e-01,9.159057617187499334e-01
2.363500976562499911e+00,-8.300781250000000000e-03,9.159057617187499334e-01
2.363500976562499911e+00,-1.743164062500000000e-01,7.642211914062500000e-01
4.405517578125000000e-01,-8.300781250000000000e-03,7.642211914062500000e-01
9.135009765624999556e-01,8.256835937500000000e-01,4.409057617187499556e-01
1.890551757812499956e+00,8.256835937500000000e-01,4.409057617187499556e-01
9.135009765624999556e-01,9.916992187500000000e-01,4.409057617187499556e-01
9.135009765624999556e-01,8.256835937500000000e-01,2.892211914062499667e-01
1.890551757812499956e+00,9.916992187500000000e-01,2.892211914062499667e-01
1.276000976562500000e+00,-4.243164062500000000e-01,8.465576171875000000e-02
2.253051757812500000e+00,-4.243164062500000000e-01,8.465576171875000000e-02
1.276000976562500000e+00,7.416992187500000000e-01,8.465576171875000000e-02
1.276000976562500000e+00,-4.243164062500000000e-01,1.704711914062500000e-01
2.253051757812500000e+00,7.416992187500000000e-01,1.704711914062500000e-01
2.726000976562500178e+00,5.756835937500000000e-01,5.596557617187499778e-01
8.030517578124999334e-01,5.756835937500000000e-01,5.596557617187499778e-01
2.726000976562500178e+00,-2.583007812500000000e-01,5.596557617187499778e-01
2.726000976562500178e+00,5.756835937500000000e-01,6.454711914062499778e-01
8.030517578124999334e-01,-2.583007812500000000e-01,6.454711914062499778e-01
2.001000976562500089e+00,-9.243164062500000000e-01,3.221557617187499889e-01
2.978051757812500089e+00,-9.243164062500000000e-01,3.221557617187499889e-01
2.001000976562500089e+00,-7.583007812500000000e-01,3.221557617187499889e-01
2.001000976562500089e+00,-9.243164062500000000e-01,8.829711914062499112e-01
2.978051757812500089e+00,-7.583007812500000000e-01,8.829711914062499112e-01
5.510009765625000222e-01,7.568359375000000000e-02,7.971557617187499112e-01
1.528051757812500133e+00,7.568359375000000000e-02,7.971557617187499112e-01
5.510009765625000222e-01,2.416992187500000000e-01,7.971557617187499112e-01
5.510009765625000222e-01,7.568359375000000000e-02,4.079711914062499889e-01
1.528051757812500133e+00,2.416992187500000000e-01,4.079711914062499889e-01
7.322509765624999334e-01,-4.931640625000000000e-02,2.627807617187499778e-01
6.218017578124999112e-01,-4.931640625000000000e-02,2.627807617187499778e-01
7.322509765624999334e-01,-6.333007812500000000e-01,2.627807617187499778e-01
7.322509765624999334e-01,-4.931640625000000000e-02,3.485961914062499778e-01
6.218017578124999112e-01,-6.333007812500000000e-01,3.485961914062499778e-01
2.182250976562500000e+00,9.506835937500000000e-01,7.377807617187499556e-01
2.071801757812500089e+00,9.506835937500000000e-01,7.377807617187499556e-01
2.182250976562500000e+00,3.666992187500000000e-01,7.377807617187499556e-01
2.182250976562500000e+00,9.506835937500000000e-01,8.235961914062499556e-01
2.071801757812500089e+00,3.666992187500000000e-01,8.235961914062499556e-01
2.907250976562500089e+00,-5.493164062500000000e-01,2.528076171874999931e-02
1.346801757812500000e+00,-5.493164062500000000e-01,2.528076171874999931e-02
2.907250976562500089e+00,8.666992187500000000e-01,2.528076171874999931e-02
2.907250976562500089e+00,-5.493164062500000000e-01,5.860961914062500222e-01
1.346801757812500000e+00,8.666992187500000000e-01,5.860961914062500222e-01
1.457250976562500133e+00,4.506835937500000000e-01,5.002807617187500222e-01
2.796801757812500178e+00,4.506835937500000000e-01,5.002807617187500222e-01
1.457250976562500133e+00,-1.333007812500000000e-01,5.002807617187500222e-01
1.457250976562500133e+00,4.506835937500000000e-01,1.110961914062499889e-01
2.796801757812500178e+00,-1.333007812500000000e-01,1.110961914062499889e-01
1.094750976562500089e+00,-7.993164062500000000e-01,8.565307617187499778e-01
2.434301757812499911e+00,-7.993164062500000000e-01,8.565307617187499778e-01
1.094750976562500089e+00,-3.833007812500000000e-01,8.565307617187499778e-01
1.094750976562500089e+00,-7.993164062500000000e-01,4.673461914062500000e-01
2.434301757812499911e+00,-3.833007812500000000e-01,4.673461914062500000e-01
2.544750976562499822e+00,2.006835937500000000e-01,3.815307617187500000e-01
9.843017578124999556e-01,2.006835937500000000e-01,3.815307617187500000e-01
2.544750976562499822e+00,6.166992187500000000e-01,3.815307617187500000e-01
2.544750976562499822e+00,2.006835937500000000e-01,9.423461914062499778e-01
9.843017578124999556e-01,6.166992187500000000e-01,9.423461914062499778e-01
1.819750976562499956e+00,-2.993164062500000000e-01,6.190307617187499334e-01
1.709301757812500044e+00,-2.993164062500000000e-01,6.190307617187499334e-01
1.819750976562499956e+00,1.166992187500000000e-01,6.190307617187499334e-01
1.819750976562499956e+00,-2.993164062500000000e-01,7.048461914062499334e-01
1.709301757812500044e+00,1.166992187500000000e-01,7.048461914062499334e-01
3.697509765625000000e-01,7.006835937500000000e-01,1.440307617187499833e-01
2.593017578124999778e-01,7.006835937500000000e-01,1.440307617187499833e-01
3.697509765625000000e-01,-8.833007812500000000e-01,1.440307617187499833e-01
3.697509765625000000e-01,7.006835937500000000e-01,2.298461914062499833e-01
2.593017578124999778e-01,-8.833007812500000000e-01,2.298461914062499833e-01
4.603759765624999556e-01,-3.618164062500000000e-01,7.674682617187499334e-01
2.887426757812499911e+00,-3.618164062500000000e-01,7.674682617187499334e-01
4.603759765624999556e-01,9.291992187500000000e-01,7.674682617187499334e-01
4.603759765624999556e-01,-3.618164062500000000e-01,9.126586914062500000e-01
2.887426757812499911e+00,9.291992187500000000e-01,9.126586914062500000e-01
1.910375976562500133e+00,6.381835937500000000e-01,2.924682617187500111e-01
1.437426757812499956e+00,6.381835937500000000e-01,2.924682617187500111e-01
1.910375976562500133e+00,-7.080078125000000000e-02,2.924682617187500111e-01
1.910375976562500133e+00,6.381835937500000000e-01,4.376586914062499667e-01
1.437426757812499956e+00,-7.080078125000000000e-02,4.376586914062499667e-01
2.635375976562500000e+00,-8.618164062500000000e-01,5.299682617187500000e-01
2.162426757812499822e+00,-8.618164062500000000e-01,5.299682617187500000e-01
2.635375976562500000e+00,-5.708007812500000000e-01,5.299682617187500000e-01
2.635375976562500000e+00,-8.618164062500000000e-01,2.001586914062499778e-01
2.162426757812499822e+00,-5.708007812500000000e-01,2.001586914062499778e-01
1.185375976562500044e+00,1.381835937500000000e-01,5.496826171874999445e-02
7.124267578124999778e-01,1.381835937500000000e-01,5.496826171874999445e-02
1.185375976562500044e+00,4.291992187500000000e-01,5.496826171874999445e-02
1.185375976562500044e+00,1.381835937500000000e-01,6.751586914062499556e-01
7.124267578124999778e-01,4.291992187500000000e-01,6.751586914062499556e-01
1.547875976562500089e+00,-6.118164062500000000e-01,4.112182617187499778e-01
3.499267578124999889e-01,-6.118164062500000000e-01,4.112182617187499778e-01
1.547875976562500089e+00,1.791992187500000000e-01,4.112182617187499778e-01
1.547875976562500089e+00,-6.118164062500000000e-01,7.939086914062499778e-01
3.499267578124999889e-01,1.791992187500000000e-01,7.939086914062499778e-01
2.997875976562499822e+00,3.881835937500000000e-01,8.862182617187499556e-01
1.799926757812500000e+00,3.881835937500000000e-01,8.862182617187499556e-01
2.997875976562499822e+00,-8.208007812500000000e-01,8.862182617187499556e-01
2.997875976562499822e+00,3.881835937500000000e-01,3.189086914062500000e-01
1.799926757812500000e+00,-8.208007812500000000e-01,3.189086914062500000e-01
2.272875976562500178e+00,-1.118164062500000000e-01,1.737182617187499889e-01
1.074926757812499911e+00,-1.118164062500000000e-01,1.737182617187499889e-01
2.272875976562500178e+00,-3.208007812500000000e-01,1.737182617187499889e-01
2.272875976562500178e+00,-1.118164062500000000e-01,8.140869140624999722e-02
1.074926757812499911e+00,-3.208007812500000000e-01,8.140869140624999722e-02
8.228759765625000000e-01,8.881835937500000000e-01,6.487182617187500222e-01
2.524926757812500089e+00,8.881835937500000000e-01,6.487182617187500222e-01
8.228759765625000000e-01,6.791992187500000000e-01,6.487182617187500222e-01
8.228759765625000000e-01,8.881835937500000000e-01,5.564086914062499334e-01
2.524926757812500089e+00,6.791992187500000000e-01,5.564086914062499334e-01
6.416259765624999778e-01,-9.868164062500000000e-01,2.330932617187500000e-01
1.618676757812500089e+00,-9.868164062500000000e-01,2.330932617187500000e-01
6.416259765624999778e-01,-1.958007812500000000e-01,2.330932617187500000e-01
6.416259765624999778e-01,-9.868164062500000000e-01,6.157836914062500000e-01
1.618676757812500089e+00,-1.958007812500000000e-01,6.157836914062500000e-01
2.091625976562499822e+00,1.318359375000000000e-02,7.080932617187499778e-01
1.686767578125000222e-01,1.318359375000000000e-02,7.080932617187499778e-01
2.091625976562499822e+00,8.041992187500000000e-01,7.080932617187499778e-01
2.091625976562499822e+00,1.318359375000000000e-02,1.407836914062499944e-01
1.686767578125000222e-01,8.041992187500000000e-01,1.407836914062499944e-01
2.816625976562499911e+00,-4.868164062500000000e-01,4.705932617187499889e-01
2.343676757812500178e+00,-4.868164062500000000e-01,4.705932617187499889e-01
2.816625976562499911e+00,3.041992187500000000e-01,4.705932617187499889e-01
2.816625976562499911e+00,-4.868164062500000000e-01,3.782836914062499556e-01
2.343676757812500178e+00,3.041992187500000000e-01,3.782836914062499556e-01
1.366625976562499956e+00,5.131835937500000000e-01,9.455932617187499112e-01
8.936767578125000000e-01,5.131835937500000000e-01,9.455932617187499112e-01
1.366625976562499956e+00,-6.958007812500000000e-01,9.455932617187499112e-01
1.366625976562499956e+00,5.131835937500000000e-01,8.532836914062499334e-01
8.936767578125000000e-01,-6.958007812500000000e-01,8.532836914062499334e-01
1.004125976562499911e+00,-2.368164062500000000e-01,5.893432617187499556e-01
1.256176757812500044e+00,-2.368164062500000000e-01,5.893432617187499556e-01
1.004125976562499911e+00,-9.458007812500000000e-01,5.893432617187499556e-01
1.004125976562499911e+00,-2.368164062500000000e-01,4.970336914062499778e-01
1.256176757812500044e+00,-9.458007812500000000e-01,4.970336914062499778e-01
2.454125976562500089e+00,7.631835937500000000e-01,1.143432617187499917e-01
2.706176757812500000e+00,7.631835937500000000e-01,1.143432617187499917e-01
2.454125976562500089e+00,5.419921875000000000e-02,1.143432617187499917e-01
2.454125976562500089e+00,7.631835937500000000e-01,2.203369140625000000e-02
2.706176757812500000e+00,5.419921875000000000e-02,2.203369140625000000e-02
1.729125976562500000e+00,-7.368164062500000000e-01,8.268432617187500000e-01
5.311767578124999556e-01,-7.368164062500000000e-01,8.268432617187500000e-01
1.729125976562500000e+00,5.541992187500000000e-01,8.268432617187500000e-01
1.729125976562500000e+00,-7.368164062500000000e-01,2.595336914062499889e-01
5.311767578124999556e-01,5.541992187500000000e-01,2.595336914062499889e-01
2.791259765624999889e-01,2.631835937500000000e-01,3.518432617187499667e-01
1.981176757812500133e+00,2.631835937500000000e-01,3.518432617187499667e-01
2.791259765624999889e-01,-4.458007812500000000e-01,3.518432617187499667e-01
2.791259765624999889e-01,2.631835937500000000e-01,7.345336914062499112e-01
1.981176757812500133e+00,-4.458007812500000000e-01,7.345336914062499112e-01
2.338134765625000111e-01,-1.430664062500000000e-01,1.043701171875000000e-02
2.479614257812500000e+00,-1.430664062500000000e-01,1.043701171875000000e-02
2.338134765625000111e-01,2.104492187500000000e-01,1.043701171875000000e-02
2.338134765625000111e-01,-1.430664062500000000e-01,8.384399414062500000e-01
2.479614257812500000e+00,2.104492187500000000e-01,8.384399414062500000e-01
1.683813476562500133e+00,8.569335937500000000e-01,4.854370117187499778e-01
1.029614257812500044e+00,8.569335937500000000e-01,4.854370117187499778e-01
1.683813476562500133e+00,-7.895507812500000000e-01,4.854370117187499778e-01
1.683813476562500133e+00,8.569335937500000000e-01,3.634399414062499667e-01
1.029614257812500044e+00,-7.895507812500000000e-01,3.634399414062499667e-01
2.408813476562500000e+00,-6.430664062500000000e-01,2.479370117187499889e-01
1.754614257812500133e+00,-6.430664062500000000e-01,2.479370117187499889e-01
2.408813476562500000e+00,-2.895507812500000000e-01,2.479370117187499889e-01
2.408813476562500000e+00,-6.430664062500000000e-01,1.259399414062500056e-01
1.754614257812500133e+00,-2.895507812500000000e-01,1.259399414062500056e-01
9.588134765624999334e-01,3.569335937500000000e-01,7.229370117187499112e-01
3.046142578125000111e-01,3.569335937500000000e-01,7.229370117187499112e-01
9.588134765624999334e-01,7.104492187500000000e-01,7.229370117187499112e-01
9.588134765624999334e-01,3.569335937500000000e-01,6.009399414062499556e-01
3.046142578125000111e-01,7.104492187500000000e-01,6.009399414062499556e-01
1.321313476562500089e+00,-8.930664062500000000e-01,6.041870117187500000e-01
6.671142578125000000e-01,-8.930664062500000000e-01,6.041870117187500000e-01
1.321313476562500089e+00,9.604492187500000000e-01,6.041870117187500000e-01
1.321313476562500089e+00,-8.930664062500000000e-01,7.196899414062499778e-01
6.671142578125000000e-01,9.604492187500000000e-01,7.196899414062499778e-01
2.771313476562499822e+00,1.069335937500000000e-01,1.291870117187499944e-01
2.117114257812500178e+00,1.069335937500000000e-01,1.291870117187499944e-01
2.771313476562499822e+00,-3.955078125000000000e-02,1.291870117187499944e-01
2.771313476562499822e+00,1.069335937500000000e-01,2.446899414062500000e-01
2.117114257812500178e+00,-3.955078125000000000e-02,2.446899414062500000e-01
2.046313476562499734e+00,-3.930664062500000000e-01,8.416870117187499334e-01
1.392114257812500089e+00,-3.930664062500000000e-01,8.416870117187499334e-01
2.046313476562499734e+00,-5.395507812500000000e-01,8.416870117187499334e-01
2.046313476562499734e+00,-3.930664062500000000e-01,7.189941406249999827e-03
1.392114257812500089e+00,-5.395507812500000000e-01,7.189941406249999827e-03
5.963134765625000000e-01,6.069335937500000000e-01,3.666870117187499556e-01
2.842114257812499822e+00,6.069335937500000000e-01,3.666870117187499556e-01
5.963134765625000000e-01,4.604492187500000000e-01,3.666870117187499556e-01
5.963134765625000000e-01,6.069335937500000000e-01,4.821899414062499889e-01
2.842114257812499822e+00,4.604492187500000000e-01,4.821899414062499889e-01
7.775634765624999112e-01,-5.180664062500000000e-01,9.010620117187500000e-01
1.935864257812500044e+00,-5.180664062500000000e-01,9.010620117187500000e-01
7.775634765624999112e-01,-9.145507812500000000e-01,9.010620117187500000e-01
7.775634765624999112e-01,-5.180664062500000000e-01,6.603149414062500222e-01
1.935864257812500044e+00,-9.145507812500000000e-01,6.603149414062500222e-01
2.227563476562500089e+00,4.819335937500000000e-01,4.260620117187499667e-01
4.858642578124999778e-01,4.819335937500000000e-01,4.260620117187499667e-01
2.227563476562500089e+00,8.544921875000000000e-02,4.260620117187499667e-01
2.227563476562500089e+00,4.819335937500000000e-01,1.853149414062499889e-01
4.858642578124999778e-01,8.544921875000000000e-02,1.853149414062499889e-01
2.952563476562500178e+00,-1.806640625000000000e-02,6.635620117187499556e-01
2.660864257812499911e+00,-1.806640625000000000e-02,6.635620117187499556e-01
2.952563476562500178e+00,5.854492187500000000e-01,6.635620117187499556e-01
2.952563476562500178e+00,-1.806640625000000000e-02,4.228149414062499778e-01
2.660864257812499911e+00,5.854492187500000000e-01,4.228149414062499778e-01
1.502563476562500000e+00,9.819335937500000000e-01,1.885620117187499778e-01
1.210864257812499956e+00,9.819335937500000000e-01,1.885620117187499778e-01
1.502563476562500000e+00,-4.145507812500000000e-01,1.885620117187499778e-01
1.502563476562500000e+00,9.819335937500000000e-01,8.978149414062499556e-01
1.210864257812499956e+00,-4.145507812500000000e-01,8.978149414062499556e-01
1.140063476562499956e+00,-2.680664062500000000e-01,3.073120117187500000e-01
8.483642578124999112e-01,-2.680664062500000000e-01,3.073120117187500000e-01
1.140063476562499956e+00,-1.645507812500000000e-01,3.073120117187500000e-01
1.140063476562499956e+00,-2.680664062500000000e-01,5.415649414062500000e-01
8.483642578124999112e-01,-1.645507812500000000e-01,5.415649414062500000e-01
2.590063476562499911e+00,7.319335937500000000e-01,7.823120117187499778e-01
2.298364257812500089e+00,7.319335937500000000e-01,7.823120117187499778e-01
2.590063476562499911e+00,8.354492187500000000e-01,7.823120117187499778e-01
2.590063476562499911e+00,7.319335937500000000e-01,6.656494140624999445e-02
2.298364257812500089e+00,8.354492187500000000e-01,6.656494140624999445e-02
1.865063476562500044e+00,-7.680664062500000000e-01,6.981201171874999722e-02
1.233642578125000028e-01,-7.680664062500000000e-01,6.981201171874999722e-02
1.865063476562500044e+00,3.354492187500000000e-01,6.981201171874999722e-02
1.865063476562500044e+00,-7.680664062500000000e-01,3.040649414062500111e-01
1.233642578125000028e-01,3.354492187500000000e-01,3.040649414062500111e-01
4.150634765624999778e-01,2.319335937500000000e-01,5.448120117187499334e-01
1.573364257812500000e+00,2.319335937500000000e-01,5.448120117187499334e-01
4.150634765624999778e-01,-6.645507812500000000e-01,5.448120117187499334e-01
4.150634765624999778e-01,2.319335937500000000e-01,7.790649414062499334e-01
1.573364257812500000e+00,-6.645507812500000000e-01,7.790649414062499334e-01
3.244384765625000222e-01,-8.305664062500000000e-01,4.557495117187500000e-01
1.482739257812500044e+00,-8.305664062500000000e-01,4.557495117187500000e-01
3.244384765625000222e-01,6.479492187500000000e-01,4.557495117187500000e-01
3.244384765625000222e-01,-8.305664062500000000e-01,9.625244140625000000e-02
1.482739257812500044e+00,6.479492187500000000e-01,9.625244140625000000e-02
1.774438476562500089e+00,1.694335937500000000e-01,9.307495117187499778e-01
2.932739257812500000e+00,1.694335937500000000e-01,9.307495117187499778e-01
1.774438476562500089e+00,-3.520507812500000000e-01,9.307495117187499778e-01
1.774438476562500089e+00,1.694335937500000000e-01,5.712524414062499778e-01
2.932739257812500000e+00,-3.520507812500000000e-01,5.712524414062499778e-01
2.499438476562500178e+00,-3.305664062500000000e-01,2.182495117187499833e-01
7.577392578124999556e-01,-3.305664062500000000e-01,2.182495117187499833e-01
2.499438476562500178e+00,-8.520507812500000000e-01,2.182495117187499833e-01
2.499438476562500178e+00,-3.305664062500000000e-01,8.087524414062499112e-01
7.577392578124999556e-01,-8.520507812500000000e-01,8.087524414062499112e-01
1.049438476562500000e+00,6.694335937500000000e-01,6.932495117187499334e-01
2.207739257812499911e+00,6.694335937500000000e-01,6.932495117187499334e-01
1.049438476562500000e+00,1.479492187500000000e-01,6.932495117187499334e-01
1.049438476562500000e+00,6.694335937500000000e-01,3.337524414062499889e-01
2.207739257812499911e+00,1.479492187500000000e-01,3.337524414062499889e-01
1.411938476562500044e+00,-8.056640625000000000e-02,8.119995117187499556e-01
1.845239257812500089e+00,-8.056640625000000000e-02,8.119995117187499556e-01
1.411938476562500044e+00,3.979492187500000000e-01,8.119995117187499556e-01
1.411938476562500044e+00,-8.056640625000000000e-02,2.150024414062499944e-01
1.845239257812500089e+00,3.979492187500000000e-01,2.150024414062499944e-01
2.861938476562500000e+00,9.194335937500000000e-01,3.369995117187499778e-01
3.952392578125000222e-01,9.194335937500000000e-01,3.369995117187499778e-01
2.861938476562500000e+00,-6.020507812500000000e-01,3.369995117187499778e-01
2.861938476562500000e+00,9.194335937500000000e-01,6.900024414062500000e-01
3.952392578125000222e-01,-6.020507812500000000e-01,6.900024414062500000e-01
2.136938476562499911e+00,-5.805664062500000000e-01,5.744995117187500222e-01
2.570239257812500178e+00,-5.805664062500000000e-01,5.744995117187500222e-01
2.136938476562499911e+00,-1.020507812500000000e-01,5.744995117187500222e-01
2.136938476562499911e+00,-5.805664062500000000e-01,9.275024414062499334e-01
2.570239257812500178e+00,-1.020507812500000000e-01,9.275024414062499334e-01
6.869384765624999556e-01,4.194335937500000000e-01,9.949951171874998890e-02
1.120239257812500000e+00,4.194335937500000000e-01,9.949951171874998890e-02
6.869384765624999556e-01,8.979492187500000000e-01,9.949951171874998890e-02
6.869384765624999556e-01,4.194335937500000000e-01,4.525024414062499556e-01
1.120239257812500000e+00,8.979492187500000000e-01,4.525024414062499556e-01
5.056884765625000444e-01,-4.555664062500000000e-01,5.151245117187499556e-01
2.139892578125000000e-01,-4.555664062500000000e-01,5.151245117187499556e-01
5.056884765625000444e-01,-4.770507812500000000e-01,5.151245117187499556e-01
5.056884765625000444e-01,-4.555664062500000000e-01,2.743774414062499778e-01
2.139892578125000000e-01,-4.770507812500000000e-01,2.743774414062499778e-01
1.955688476562500000e+00,5.444335937500000000e-01,4.012451171874999861e-02
1.663989257812499956e+00,5.444335937500000000e-01,4.012451171874999861e-02
1.955688476562500000e+00,5.229492187500000000e-01,4.012451171874999861e-02
1.955688476562500000e+00,5.444335937500000000e-01,7.493774414062499556e-01
1.663989257812499956e+00,5.229492187500000000e-01,7.493774414062499556e-01
2.680688476562500089e+00,-9.555664062500000000e-01,7.526245117187500000e-01
9.389892578124999778e-01,-9.555664062500000000e-01,7.526245117187500000e-01
2.680688476562500089e+00,2.294921875000000000e-02,7.526245117187500000e-01
2.680688476562500089e+00,-9.555664062500000000e-01,5.118774414062500222e-01
9.389892578124999778e-01,2.294921875000000000e-02,5.118774414062500222e-01
1.230688476562500133e+00,4.443359375000000000e-02,2.776245117187499667e-01
2.388989257812499822e+00,4.443359375000000000e-02,2.776245117187499667e-01
1.230688476562500133e+00,-9.770507812500000000e-01,2.776245117187499667e-01
1.230688476562500133e+00,4.443359375000000000e-02,3.687744140624999584e-02
2.388989257812499822e+00,-9.770507812500000000e-01,3.687744140624999584e-02
8.681884765624999778e-01,-7.055664062500000000e-01,1.588745117187500000e-01
2.751489257812500089e+00,-7.055664062500000000e-01,1.588745117187500000e-01
8.681884765624999778e-01,-7.270507812500000000e-01,1.588745117187500000e-01
8.681884765624999778e-01,-7.055664062500000000e-01,3.931274414062500000e-01
2.751489257812500089e+00,-7.270507812500000000e-01,3.931274414062500000e-01
2.318188476562499822e+00,2.944335937500000000e-01,6.338745117187499778e-01
1.301489257812500133e+00,2.944335937500000000e-01,6.338745117187499778e-01
2.318188476562499822e+00,2.729492187500000000e-01,6.338745117187499778e-01
2.318188476562499822e+00,2.944335937500000000e-01,8.681274414062499778e-01
1.301489257812500133e+00,2.729492187500000000e-01,8.681274414062499778e-01
1.593188476562499956e+00,-2.055664062500000000e-01,3.963745117187499889e-01
2.026489257812500000e+00,-2.055664062500000000e-01,3.963745117187499889e-01
1.593188476562499956e+00,7.729492187500000000e-01,3.963745117187499889e-01
1.593188476562499956e+00,-2.055664062500000000e-01,6.306274414062499334e-01
2.026489257812500000e+00,7.729492187500000000e-01,6.306274414062499334e-01
1.431884765625000000e-01,7.944335937500000000e-01,8.713745117187499112e-01
5.764892578125000444e-01,7.944335937500000000e-01,8.713745117187499112e-01
1.431884765625000000e-01,-2.270507812500000000e-01,8.713745117187499112e-01
1.431884765625000000e-01,7.944335937500000000e-01,1.556274414062499833e-01
5.764892578125000444e-01,-2.270507812500000000e-01,1.556274414062499833e-01
1.318603515625000056e-01,-7.915039062500000000e-01,1.774291992187500000e-01
2.196411132812500000e+00,-7.915039062500000000e-01,1.774291992187500000e-01
1.318603515625000056e-01,9.995117187500000000e-01,1.774291992187500000e-01
1.318603515625000056e-01,-7.915039062500000000e-01,7.827758789062500000e-01
2.196411132812500000e+00,9.995117187500000000e-01,7.827758789062500000e-01
1.581860351562500044e+00,2.084960937500000000e-01,6.524291992187499778e-01
7.464111328124999334e-01,2.084960937500000000e-01,6.524291992187499778e-01
1.581860351562500044e+00,-4.882812500000000000e-04,6.524291992187499778e-01
1.581860351562500044e+00,2.084960937500000000e-01,3.077758789062499667e-01
7.464111328124999334e-01,-4.882812500000000000e-04,3.077758789062499667e-01
2.306860351562499911e+00,-2.915039062500000000e-01,4.149291992187499889e-01
2.921411132812500089e+00,-2.915039062500000000e-01,4.149291992187499889e-01
2.306860351562499911e+00,-5.004882812500000000e-01,4.149291992187499889e-01
2.306860351562499911e+00,-2.915039062500000000e-01,7.027587890624999167e-02
2.921411132812500089e+00,-5.004882812500000000e-01,7.027587890624999167e-02
8.568603515624999556e-01,7.084960937500000000e-01,8.899291992187499112e-01
1.471411132812500133e+00,7.084960937500000000e-01,8.899291992187499112e-01
8.568603515624999556e-01,4.995117187500000000e-01,8.899291992187499112e-01
8.568603515624999556e-01,7.084960937500000000e-01,5.452758789062499556e-01
1.471411132812500133e+00,4.995117187500000000e-01,5.452758789062499556e-01
1.219360351562500000e+00,-4.150390625000000000e-02,5.336791992187499556e-01
1.108911132812500089e+00,-4.150390625000000000e-02,5.336791992187499556e-01
1.219360351562500000e+00,2.495117187500000000e-01,5.336791992187499556e-01
1.219360351562500000e+00,-4.150390625000000000e-02,9.015258789062499112e-01
1.108911132812500089e+00,2.495117187500000000e-01,9.015258789062499112e-01
2.669360351562500178e+00,9.584960937500000000e-01,5.867919921874999861e-02
2.558911132812499822e+00,9.584960937500000000e-01,5.867919921874999861e-02
2.669360351562500178e+00,-7.504882812500000000e-01,5.867919921874999861e-02
2.669360351562500178e+00,9.584960937500000000e-01,4.265258789062499889e-01
2.558911132812499822e+00,-7.504882812500000000e-01,4.265258789062499889e-01
1.944360351562500089e+00,-5.415039062500000000e-01,7.711791992187500000e-01
3.839111328125000000e-01,-5.415039062500000000e-01,7.711791992187500000e-01
1.944360351562500089e+00,-2.504882812500000000e-01,7.711791992187500000e-01
1.944360351562500089e+00,-5.415039062500000000e-01,1.890258789062500000e-01
3.839111328125000000e-01,-2.504882812500000000e-01,1.890258789062500000e-01
4.943603515625000222e-01,4.584960937500000000e-01,2.961791992187499667e-01
1.833911132812499956e+00,4.584960937500000000e-01,2.961791992187499667e-01
4.943603515625000222e-01,7.495117187500000000e-01,2.961791992187499667e-01
4.943603515625000222e-01,4.584960937500000000e-01,6.640258789062499778e-01
1.833911132812499956e+00,7.495117187500000000e-01,6.640258789062499778e-01
6.756103515624999334e-01,-4.165039062500000000e-01,8.305541992187499556e-01
2.377661132812499911e+00,-4.165039062500000000e-01,8.305541992187499556e-01
6.756103515624999334e-01,-1.254882812500000000e-01,8.305541992187499556e-01
6.756103515624999334e-01,-4.165039062500000000e-01,4.859008789062500000e-01
2.377661132812499911e+00,-1.254882812500000000e-01,4.859008789062500000e-01
2.125610351562500000e+00,5.834960937500000000e-01,3.555541992187499778e-01
9.276611328124999556e-01,5.834960937500000000e-01,3.555541992187499778e-01
2.125610351562500000e+00,8.745117187500000000e-01,3.555541992187499778e-01
2.125610351562500000e+00,5.834960937500000000e-01,1.090087890624999965e-02
9.276611328124999556e-01,8.745117187500000000e-01,1.090087890624999965e-02
2.850610351562500089e+00,-9.165039062500000000e-01,5.930541992187500222e-01
1.652661132812500044e+00,-9.165039062500000000e-01,5.930541992187500222e-01
2.850610351562500089e+00,3.745117187500000000e-01,5.930541992187500222e-01
2.850610351562500089e+00,-9.165039062500000000e-01,2.484008789062499833e-01
1.652661132812500044e+00,3.745117187500000000e-01,2.484008789062499833e-01
1.400610351562500133e+00,8.349609375000000000e-02,1.180541992187499889e-01
2.026611328125000056e-01,8.349609375000000000e-02,1.180541992187499889e-01
1.400610351562500133e+00,-6.254882812500000000e-01,1.180541992187499889e-01
1.400610351562500133e+00,8.349609375000000000e-02,7.234008789062499334e-01
2.026611328125000056e-01,-6.254882812500000000e-01,7.234008789062499334e-01
1.038110351562500089e+00,-6.665039062500000000e-01,4.743041992187500000e-01
5.651611328125000222e-01,-6.665039062500000000e-01,4.743041992187500000e-01
1.038110351562500089e+00,-8.754882812500000000e-01,4.743041992187500000e-01
1.038110351562500089e+00,-6.665039062500000000e-01,6.046508789062500222e-01
5.651611328125000222e-01,-8.754882812500000000e-01,6.046508789062500222e-01
2.488110351562499822e+00,3.334960937500000000e-01,9.493041992187499778e-01
2.015161132812500089e+00,3.334960937500000000e-01,9.493041992187499778e-01
2.488110351562499822e+00,1.245117187500000000e-01,9.493041992187499778e-01
2.488110351562499822e+00,3.334960937500000000e-01,1.296508789062499889e-01
2.015161132812500089e+00,1.245117187500000000e-01,1.296508789062499889e-01
1.763110351562499956e+00,-1.665039062500000000e-01,2.368041992187499833e-01
1.290161132812500000e+00,-1.665039062500000000e-01,2.368041992187499833e-01
1.763110351562499956e+00,6.245117187500000000e-01,2.368041992187499833e-01
1.763110351562499956e+00,-1.665039062500000000e-01,3.671508789062499778e-01
1.290161132812500000e+00,6.245117187500000000e-01,3.671508789062499778e-01
3.131103515625000000e-01,8.334960937500000000e-01,7.118041992187499334e-01
2.740161132812500178e+00,8.334960937500000000e-01,7.118041992187499334e-01
3.131103515625000000e-01,-3.754882812500000000e-01,7.118041992187499334e-01
3.131103515625000000e-01,8.334960937500000000e-01,8.421508789062499556e-01
2.740161132812500178e+00,-3.754882812500000000e-01,8.421508789062499556e-01
4.037353515624999556e-01,-2.290039062500000000e-01,3.258666992187500000e-01
2.932861328124999889e-01,-2.290039062500000000e-01,3.258666992187500000e-01
4.037353515624999556e-01,4.370117187500000000e-01,3.258666992187500000e-01
4.037353515624999556e-01,-2.290039062500000000e-01,1.593383789062499944e-01
2.932861328124999889e-01,4.370117187500000000e-01,1.593383789062499944e-01
1.853735351562500133e+00,7.709960937500000000e-01,8.008666992187499778e-01
1.743286132812500000e+00,7.709960937500000000e-01,8.008666992187499778e-01
1.853735351562500133e+00,-5.629882812500000000e-01,8.008666992187499778e-01
1.853735351562500133e+00,7.709960937500000000e-01,6.343383789062500000e-01
1.743286132812500000e+00,-5.629882812500000000e-01,6.343383789062500000e-01
2.578735351562500000e+00,-7.290039062500000000e-01,8.836669921874999722e-02
1.018286132812499911e+00,-7.290039062500000000e-01,8.836669921874999722e-02
2.578735351562500000e+00,-6.298828125000000000e-02,8.836669921874999722e-02
2.578735351562500000e+00,-7.290039062500000000e-01,8.718383789062499334e-01
1.018286132812499911e+00,-6.298828125000000000e-02,8.718383789062499334e-01
1.128735351562500044e+00,2.709960937500000000e-01,5.633666992187499334e-01
2.468286132812500089e+00,2.709960937500000000e-01,5.633666992187499334e-01
1.128735351562500044e+00,9.370117187500000000e-01,5.633666992187499334e-01
1.128735351562500044e+00,2.709960937500000000e-01,3.968383789062499556e-01
2.468286132812500089e+00,9.370117187500000000e-01,3.968383789062499556e-01
1.491235351562500089e+00,-9.790039062500000000e-01,9.196166992187500000e-01
2.830786132812499911e+00,-9.790039062500000000e-01,9.196166992187500000e-01
1.491235351562500089e+00,6.870117187500000000e-01,9.196166992187500000e-01
1.491235351562500089e+00,-9.790039062500000000e-01,4.058837890625000000e-02
2.830786132812499911e+00,6.870117187500000000e-01,4.058837890625000000e-02
2.941235351562499822e+00,2.099609375000000000e-02,4.446166992187499667e-01
1.380786132812499956e+00,2.099609375000000000e-02,4.446166992187499667e-01
2.941235351562499822e+00,-3.129882812500000000e-01,4.446166992187499667e-01
2.941235351562499822e+00,2.099609375000000000e-02,5.155883789062499778e-01
1.380786132812499956e+00,-3.129882812500000000e-01,5.155883789062499778e-01
2.216235351562500178e+00,-4.790039062500000000e-01,6.821166992187499556e-01
2.105786132812499822e+00,-4.790039062500000000e-01,6.821166992187499556e-01
2.216235351562500178e+00,-8.129882812500000000e-01,6.821166992187499556e-01
2.216235351562500178e+00,-4.790039062500000000e-01,7.530883789062499112e-01
2.105786132812499822e+00,-8.129882812500000000e-01,7.530883789062499112e-01
7.662353515625000000e-01,5.209960937500000000e-01,2.071166992187499778e-01
6.557861328124999778e-01,5.209960937500000000e-01,2.071166992187499778e-01
7.662353515625000000e-01,1.870117187500000000e-01,2.071166992187499778e-01
7.662353515625000000e-01,5.209960937500000000e-01,2.780883789062499889e-01
6.557861328124999778e-01,1.870117187500000000e-01,2.780883789062499889e-01
5.849853515624999778e-01,-6.040039062500000000e-01,6.227416992187500000e-01
1.199536132812500044e+00,-6.040039062500000000e-01,6.227416992187500000e-01
5.849853515624999778e-01,-6.879882812500000000e-01,6.227416992187500000e-01
5.849853515624999778e-01,-6.040039062500000000e-01,4.562133789062499667e-01
1.199536132812500044e+00,-6.879882812500000000e-01,4.562133789062499667e-01
2.034985351562499822e+00,3.959960937500000000e-01,1.477416992187499944e-01
2.649536132812500000e+00,3.959960937500000000e-01,1.477416992187499944e-01
2.034985351562499822e+00,3.120117187500000000e-01,1.477416992187499944e-01
2.034985351562499822e+00,3.959960937500000000e-01,9.312133789062500000e-01
2.649536132812500000e+00,3.120117187500000000e-01,9.312133789062500000e-01
2.759985351562499911e+00,-1.040039062500000000e-01,8.602416992187499334e-01
4.745361328124999556e-01,-1.040039062500000000e-01,8.602416992187499334e-01
2.759985351562499911e+00,8.120117187500000000e-01,8.602416992187499334e-01
2.759985351562499911e+00,-1.040039062500000000e-01,6.937133789062499556e-01
4.745361328124999556e-01,8.120117187500000000e-01,6.937133789062499556e-01
1.309985351562499956e+00,8.959960937500000000e-01,3.852416992187499556e-01
1.924536132812500133e+00,8.959960937500000000e-01,3.852416992187499556e-01
1.309985351562499956e+00,-1.879882812500000000e-01,3.852416992187499556e-01
1.309985351562499956e+00,8.959960937500000000e-01,2.187133789062499778e-01
1.924536132812500133e+00,-1.879882812500000000e-01,2.187133789062499778e-01
9.474853515624999112e-01,-3.540039062500000000e-01,2.899169921875000000e-02
1.562036132812500089e+00,-3.540039062500000000e-01,2.899169921875000000e-02
9.474853515624999112e-01,-4.379882812500000000e-01,2.899169921875000000e-02
9.474853515624999112e-01,-3.540039062500000000e-01,3.374633789062500000e-01
1.562036132812500089e+00,-4.379882812500000000e-01,3.374633789062500000e-01
2.397485351562500089e+00,6.459960937500000000e-01,5.039916992187499778e-01
1.120361328125000083e-01,6.459960937500000000e-01,5.039916992187499778e-01
2.397485351562500089e+00,5.620117187500000000e-01,5.039916992187499778e-01
2.397485351562500089e+00,6.459960937500000000e-01,8.124633789062499778e-01
1.120361328125000083e-01,5.620117187500000000e-01,8.124633789062499778e-01
1.672485351562500000e+00,-8.540039062500000000e-01,2.664916992187499889e-01
2.287036132812500178e+00,-8.540039062500000000e-01,2.664916992187499889e-01
1.672485351562500000e+00,6.201171875000000000e-02,2.664916992187499889e-01
1.672485351562500000e+00,-8.540039062500000000e-01,5.749633789062499334e-01
2.287036132812500178e+00,6.201171875000000000e-02,5.749633789062499334e-01
2.224853515624999889e-01,1.459960937500000000e-01,7.414916992187499112e-01
8.370361328125000000e-01,1.459960937500000000e-01,7.414916992187499112e-01
2.224853515624999889e-01,-9.379882812500000000e-01,7.414916992187499112e-01
2.224853515624999889e-01,1.459960937500000000e-01,9.996337890624999722e-02
8.370361328125000000e-01,-9.379882812500000000e-01,9.996337890624999722e-02
2.677978515625000222e-01,-2.602539062500000000e-01,5.782104492187499778e-01
7.010986328124999556e-01,-2.602539062500000000e-01,5.782104492187499778e-01
2.677978515625000222e-01,7.182617187500000000e-01,5.782104492187499778e-01
2.677978515625000222e-01,-2.602539062500000000e-01,2.335571289062499944e-01
7.010986328124999556e-01,7.182617187500000000e-01,2.335571289062499944e-01
1.717797851562500089e+00,7.397460937500000000e-01,1.032104492187500000e-01
2.151098632812499911e+00,7.397460937500000000e-01,1.032104492187500000e-01
1.717797851562500089e+00,-2.817382812500000000e-01,1.032104492187500000e-01
1.717797851562500089e+00,7.397460937500000000e-01,7.085571289062500000e-01
2.151098632812499911e+00,-2.817382812500000000e-01,7.085571289062500000e-01
2.442797851562500178e+00,-7.602539062500000000e-01,8.157104492187499112e-01
1.426098632812500044e+00,-7.602539062500000000e-01,8.157104492187499112e-01
2.442797851562500178e+00,-7.817382812500000000e-01,8.157104492187499112e-01
2.442797851562500178e+00,-7.602539062500000000e-01,9.460571289062499334e-01
1.426098632812500044e+00,-7.817382812500000000e-01,9.460571289062499334e-01
9.927978515625000000e-01,2.397460937500000000e-01,3.407104492187499889e-01
2.876098632812500000e+00,2.397460937500000000e-01,3.407104492187499889e-01
9.927978515625000000e-01,2.182617187500000000e-01,3.407104492187499889e-01
9.927978515625000000e-01,2.397460937500000000e-01,4.710571289062499556e-01
2.876098632812500000e+00,2.182617187500000000e-01,4.710571289062499556e-01
1.355297851562500044e+00,-5.102539062500000000e-01,2.219604492187499944e-01
2.513598632812500178e+00,-5.102539062500000000e-01,2.219604492187499944e-01
1.355297851562500044e+00,4.682617187500000000e-01,2.219604492187499944e-01
1.355297851562500044e+00,-5.102539062500000000e-01,1.148071289062500000e-01
2.513598632812500178e+00,4.682617187500000000e-01,1.148071289062500000e-01
2.805297851562500000e+00,4.897460937500000000e-01,6.969604492187500000e-01
1.063598632812500000e+00,4.897460937500000000e-01,6.969604492187500000e-01
2.805297851562500000e+00,-5.317382812500000000e-01,6.969604492187500000e-01
2.805297851562500000e+00,4.897460937500000000e-01,5.898071289062499778e-01
1.063598632812500000e+00,-5.317382812500000000e-01,5.898071289062499778e-01
2.080297851562499911e+00,-1.025390625000000000e-02,4.594604492187499556e-01
1.788598632812500089e+00,-1.025390625000000000e-02,4.594604492187499556e-01
2.080297851562499911e+00,-3.173828125000000000e-02,4.594604492187499556e-01
2.080297851562499911e+00,-1.025390625000000000e-02,8.273071289062499112e-01
1.788598632812500089e+00,-3.173828125000000000e-02,8.273071289062499112e-01
6.302978515624999556e-01,9.897460937500000000e-01,9.344604492187499334e-01
3.385986328125000222e-01,9.897460937500000000e-01,9.344604492187499334e-01
6.302978515624999556e-01,9.682617187500000000e-01,9.344604492187499334e-01
6.302978515624999556e-01,9.897460937500000000e-01,3.523071289062499889e-01
3.385986328125000222e-01,9.682617187500000000e-01,3.523071289062499889e-01
8.115478515624999778e-01,-8.852539062500000000e-01,4.000854492187500000e-01
8.823486328124999778e-01,-8.852539062500000000e-01,4.000854492187500000e-01
8.115478515624999778e-01,-4.067382812500000000e-01,4.000854492187500000e-01
8.115478515624999778e-01,-8.852539062500000000e-01,4.116821289062500000e-01
8.823486328124999778e-01,-4.067382812500000000e-01,4.116821289062500000e-01
2.261547851562499822e+00,1.147460937500000000e-01,8.750854492187499778e-01
2.332348632812499822e+00,1.147460937500000000e-01,8.750854492187499778e-01
2.261547851562499822e+00,5.932617187500000000e-01,8.750854492187499778e-01
2.261547851562499822e+00,1.147460937500000000e-01,8.866821289062499778e-01
2.332348632812499822e+00,5.932617187500000000e-01,8.866821289062499778e-01
2.986547851562499911e+00,-3.852539062500000000e-01,1.625854492187499833e-01
1.573486328125000000e-01,-3.852539062500000000e-01,1.625854492187499833e-01
2.986547851562499911e+00,9.326171875000000000e-02,1.625854492187499833e-01
2.986547851562499911e+00,-3.852539062500000000e-01,6.491821289062499334e-01
1.573486328125000000e-01,9.326171875000000000e-02,6.491821289062499334e-01
1.536547851562499956e+00,6.147460937500000000e-01,6.375854492187499334e-01
1.607348632812499956e+00,6.147460937500000000e-01,6.375854492187499334e-01
1.536547851562499956e+00,-9.067382812500000000e-01,6.375854492187499334e-01
1.536547851562499956e+00,6.147460937500000000e-01,1.741821289062499833e-01
1.607348632812499956e+00,-9.067382812500000000e-01,1.741821289062499833e-01
1.174047851562500133e+00,-1.352539062500000000e-01,7.563354492187499556e-01
1.969848632812500000e+00,-1.352539062500000000e-01,7.563354492187499556e-01
1.174047851562500133e+00,-6.567382812500000000e-01,7.563354492187499556e-01
1.174047851562500133e+00,-1.352539062500000000e-01,2.929321289062499778e-01
1.969848632812500000e+00,-6.567382812500000000e-01,2.929321289062499778e-01
2.624047851562500089e+00,8.647460937500000000e-01,2.813354492187499778e-01
5.198486328125000444e-01,8.647460937500000000e-01,2.813354492187499778e-01
2.624047851562500089e+00,3.432617187500000000e-01,2.813354492187499778e-01
2.624047851562500089e+00,8.647460937500000000e-01,7.679321289062499556e-01
5.198486328125000444e-01,3.432617187500000000e-01,7.679321289062499556e-01
1.899047851562500000e+00,-6.352539062500000000e-01,5.188354492187500222e-01
2.694848632812500089e+00,-6.352539062500000000e-01,5.188354492187500222e-01
1.899047851562500000e+00,8.432617187500000000e-01,5.188354492187500222e-01
1.899047851562500000e+00,-6.352539062500000000e-01,5.304321289062500222e-01
2.694848632812500089e+00,8.432617187500000000e-01,5.304321289062500222e-01
4.490478515625000444e-01,3.647460937500000000e-01,4.383544921874999584e-02
1.244848632812500133e+00,3.647460937500000000e-01,4.383544921874999584e-02
4.490478515625000444e-01,-1.567382812500000000e-01,4.383544921874999584e-02
4.490478515625000444e-01,3.647460937500000000e-01,5.543212890624999584e-02
1.244848632812500133e+00,-1.567382812500000000e-01,5.543212890624999584e-02
3.584228515624999778e-01,-6.977539062500000000e-01,8.453979492187500000e-01
1.879223632812500044e+00,-6.977539062500000000e-01,8.453979492187500000e-01
3.584228515624999778e-01,1.557617187500000000e-01,8.453979492187500000e-01
3.584228515624999778e-01,-6.977539062500000000e-01,7.382446289062499778e-01
1.879223632812500044e+00,1.557617187500000000e-01,7.382446289062499778e-01
1.808422851562500044e+00,3.022460937500000000e-01,3.703979492187499667e-01
4.292236328124999778e-01,3.022460937500000000e-01,3.703979492187499667e-01
1.808422851562500044e+00,-8.442382812500000000e-01,3.703979492187499667e-01
1.808422851562500044e+00,3.022460937500000000e-01,2.632446289062500000e-01
4.292236328124999778e-01,-8.442382812500000000e-01,2.632446289062500000e-01
2.533422851562499911e+00,-1.977539062500000000e-01,6.078979492187499556e-01
2.604223632812499911e+00,-1.977539062500000000e-01,6.078979492187499556e-01
2.533422851562499911e+00,-3.442382812500000000e-01,6.078979492187499556e-01
2.533422851562499911e+00,-1.977539062500000000e-01,2.574462890624999722e-02
2.604223632812499911e+00,-3.442382812500000000e-01,2.574462890624999722e-02
1.083422851562499956e+00,8.022460937500000000e-01,1.328979492187500056e-01
1.154223632812499956e+00,8.022460937500000000e-01,1.328979492187500056e-01
1.083422851562499956e+00,6.557617187500000000e-01,1.328979492187500056e-01
1.083422851562499956e+00,8.022460937500000000e-01,5.007446289062499334e-01
1.154223632812499956e+00,6.557617187500000000e-01,5.007446289062499334e-01
1.445922851562500000e+00,-4.477539062500000000e-01,2.516479492187500000e-01
1.516723632812500000e+00,-4.477539062500000000e-01,2.516479492187500000e-01
1.445922851562500000e+00,9.057617187500000000e-01,2.516479492187500000e-01
1.445922851562500000e+00,-4.477539062500000000e-01,8.569946289062500000e-01
1.516723632812500000e+00,9.057617187500000000e-01,8.569946289062500000e-01
2.895922851562500178e+00,5.522460937500000000e-01,7.266479492187499778e-01
2.966723632812500178e+00,5.522460937500000000e-01,7.266479492187499778e-01
2.895922851562500178e+00,-9.423828125000000000e-02,7.266479492187499778e-01
2.895922851562500178e+00,5.522460937500000000e-01,3.819946289062499667e-01
2.966723632812500178e+00,-9.423828125000000000e-02,3.819946289062499667e-01
2.170922851562500089e+00,-9.477539062500000000e-01,1.414794921874999896e-02
7.917236328124999112e-01,-9.477539062500000000e-01,1.414794921874999896e-02
2.170922851562500089e+00,-5.942382812500000000e-01,1.414794921874999896e-02
2.170922851562500089e+00,-9.477539062500000000e-01,1.444946289062500056e-01
7.917236328124999112e-01,-5.942382812500000000e-01,1.444946289062500056e-01
7.209228515624999112e-01,5.224609375000000000e-02,4.891479492187499889e-01
2.241723632812500089e+00,5.224609375000000000e-02,4.891479492187499889e-01
7.209228515624999112e-01,4.057617187500000000e-01,4.891479492187499889e-01
7.209228515624999112e-01,5.224609375000000000e-02,6.194946289062499556e-01
2.241723632812500089e+00,4.057617187500000000e-01,6.194946289062499556e-01
5.396728515625000000e-01,-7.275390625000000000e-02,7.352294921874999445e-02
2.785473632812499822e+00,-7.275390625000000000e-02,7.352294921874999445e-02
5.396728515625000000e-01,-9.692382812500000000e-01,7.352294921874999445e-02
5.396728515625000000e-01,-7.275390625000000000e-02,5.601196289062500000e-01
2.785473632812499822e+00,-9.692382812500000000e-01,5.601196289062500000e-01
1.989672851562499956e+00,9.272460937500000000e-01,5.485229492187500000e-01
1.335473632812500089e+00,9.272460937500000000e-01,5.485229492187500000e-01
1.989672851562499956e+00,3.076171875000000000e-02,5.485229492187500000e-01
1.989672851562499956e+00,9.272460937500000000e-01,8.511962890624999445e-02
1.335473632812500089e+00,3.076171875000000000e-02,8.511962890624999445e-02
2.714672851562499822e+00,-5.727539062500000000e-01,3.110229492187500111e-01
2.060473632812499734e+00,-5.727539062500000000e-01,3.110229492187500111e-01
2.714672851562499822e+00,5.307617187500000000e-01,3.110229492187500111e-01
2.714672851562499822e+00,-5.727539062500000000e-01,3.226196289062500111e-01
2.060473632812499734e+00,5.307617187500000000e-01,3.226196289062500111e-01
1.264672851562500089e+00,4.272460937500000000e-01,7.860229492187499334e-01
6.104736328125000000e-01,4.272460937500000000e-01,7.860229492187499334e-01
1.264672851562500089e+00,-4.692382812500000000e-01,7.860229492187499334e-01
1.264672851562500089e+00,4.272460937500000000e-01,7.976196289062499334e-01
6.104736328125000000e-01,-4.692382812500000000e-01,7.976196289062499334e-01
9.021728515624999334e-01,-8.227539062500000000e-01,6.672729492187500222e-01
2.479736328125000111e-01,-8.227539062500000000e-01,6.672729492187500222e-01
9.021728515624999334e-01,-2.192382812500000000e-01,6.672729492187500222e-01
9.021728515624999334e-01,-8.227539062500000000e-01,6.788696289062500222e-01
2.479736328125000111e-01,-2.192382812500000000e-01,6.788696289062500222e-01
2.352172851562500000e+00,1.772460937500000000e-01,1.922729492187499889e-01
1.697973632812500133e+00,1.772460937500000000e-01,1.922729492187499889e-01
2.352172851562500000e+00,7.807617187500000000e-01,1.922729492187499889e-01
2.352172851562500000e+00,1.772460937500000000e-01,2.038696289062499889e-01
1.697973632812500133e+00,7.807617187500000000e-01,2.038696289062499889e-01
1.627172851562500133e+00,-3.227539062500000000e-01,9.047729492187499556e-01
9.729736328124999334e-01,-3.227539062500000000e-01,9.047729492187499556e-01
1.627172851562500133e+00,2.807617187500000000e-01,9.047729492187499556e-01
1.627172851562500133e+00,-3.227539062500000000e-01,4.413696289062499778e-01
9.729736328124999334e-01,2.807617187500000000e-01,4.413696289062499778e-01
1.771728515625000111e-01,6.772460937500000000e-01,4.297729492187499778e-01
2.422973632812500000e+00,6.772460937500000000e-01,4.297729492187499778e-01
1.771728515625000111e-01,-7.192382812500000000e-01,4.297729492187499778e-01
1.771728515625000111e-01,6.772460937500000000e-01,9.163696289062499556e-01
2.422973632812500000e+00,-7.192382812500000000e-01,9.163696289062499556e-01
1.545166015624999944e-01,-2.587890625000000000e-02,9.418823242187499556e-01
1.358129882812500133e+00,-2.587890625000000000e-02,9.418823242187499556e-01
1.545166015624999944e-01,-2.973632812500000000e-01,9.418823242187499556e-01
1.545166015624999944e-01,-2.587890625000000000e-02,5.972290039062500000e-01
1.358129882812500133e+00,-2.973632812500000000e-01,5.972290039062500000e-01
1.604516601562500089e+00,9.741210937500000000e-01,4.668823242187499778e-01
2.808129882812500089e+00,9.741210937500000000e-01,4.668823242187499778e-01
1.604516601562500089e+00,7.026367187500000000e-01,4.668823242187499778e-01
1.604516601562500089e+00,9.741210937500000000e-01,1.222290039062499944e-01
2.808129882812500089e+00,7.026367187500000000e-01,1.222290039062499944e-01
2.329516601562500178e+00,-5.258789062500000000e-01,7.043823242187500222e-01
6.331298828124999334e-01,-5.258789062500000000e-01,7.043823242187500222e-01
2.329516601562500178e+00,2.026367187500000000e-01,7.043823242187500222e-01
2.329516601562500178e+00,-5.258789062500000000e-01,3.597290039062499556e-01
6.331298828124999334e-01,2.026367187500000000e-01,3.597290039062499556e-01
8.795166015625000000e-01,4.741210937500000000e-01,2.293823242187499889e-01
2.083129882812500000e+00,4.741210937500000000e-01,2.293823242187499889e-01
8.795166015625000000e-01,-7.973632812500000000e-01,2.293823242187499889e-01
8.795166015625000000e-01,4.741210937500000000e-01,8.347290039062499334e-01
2.083129882812500000e+00,-7.973632812500000000e-01,8.347290039062499334e-01
1.242016601562500044e+00,-7.758789062500000000e-01,3.481323242187500111e-01
1.720629882812499956e+00,-7.758789062500000000e-01,3.481323242187500111e-01
1.242016601562500044e+00,-5.473632812500000000e-01,3.481323242187500111e-01
1.242016601562500044e+00,-7.758789062500000000e-01,4.784790039062499778e-01
1.720629882812499956e+00,-5.473632812500000000e-01,4.784790039062499778e-01
2.692016601562500000e+00,2.241210937500000000e-01,8.231323242187499334e-01
2.706298828125000000e-01,2.241210937500000000e-01,8.231323242187499334e-01
2.692016601562500000e+00,4.526367187500000000e-01,8.231323242187499334e-01
2.692016601562500000e+00,2.241210937500000000e-01,3.479003906250000000e-03
2.706298828125000000e-01,4.526367187500000000e-01,3.479003906250000000e-03
1.967016601562500133e+00,-2.758789062500000000e-01,1.106323242187499944e-01
2.445629882812499822e+00,-2.758789062500000000e-01,1.106323242187499944e-01
1.967016601562500133e+00,9.526367187500000000e-01,1.106323242187499944e-01
1.967016601562500133e+00,-2.758789062500000000e-01,2.409790039062499889e-01
2.445629882812499822e+00,9.526367187500000000e-01,2.409790039062499889e-01
5.170166015624999556e-01,7.241210937500000000e-01,5.856323242187500000e-01
9.956298828124999778e-01,7.241210937500000000e-01,5.856323242187500000e-01
5.170166015624999556e-01,-4.736328125000000000e-02,5.856323242187500000e-01
5.170166015624999556e-01,7.241210937500000000e-01,7.159790039062499112e-01
9.956298828124999778e-01,-4.736328125000000000e-02,7.159790039062499112e-01
6.982666015624999778e-01,-6.508789062500000000e-01,5.125732421874999722e-02
4.518798828125000222e-01,-6.508789062500000000e-01,5.125732421874999722e-02
6.982666015624999778e-01,5.776367187500000000e-01,5.125732421874999722e-02
6.982666015624999778e-01,-6.508789062500000000e-01,8.941040039062500000e-01
4.518798828125000222e-01,5.776367187500000000e-01,8.941040039062500000e-01
2.148266601562499822e+00,3.491210937500000000e-01,5.262573242187499334e-01
1.901879882812500089e+00,3.491210937500000000e-01,5.262573242187499334e-01
2.148266601562499822e+00,-4.223632812500000000e-01,5.262573242187499334e-01
2.148266601562499822e+00,3.491210937500000000e-01,4.191040039062499667e-01
1.901879882812500089e+00,-4.223632812500000000e-01,4.191040039062499667e-01
2.873266601562499911e+00,-1.508789062500000000e-01,2.887573242187500000e-01
1.176879882812500000e+00,-1.508789062500000000e-01,2.887573242187500000e-01
2.873266601562499911e+00,-9.223632812500000000e-01,2.887573242187500000e-01
2.873266601562499911e+00,-1.508789062500000000e-01,1.816040039062499778e-01
1.176879882812500000e+00,-9.223632812500000000e-01,1.816040039062499778e-01
1.423266601562499956e+00,8.491210937500000000e-01,7.637573242187499778e-01
2.626879882812500178e+00,8.491210937500000000e-01,7.637573242187499778e-01
1.423266601562499956e+00,7.763671875000000000e-02,7.637573242187499778e-01
1.423266601562499956e+00,8.491210937500000000e-01,6.566040039062499556e-01
2.626879882812500178e+00,7.763671875000000000e-02,6.566040039062499556e-01
1.060766601562499911e+00,-4.008789062500000000e-01,6.450073242187499556e-01
2.989379882812500000e+00,-4.008789062500000000e-01,6.450073242187499556e-01
1.060766601562499911e+00,3.276367187500000000e-01,6.450073242187499556e-01
1.060766601562499911e+00,-4.008789062500000000e-01,7.753540039062499778e-01
2.989379882812500000e+00,3.276367187500000000e-01,7.753540039062499778e-01
2.510766601562500089e+00,5.991210937500000000e-01,1.700073242187500056e-01
1.539379882812500044e+00,5.991210937500000000e-01,1.700073242187500056e-01
2.510766601562500089e+00,-6.723632812500000000e-01,1.700073242187500056e-01
2.510766601562500089e+00,5.991210937500000000e-01,3.003540039062500000e-01
1.539379882812500044e+00,-6.723632812500000000e-01,3.003540039062500000e-01
1.785766601562500000e+00,-9.008789062500000000e-01,8.825073242187500000e-01
2.264379882812499911e+00,-9.008789062500000000e-01,8.825073242187500000e-01
1.785766601562500000e+00,-1.723632812500000000e-01,8.825073242187500000e-01
1.785766601562500000e+00,-9.008789062500000000e-01,6.285400390624999722e-02
2.264379882812499911e+00,-1.723632812500000000e-01,6.285400390624999722e-02
3.357666015624999889e-01,9.912109375000000000e-02,4.075073242187499667e-01
8.143798828124999556e-01,9.912109375000000000e-02,4.075073242187499667e-01
3.357666015624999889e-01,8.276367187500000000e-01,4.075073242187499667e-01
3.357666015624999889e-01,9.912109375000000000e-02,5.378540039062499334e-01
8.143798828124999556e-01,8.276367187500000000e-01,5.378540039062499334e-01
4.263916015625000000e-01,-9.633789062500000000e-01,4.965698242187499556e-01
2.355004882812500089e+00,-9.633789062500000000e-01,4.965698242187499556e-01
4.263916015625000000e-01,-8.598632812500000000e-01,4.965698242187499556e-01
4.263916015625000000e-01,-9.633789062500000000e-01,3.300415039062499778e-01
2.355004882812500089e+00,-8.598632812500000000e-01,3.300415039062499778e-01
1.876391601562499956e+00,3.662109375000000000e-02,2.156982421874999861e-02
9.050048828124999112e-01,3.662109375000000000e-02,2.156982421874999861e-02
1.876391601562499956e+00,1.401367187500000000e-01,2.156982421874999861e-02
1.876391601562499956e+00,3.662109375000000000e-02,8.050415039062499556e-01
9.050048828124999112e-01,1.401367187500000000e-01,8.050415039062499556e-01
2.601391601562499822e+00,-4.633789062500000000e-01,7.340698242187500000e-01
1.630004882812500000e+00,-4.633789062500000000e-01,7.340698242187500000e-01
2.601391601562499822e+00,6.401367187500000000e-01,7.340698242187500000e-01
2.601391601562499822e+00,-4.633789062500000000e-01,5.675415039062500222e-01
1.630004882812500000e+00,6.401367187500000000e-01,5.675415039062500222e-01
1.151391601562500089e+00,5.366210937500000000e-01,2.590698242187499667e-01
1.800048828124999889e-01,5.366210937500000000e-01,2.590698242187499667e-01
1.151391601562500089e+00,-3.598632812500000000e-01,2.590698242187499667e-01
1.151391601562500089e+00,5.366210937500000000e-01,9.254150390624998890e-02
1.800048828124999889e-01,-3.598632812500000000e-01,9.254150390624998890e-02
1.513891601562500133e+00,-2.133789062500000000e-01,1.403198242187500000e-01
5.425048828124999778e-01,-2.133789062500000000e-01,1.403198242187500000e-01
1.513891601562500133e+00,-1.098632812500000000e-01,1.403198242187500000e-01
1.513891601562500133e+00,-2.133789062500000000e-01,4.487915039062500000e-01
5.425048828124999778e-01,-1.098632812500000000e-01,4.487915039062500000e-01
2.963891601562500089e+00,7.866210937500000000e-01,6.153198242187499778e-01
1.992504882812500044e+00,7.866210937500000000e-01,6.153198242187499778e-01
2.963891601562500089e+00,8.901367187500000000e-01,6.153198242187499778e-01
2.963891601562500089e+00,7.866210937500000000e-01,9.237915039062499778e-01
1.992504882812500044e+00,8.901367187500000000e-01,9.237915039062499778e-01
2.238891601562500000e+00,-7.133789062500000000e-01,3.778198242187499889e-01
1.267504882812499956e+00,-7.133789062500000000e-01,3.778198242187499889e-01
2.238891601562500000e+00,3.901367187500000000e-01,3.778198242187499889e-01
2.238891601562500000e+00,-7.133789062500000000e-01,6.862915039062499334e-01
1.267504882812499956e+00,3.901367187500000000e-01,6.862915039062499334e-01
7.888916015624999334e-01,2.866210937500000000e-01,8.528198242187499112e-01
2.717504882812499911e+00,2.866210937500000000e-01,8.528198242187499112e-01
7.888916015624999334e-01,-6.098632812500000000e-01,8.528198242187499112e-01
7.888916015624999334e-01,2.866210937500000000e-01,2.112915039062499833e-01
2.717504882812499911e+00,-6.098632812500000000e-01,2.112915039062499833e-01
6.076416015624999112e-01,-3.383789062500000000e-01,4.371948242187500000e-01
2.173754882812500178e+00,-3.383789062500000000e-01,4.371948242187500000e-01
6.076416015624999112e-01,1.513671875000000000e-02,4.371948242187500000e-01
6.076416015624999112e-01,-3.383789062500000000e-01,3.316650390624999861e-02
2.173754882812500178e+00,1.513671875000000000e-02,3.316650390624999861e-02
2.057641601562500089e+00,6.616210937500000000e-01,9.121948242187499778e-01
7.237548828125000000e-01,6.616210937500000000e-01,9.121948242187499778e-01
2.057641601562500089e+00,-9.848632812500000000e-01,9.121948242187499778e-01
2.057641601562500089e+00,6.616210937500000000e-01,5.081665039062499556e-01
7.237548828125000000e-01,-9.848632812500000000e-01,5.081665039062499556e-01
2.782641601562500178e+00,-8.383789062500000000e-01,1.996948242187499833e-01
2.898754882812499822e+00,-8.383789062500000000e-01,1.996948242187499833e-01
2.782641601562500178e+00,-4.848632812500000000e-01,1.996948242187499833e-01
2.782641601562500178e+00,-8.383789062500000000e-01,7.456665039062500000e-01
2.898754882812499822e+00,-4.848632812500000000e-01,7.456665039062500000e-01
1.332641601562500000e+00,1.616210937500000000e-01,6.746948242187499334e-01
1.448754882812500089e+00,1.616210937500000000e-01,6.746948242187499334e-01
1.332641601562500000e+00,5.151367187500000000e-01,6.746948242187499334e-01
1.332641601562500000e+00,1.616210937500000000e-01,2.706665039062499667e-01
1.448754882812500089e+00,5.151367187500000000e-01,2.706665039062499667e-01
9.701416015624999556e-01,-5.883789062500000000e-01,7.934448242187499556e-01
1.086254882812500044e+00,-5.883789062500000000e-01,7.934448242187499556e-01
9.701416015624999556e-01,7.651367187500000000e-01,7.934448242187499556e-01
9.701416015624999556e-01,-5.883789062500000000e-01,1.519165039062500000e-01
1.086254882812500044e+00,7.651367187500000000e-01,1.519165039062500000e-01
2.420141601562499911e+00,4.116210937500000000e-01,3.184448242187499778e-01
2.536254882812500000e+00,4.116210937500000000e-01,3.184448242187499778e-01
2.420141601562499911e+00,-2.348632812500000000e-01,3.184448242187499778e-01
2.420141601562499911e+00,4.116210937500000000e-01,6.269165039062499778e-01
2.536254882812500000e+00,-2.348632812500000000e-01,6.269165039062499778e-01
1.695141601562500044e+00,-8.837890625000000000e-02,5.559448242187500222e-01
3.612548828124999556e-01,-8.837890625000000000e-02,5.559448242187500222e-01
1.695141601562500044e+00,-7.348632812500000000e-01,5.559448242187500222e-01
1.695141601562500044e+00,-8.837890625000000000e-02,8.644165039062499112e-01
3.612548828124999556e-01,-7.348632812500000000e-01,8.644165039062499112e-01
2.451416015625000056e-01,9.116210937500000000e-01,8.094482421875000278e-02
1.811254882812500133e+00,9.116210937500000000e-01,8.094482421875000278e-02
2.451416015625000056e-01,2.651367187500000000e-01,8.094482421875000278e-02
2.451416015625000056e-01,9.116210937500000000e-01,3.894165039062499889e-01
1.811254882812500133e+00,2.651367187500000000e-01,3.894165039062499889e-01
1.998291015625000000e-01,-5.571289062500000000e-01,2.739135742187500111e-01
2.672192382812499822e+00,-5.571289062500000000e-01,2.739135742187500111e-01
1.998291015625000000e-01,-1.611328125000000000e-02,2.739135742187500111e-01
1.998291015625000000e-01,-5.571289062500000000e-01,2.855102539062500111e-01
2.672192382812499822e+00,-1.611328125000000000e-02,2.855102539062500111e-01
1.649829101562499956e+00,4.428710937500000000e-01,7.489135742187499334e-01
1.222192382812500089e+00,4.428710937500000000e-01,7.489135742187499334e-01
1.649829101562499956e+00,9.838867187500000000e-01,7.489135742187499334e-01
1.649829101562499956e+00,4.428710937500000000e-01,7.605102539062499334e-01
1.222192382812500089e+00,9.838867187500000000e-01,7.605102539062499334e-01
2.374829101562499822e+00,-5.712890625000000000e-02,3.641357421875000139e-02
1.947192382812499956e+00,-5.712890625000000000e-02,3.641357421875000139e-02
2.374829101562499822e+00,4.838867187500000000e-01,3.641357421875000139e-02
2.374829101562499822e+00,-5.712890625000000000e-02,5.230102539062500000e-01
1.947192382812499956e+00,4.838867187500000000e-01,5.230102539062500000e-01
9.248291015624999778e-01,9.428710937500000000e-01,5.114135742187500000e-01
4.971923828125000000e-01,9.428710937500000000e-01,5.114135742187500000e-01
9.248291015624999778e-01,-5.161132812500000000e-01,5.114135742187500000e-01
9.248291015624999778e-01,9.428710937500000000e-01,4.801025390624999445e-02
4.971923828125000000e-01,-5.161132812500000000e-01,4.801025390624999445e-02
1.287329101562500133e+00,-3.071289062500000000e-01,8.676635742187499556e-01
1.346923828125000111e-01,-3.071289062500000000e-01,8.676635742187499556e-01
1.287329101562500133e+00,-7.661132812500000000e-01,8.676635742187499556e-01
1.287329101562500133e+00,-3.071289062500000000e-01,4.042602539062499778e-01
1.346923828125000111e-01,-7.661132812500000000e-01,4.042602539062499778e-01
2.737329101562500089e+00,6.928710937500000000e-01,3.926635742187499778e-01
1.584692382812500133e+00,6.928710937500000000e-01,3.926635742187499778e-01
2.737329101562500089e+00,2.338867187500000000e-01,3.926635742187499778e-01
2.737329101562500089e+00,6.928710937500000000e-01,8.792602539062499556e-01
1.584692382812500133e+00,2.338867187500000000e-01,8.792602539062499556e-01
2.012329101562500000e+00,-8.071289062500000000e-01,6.301635742187500222e-01
8.596923828124999334e-01,-8.071289062500000000e-01,6.301635742187500222e-01
2.012329101562500000e+00,7.338867187500000000e-01,6.301635742187500222e-01
2.012329101562500000e+00,-8.071289062500000000e-01,6.417602539062500222e-01
8.596923828124999334e-01,7.338867187500000000e-01,6.417602539062500222e-01
5.623291015625000444e-01,1.928710937500000000e-01,1.551635742187499889e-01
2.309692382812500000e+00,1.928710937500000000e-01,1.551635742187499889e-01
5.623291015625000444e-01,-2.661132812500000000e-01,1.551635742187499889e-01
5.623291015625000444e-01,1.928710937500000000e-01,1.667602539062499889e-01
2.309692382812500000e+00,-2.661132812500000000e-01,1.667602539062499889e-01
7.435791015624999556e-01,-1.821289062500000000e-01,6.895385742187499778e-01
1.765942382812500044e+00,-1.821289062500000000e-01,6.895385742187499778e-01
7.435791015624999556e-01,8.588867187500000000e-01,6.895385742187499778e-01
7.435791015624999556e-01,-1.821289062500000000e-01,1.073852539062499917e-01
1.765942382812500044e+00,8.588867187500000000e-01,1.073852539062499917e-01
2.193579101562499911e+00,8.178710937500000000e-01,2.145385742187500000e-01
3.159423828124999778e-01,8.178710937500000000e-01,2.145385742187500000e-01
2.193579101562499911e+00,-1.411132812500000000e-01,2.145385742187500000e-01
2.193579101562499911e+00,8.178710937500000000e-01,5.823852539062499556e-01
3.159423828124999778e-01,-1.411132812500000000e-01,5.823852539062499556e-01
2.918579101562500000e+00,-6.821289062500000000e-01,9.270385742187499112e-01
2.490942382812499911e+00,-6.821289062500000000e-01,9.270385742187499112e-01
2.918579101562500000e+00,-6.411132812500000000e-01,9.270385742187499112e-01
2.918579101562500000e+00,-6.821289062500000000e-01,8.198852539062500000e-01
2.490942382812499911e+00,-6.411132812500000000e-01,8.198852539062500000e-01
1.468579101562500044e+00,3.178710937500000000e-01,4.520385742187499889e-01
1.040942382812499956e+00,3.178710937500000000e-01,4.520385742187499889e-01
1.468579101562500044e+00,3.588867187500000000e-01,4.520385742187499889e-01
1.468579101562500044e+00,3.178710937500000000e-01,3.448852539062499667e-01
1.040942382812499956e+00,3.588867187500000000e-01,3.448852539062499667e-01
1.106079101562500000e+00,-9.321289062500000000e-01,9.578857421874999167e-02
1.403442382812500000e+00,-9.321289062500000000e-01,9.578857421874999167e-02
1.106079101562500000e+00,1.088867187500000000e-01,9.578857421874999167e-02
1.106079101562500000e+00,-9.321289062500000000e-01,2.261352539062500000e-01
1.403442382812500000e+00,1.088867187500000000e-01,2.261352539062500000e-01
2.556079101562500178e+00,6.787109375000000000e-02,5.707885742187499556e-01
2.853442382812500178e+00,6.787109375000000000e-02,5.707885742187499556e-01
2.556079101562500178e+00,-8.911132812500000000e-01,5.707885742187499556e-01
2.556079101562500178e+00,6.787109375000000000e-02,7.011352539062499778e-01
2.853442382812500178e+00,-8.911132812500000000e-01,7.011352539062499778e-01
1.831079101562500089e+00,-4.321289062500000000e-01,3.332885742187499667e-01
6.784423828124999112e-01,-4.321289062500000000e-01,3.332885742187499667e-01
1.831079101562500089e+00,-3.911132812500000000e-01,3.332885742187499667e-01
1.831079101562500089e+00,-4.321289062500000000e-01,9.386352539062499112e-01
6.784423828124999112e-01,-3.911132812500000000e-01,9.386352539062499112e-01
3.810791015625000222e-01,5.678710937500000000e-01,8.082885742187500000e-01
2.128442382812500089e+00,5.678710937500000000e-01,8.082885742187500000e-01
3.810791015625000222e-01,6.088867187500000000e-01,8.082885742187500000e-01
3.810791015625000222e-01,5.678710937500000000e-01,4.636352539062499889e-01
2.128442382812500089e+00,6.088867187500000000e-01,4.636352539062499889e-01
2.904541015625000111e-01,-4.946289062500000000e-01,1.848510742187499944e-01
9.503173828125000000e-01,-4.946289062500000000e-01,1.848510742187499944e-01
2.904541015625000111e-01,-5.786132812500000000e-01,1.848510742187499944e-01
2.904541015625000111e-01,-4.946289062500000000e-01,6.714477539062500000e-01
9.503173828125000000e-01,-5.786132812500000000e-01,6.714477539062500000e-01
1.740454101562500133e+00,5.053710937500000000e-01,6.598510742187500000e-01
2.400317382812500178e+00,5.053710937500000000e-01,6.598510742187500000e-01
1.740454101562500133e+00,4.213867187500000000e-01,6.598510742187500000e-01
1.740454101562500133e+00,5.053710937500000000e-01,1.964477539062499944e-01
2.400317382812500178e+00,4.213867187500000000e-01,1.964477539062499944e-01
2.465454101562500000e+00,-9.946289062500000000e-01,4.223510742187499556e-01
2.253173828124999944e-01,-9.946289062500000000e-01,4.223510742187499556e-01
2.465454101562500000e+00,9.213867187500000000e-01,4.223510742187499556e-01
2.465454101562500000e+00,-9.946289062500000000e-01,4.339477539062499556e-01
2.253173828124999944e-01,9.213867187500000000e-01,4.339477539062499556e-01
1.015454101562500044e+00,5.371093750000000000e-03,8.973510742187499334e-01
1.675317382812500089e+00,5.371093750000000000e-03,8.973510742187499334e-01
1.015454101562500044e+00,-7.861328125000000000e-02,8.973510742187499334e-01
1.015454101562500044e+00,5.371093750000000000e-03,9.089477539062499334e-01
1.675317382812500089e+00,-7.861328125000000000e-02,9.089477539062499334e-01
1.377954101562500089e+00,-7.446289062500000000e-01,5.411010742187499778e-01
2.037817382812499911e+00,-7.446289062500000000e-01,5.411010742187499778e-01
1.377954101562500089e+00,-3.286132812500000000e-01,5.411010742187499778e-01
1.377954101562500089e+00,-7.446289062500000000e-01,5.526977539062499778e-01
2.037817382812499911e+00,-3.286132812500000000e-01,5.526977539062499778e-01
2.827954101562499822e+00,2.553710937500000000e-01,6.610107421875000000e-02
5.878173828124999556e-01,2.553710937500000000e-01,6.610107421875000000e-02
2.827954101562499822e+00,6.713867187500000000e-01,6.610107421875000000e-02
2.827954101562499822e+00,2.553710937500000000e-01,7.769775390625000000e-02
5.878173828124999556e-01,6.713867187500000000e-01,7.769775390625000000e-02
2.102954101562500178e+00,-2.446289062500000000e-01,7.786010742187499112e-01
2.762817382812500000e+00,-2.446289062500000000e-01,7.786010742187499112e-01
2.102954101562500178e+00,1.713867187500000000e-01,7.786010742187499112e-01
2.102954101562500178e+00,-2.446289062500000000e-01,3.151977539062499889e-01
2.762817382812500000e+00,1.713867187500000000e-01,3.151977539062499889e-01
6.529541015625000000e-01,7.553710937500000000e-01,3.036010742187499889e-01
1.312817382812500044e+00,7.553710937500000000e-01,3.036010742187499889e-01
6.529541015625000000e-01,-8.286132812500000000e-01,3.036010742187499889e-01
6.529541015625000000e-01,7.553710937500000000e-01,7.901977539062499112e-01
1.312817382812500044e+00,-8.286132812500000000e-01,7.901977539062499112e-01
4.717041015624999778e-01,-8.696289062500000000e-01,7.192260742187499556e-01
7.690673828124999778e-01,-8.696289062500000000e-01,7.192260742187499556e-01
4.717041015624999778e-01,2.963867187500000000e-01,7.192260742187499556e-01
4.717041015624999778e-01,-8.696289062500000000e-01,8.495727539062499778e-01
7.690673828124999778e-01,2.963867187500000000e-01,8.495727539062499778e-01
1.921704101562500044e+00,1.303710937500000000e-01,2.442260742187499778e-01
2.219067382812499822e+00,1.303710937500000000e-01,2.442260742187499778e-01
1.921704101562500044e+00,-7.036132812500000000e-01,2.442260742187499778e-01
1.921704101562500044e+00,1.303710937500000000e-01,3.745727539062500000e-01
2.219067382812499822e+00,-7.036132812500000000e-01,3.745727539062500000e-01
2.646704101562499911e+00,-3.696289062500000000e-01,4.817260742187499667e-01
1.494067382812499956e+00,-3.696289062500000000e-01,4.817260742187499667e-01
2.646704101562499911e+00,-2.036132812500000000e-01,4.817260742187499667e-01
2.646704101562499911e+00,-3.696289062500000000e-01,1.370727539062499833e-01
1.494067382812499956e+00,-2.036132812500000000e-01,1.370727539062499833e-01
1.196704101562499956e+00,6.303710937500000000e-01,6.726074218749999306e-03
2.944067382812499911e+00,6.303710937500000000e-01,6.726074218749999306e-03
1.196704101562499956e+00,7.963867187500000000e-01,6.726074218749999306e-03
1.196704101562499956e+00,6.303710937500000000e-01,6.120727539062499334e-01
2.944067382812499911e+00,7.963867187500000000e-01,6.120727539062499334e-01
8.342041015624999112e-01,-1.196289062500000000e-01,3.629760742187500000e-01
2.581567382812500089e+00,-1.196289062500000000e-01,3.629760742187500000e-01
8.342041015624999112e-01,5.463867187500000000e-01,3.629760742187500000e-01
8.342041015624999112e-01,-1.196289062500000000e-01,7.308227539062499556e-01
2.581567382812500089e+00,5.463867187500000000e-01,7.308227539062499556e-01
2.284204101562500089e+00,8.803710937500000000e-01,8.379760742187499778e-01
1.131567382812500133e+00,8.803710937500000000e-01,8.379760742187499778e-01
2.284204101562500089e+00,-4.536132812500000000e-01,8.379760742187499778e-01
2.284204101562500089e+00,8.803710937500000000e-01,2.558227539062499778e-01
1.131567382812500133e+00,-4.536132812500000000e-01,2.558227539062499778e-01
1.559204101562500000e+00,-6.196289062500000000e-01,1.254760742187499833e-01
1.856567382812500000e+00,-6.196289062500000000e-01,1.254760742187499833e-01
1.559204101562500000e+00,-9.536132812500000000e-01,1.254760742187499833e-01
1.559204101562500000e+00,-6.196289062500000000e-01,1.832275390624999931e-02
1.856567382812500000e+00,-9.536132812500000000e-01,1.832275390624999931e-02
1.092041015625000028e-01,3.803710937500000000e-01,6.004760742187499334e-01
4.065673828125000444e-01,3.803710937500000000e-01,6.004760742187499334e-01
1.092041015625000028e-01,4.638671875000000000e-02,6.004760742187499334e-01
1.092041015625000028e-01,3.803710937500000000e-01,4.933227539062499667e-01
4.065673828125000444e-01,4.638671875000000000e-02,4.933227539062499667e-01
1.063720703125000111e-01,-1.215820312500000000e-01,2.265991210937499944e-01
8.058837890624999112e-01,-1.215820312500000000e-01,2.265991210937499944e-01
1.063720703125000111e-01,3.295898437500000000e-01,2.265991210937499944e-01
1.063720703125000111e-01,-1.215820312500000000e-01,9.080200195312500000e-01
8.058837890624999112e-01,3.295898437500000000e-01,9.080200195312500000e-01
1.556372070312500133e+00,8.784179687500000000e-01,7.015991210937500000e-01
2.255883789062500089e+00,8.784179687500000000e-01,7.015991210937500000e-01
1.556372070312500133e+00,-6.704101562500000000e-01,7.015991210937500000e-01
1.556372070312500133e+00,8.784179687500000000e-01,4.330200195312499667e-01
2.255883789062500089e+00,-6.704101562500000000e-01,4.330200195312499667e-01
2.281372070312500000e+00,-6.215820312500000000e-01,4.640991210937499556e-01
1.530883789062500000e+00,-6.215820312500000000e-01,4.640991210937499556e-01
2.281372070312500000e+00,-1.704101562500000000e-01,4.640991210937499556e-01
2.281372070312500000e+00,-6.215820312500000000e-01,1.955200195312499778e-01
1.530883789062500000e+00,-1.704101562500000000e-01,1.955200195312499778e-01
8.313720703124999334e-01,3.784179687500000000e-01,9.390991210937499334e-01
2.980883789062500178e+00,3.784179687500000000e-01,9.390991210937499334e-01
8.313720703124999334e-01,8.295898437500000000e-01,9.390991210937499334e-01
8.313720703124999334e-01,3.784179687500000000e-01,6.705200195312499556e-01
2.980883789062500178e+00,8.295898437500000000e-01,6.705200195312499556e-01
1.193872070312500089e+00,-8.715820312500000000e-01,5.828491210937499778e-01
2.618383789062499911e+00,-8.715820312500000000e-01,5.828491210937499778e-01
1.193872070312500089e+00,5.795898437500000000e-01,5.828491210937499778e-01
1.193872070312500089e+00,-8.715820312500000000e-01,7.892700195312499778e-01
2.618383789062499911e+00,5.795898437500000000e-01,7.892700195312499778e-01
2.643872070312499822e+00,1.284179687500000000e-01,1.078491210937500000e-01
1.168383789062499956e+00,1.284179687500000000e-01,1.078491210937500000e-01
2.643872070312499822e+00,-4.204101562500000000e-01,1.078491210937500000e-01
2.643872070312499822e+00,1.284179687500000000e-01,3.142700195312500000e-01
1.168383789062499956e+00,-4.204101562500000000e-01,3.142700195312500000e-01
1.918872070312499956e+00,-3.715820312500000000e-01,8.203491210937499112e-01
1.893383789062500044e+00,-3.715820312500000000e-01,8.203491210937499112e-01
1.918872070312499956e+00,-9.204101562500000000e-01,8.203491210937499112e-01
1.918872070312499956e+00,-3.715820312500000000e-01,7.677001953124999722e-02
1.893383789062500044e+00,-9.204101562500000000e-01,7.677001953124999722e-02
4.688720703125000000e-01,6.284179687500000000e-01,3.453491210937499889e-01
4.433837890624999778e-01,6.284179687500000000e-01,3.453491210937499889e-01
4.688720703125000000e-01,7.958984375000000000e-02,3.453491210937499889e-01
4.688720703125000000e-01,6.284179687500000000e-01,5.517700195312499334e-01
4.433837890624999778e-01,7.958984375000000000e-02,5.517700195312499334e-01
6.501220703124999112e-01,-7.465820312500000000e-01,7.609741210937499556e-01
9.871337890624999334e-01,-7.465820312500000000e-01,7.609741210937499556e-01
6.501220703124999112e-01,-5.454101562500000000e-01,7.609741210937499556e-01
6.501220703124999112e-01,-7.465820312500000000e-01,6.111450195312500000e-01
9.871337890624999334e-01,-5.454101562500000000e-01,6.111450195312500000e-01
2.100122070312500089e+00,2.534179687500000000e-01,2.859741210937499778e-01
2.437133789062500000e+00,2.534179687500000000e-01,2.859741210937499778e-01
2.100122070312500089e+00,4.545898437500000000e-01,2.859741210937499778e-01
2.100122070312500089e+00,2.534179687500000000e-01,1.361450195312499944e-01
2.437133789062500000e+00,4.545898437500000000e-01,1.361450195312499944e-01
2.825122070312500178e+00,-2.465820312500000000e-01,5.234741210937500222e-01
2.621337890625000111e-01,-2.465820312500000000e-01,5.234741210937500222e-01
2.825122070312500178e+00,9.545898437500000000e-01,5.234741210937500222e-01
2.825122070312500178e+00,-2.465820312500000000e-01,3.736450195312499556e-01
2.621337890625000111e-01,9.545898437500000000e-01,3.736450195312499556e-01
1.375122070312500000e+00,7.534179687500000000e-01,4.847412109374999584e-02
1.712133789062500133e+00,7.534179687500000000e-01,4.847412109374999584e-02
1.375122070312500000e+00,-4.541015625000000000e-02,4.847412109374999584e-02
1.375122070312500000e+00,7.534179687500000000e-01,8.486450195312499334e-01
1.712133789062500133e+00,-4.541015625000000000e-02,8.486450195312499334e-01
1.012622070312499956e+00,-4.965820312500000000e-01,4.047241210937500000e-01
2.074633789062499734e+00,-4.965820312500000000e-01,4.047241210937500000e-01
1.012622070312499956e+00,-2.954101562500000000e-01,4.047241210937500000e-01
1.012622070312499956e+00,-4.965820312500000000e-01,4.923950195312499778e-01
2.074633789062499734e+00,-2.954101562500000000e-01,4.923950195312499778e-01
2.462622070312499911e+00,5.034179687500000000e-01,8.797241210937499778e-01
6.246337890625000000e-01,5.034179687500000000e-01,8.797241210937499778e-01
2.462622070312499911e+00,7.045898437500000000e-01,8.797241210937499778e-01
2.462622070312499911e+00,5.034179687500000000e-01,1.739501953125000000e-02
6.246337890625000000e-01,7.045898437500000000e-01,1.739501953125000000e-02
1.737622070312500044e+00,-9.965820312500000000e-01,1.672241210937499833e-01
2.799633789062499822e+00,-9.965820312500000000e-01,1.672241210937499833e-01
1.737622070312500044e+00,2.045898437500000000e-01,1.672241210937499833e-01
1.737622070312500044e+00,-9.965820312500000000e-01,2.548950195312499889e-01
2.799633789062499822e+00,2.045898437500000000e-01,2.548950195312499889e-01
2.876220703124999778e-01,3.417968750000000000e-03,6.422241210937499334e-01
1.349633789062500089e+00,3.417968750000000000e-03,6.422241210937499334e-01
2.876220703124999778e-01,-7.954101562500000000e-01,6.422241210937499334e-01
2.876220703124999778e-01,3.417968750000000000e-03,7.298950195312499112e-01
1.349633789062500089e+00,-7.954101562500000000e-01,7.298950195312499112e-01
3.782470703125000444e-01,-9.340820312500000000e-01,2.562866210937500000e-01
1.802758789062500089e+00,-9.340820312500000000e-01,2.562866210937500000e-01
3.782470703125000444e-01,7.670898437500000000e-01,2.562866210937500000e-01
3.782470703125000444e-01,-9.340820312500000000e-01,4.708251953124999861e-02
1.802758789062500089e+00,7.670898437500000000e-01,4.708251953124999861e-02
1.828247070312500000e+00,6.591796875000000000e-02,7.312866210937499778e-01
3.527587890625000222e-01,6.591796875000000000e-02,7.312866210937499778e-01
1.828247070312500000e+00,-2.329101562500000000e-01,7.312866210937499778e-01
1.828247070312500000e+00,6.591796875000000000e-02,5.220825195312499556e-01
3.527587890625000222e-01,-2.329101562500000000e-01,5.220825195312499556e-01
2.553247070312500089e+00,-4.340820312500000000e-01,1.878662109375000069e-02
2.527758789062500178e+00,-4.340820312500000000e-01,1.878662109375000069e-02
2.553247070312500089e+00,-7.329101562500000000e-01,1.878662109375000069e-02
2.553247070312500089e+00,-4.340820312500000000e-01,7.595825195312500000e-01
2.527758789062500178e+00,-7.329101562500000000e-01,7.595825195312500000e-01
1.103247070312500133e+00,5.659179687500000000e-01,4.937866210937499889e-01
1.077758789062500000e+00,5.659179687500000000e-01,4.937866210937499889e-01
1.103247070312500133e+00,2.670898437500000000e-01,4.937866210937499889e-01
1.103247070312500133e+00,5.659179687500000000e-01,2.845825195312499667e-01
1.077758789062500000e+00,2.670898437500000000e-01,2.845825195312499667e-01
1.465747070312499956e+00,-1.840820312500000000e-01,8.500366210937500000e-01
1.440258789062500044e+00,-1.840820312500000000e-01,8.500366210937500000e-01
1.465747070312499956e+00,1.708984375000000000e-02,8.500366210937500000e-01
1.465747070312499956e+00,-1.840820312500000000e-01,1.658325195312500000e-01
1.440258789062500044e+00,1.708984375000000000e-02,1.658325195312500000e-01
2.915747070312499911e+00,8.159179687500000000e-01,3.750366210937499667e-01
2.890258789062500000e+00,8.159179687500000000e-01,3.750366210937499667e-01
2.915747070312499911e+00,-9.829101562500000000e-01,3.750366210937499667e-01
2.915747070312499911e+00,8.159179687500000000e-01,6.408325195312499778e-01
2.890258789062500000e+00,-9.829101562500000000e-01,6.408325195312499778e-01
2.190747070312499822e+00,-6.840820312500000000e-01,6.125366210937499556e-01
7.152587890624999556e-01,-6.840820312500000000e-01,6.125366210937499556e-01
2.190747070312499822e+00,-4.829101562500000000e-01,6.125366210937499556e-01
2.190747070312499822e+00,-6.840820312500000000e-01,8.783325195312499112e-01
7.152587890624999556e-01,-4.829101562500000000e-01,8.783325195312499112e-01
7.407470703124999778e-01,3.159179687500000000e-01,1.375366210937500056e-01
2.165258789062499911e+00,3.159179687500000000e-01,1.375366210937500056e-01
7.407470703124999778e-01,5.170898437500000000e-01,1.375366210937500056e-01
7.407470703124999778e-01,3.159179687500000000e-01,4.033325195312499889e-01
2.165258789062499911e+00,5.170898437500000000e-01,4.033325195312499889e-01
5.594970703124999556e-01,-3.090820312500000000e-01,6.719116210937500222e-01
2.709008789062500089e+00,-3.090820312500000000e-01,6.719116210937500222e-01
5.594970703124999556e-01,-1.079101562500000000e-01,6.719116210937500222e-01
5.594970703124999556e-01,-3.090820312500000000e-01,3.439575195312499778e-01
2.709008789062500089e+00,-1.079101562500000000e-01,3.439575195312499778e-01
2.009497070312499911e+00,6.909179687500000000e-01,1.969116210937499889e-01
1.259008789062500133e+00,6.909179687500000000e-01,1.969116210937499889e-01
2.009497070312499911e+00,8.920898437500000000e-01,1.969116210937499889e-01
2.009497070312499911e+00,6.909179687500000000e-01,8.189575195312499556e-01
1.259008789062500133e+00,8.920898437500000000e-01,8.189575195312499556e-01
2.734497070312500000e+00,-8.090820312500000000e-01,9.094116210937499556e-01
1.984008789062500000e+00,-8.090820312500000000e-01,9.094116210937499556e-01
2.734497070312500000e+00,3.920898437500000000e-01,9.094116210937499556e-01
2.734497070312500000e+00,-8.090820312500000000e-01,5.814575195312500222e-01
1.984008789062500000e+00,3.920898437500000000e-01,5.814575195312500222e-01
1.284497070312500044e+00,1.909179687500000000e-01,4.344116210937499778e-01
5.340087890625000444e-01,1.909179687500000000e-01,4.344116210937499778e-01
1.284497070312500044e+00,-6.079101562500000000e-01,4.344116210937499778e-01
1.284497070312500044e+00,1.909179687500000000e-01,1.064575195312499889e-01
5.340087890625000444e-01,-6.079101562500000000e-01,1.064575195312499889e-01
9.219970703125000000e-01,-5.590820312500000000e-01,7.816162109374999445e-02
1.715087890625000000e-01,-5.590820312500000000e-01,7.816162109374999445e-02
9.219970703125000000e-01,-8.579101562500000000e-01,7.816162109374999445e-02
9.219970703125000000e-01,-5.590820312500000000e-01,4.627075195312500000e-01
1.715087890625000000e-01,-8.579101562500000000e-01,4.627075195312500000e-01
2.371997070312500178e+00,4.409179687500000000e-01,5.531616210937500000e-01
1.621508789062499956e+00,4.409179687500000000e-01,5.531616210937500000e-01
2.371997070312500178e+00,1.420898437500000000e-01,5.531616210937500000e-01
2.371997070312500178e+00,4.409179687500000000e-01,9.377075195312499778e-01
1.621508789062499956e+00,1.420898437500000000e-01,9.377075195312499778e-01
1.646997070312500089e+00,-5.908203125000000000e-02,3.156616210937500111e-01
8.965087890624999778e-01,-5.908203125000000000e-02,3.156616210937500111e-01
1.646997070312500089e+00,6.420898437500000000e-01,3.156616210937500111e-01
1.646997070312500089e+00,-5.908203125000000000e-02,7.002075195312499334e-01
8.965087890624999778e-01,6.420898437500000000e-01,7.002075195312499334e-01
1.969970703125000222e-01,9.409179687500000000e-01,7.906616210937499334e-01
2.346508789062499822e+00,9.409179687500000000e-01,7.906616210937499334e-01
1.969970703125000222e-01,-3.579101562500000000e-01,7.906616210937499334e-01
1.969970703125000222e-01,9.409179687500000000e-01,2.252075195312499833e-01
2.346508789062499822e+00,-3.579101562500000000e-01,2.252075195312499833e-01
2.423095703125000000e-01,-5.903320312500000000e-01,5.086303710937499778e-01
2.119946289062499822e+00,-5.903320312500000000e-01,5.086303710937499778e-01
2.423095703125000000e-01,1.108398437500000000e-01,5.086303710937499778e-01
2.423095703125000000e-01,-5.903320312500000000e-01,9.161376953125000000e-02
2.119946289062499822e+00,1.108398437500000000e-01,9.161376953125000000e-02
1.692309570312499956e+00,4.096679687500000000e-01,3.363037109375000000e-02
6.699462890624999778e-01,4.096679687500000000e-01,3.363037109375000000e-02
1.692309570312499956e+00,-8.891601562500000000e-01,3.363037109375000000e-02
1.692309570312499956e+00,4.096679687500000000e-01,5.666137695312499778e-01
6.699462890624999778e-01,-8.891601562500000000e-01,5.666137695312499778e-01
2.417309570312499822e+00,-9.033203125000000000e-02,7.461303710937499112e-01
2.844946289062499911e+00,-9.033203125000000000e-02,7.461303710937499112e-01
2.417309570312499822e+00,-3.891601562500000000e-01,7.461303710937499112e-01
2.417309570312499822e+00,-9.033203125000000000e-02,8.041137695312499112e-01
2.844946289062499911e+00,-3.891601562500000000e-01,8.041137695312499112e-01
9.673095703124999778e-01,9.096679687500000000e-01,2.711303710937499889e-01
1.394946289062499956e+00,9.096679687500000000e-01,2.711303710937499889e-01
9.673095703124999778e-01,6.108398437500000000e-01,2.711303710937499889e-01
9.673095703124999778e-01,9.096679687500000000e-01,3.291137695312499889e-01
1.394946289062499956e+00,6.108398437500000000e-01,3.291137695312499889e-01
1.329809570312500133e+00,-3.403320312500000000e-01,1.523803710937499944e-01
1.032446289062499911e+00,-3.403320312500000000e-01,1.523803710937499944e-01
1.329809570312500133e+00,8.608398437500000000e-01,1.523803710937499944e-01
1.329809570312500133e+00,-3.403320312500000000e-01,2.103637695312499944e-01
1.032446289062499911e+00,8.608398437500000000e-01,2.103637695312499944e-01
2.779809570312500089e+00,6.596679687500000000e-01,6.273803710937500000e-01
2.482446289062500089e+00,6.596679687500000000e-01,6.273803710937500000e-01
2.779809570312500089e+00,-1.391601562500000000e-01,6.273803710937500000e-01
2.779809570312500089e+00,6.596679687500000000e-01,6.853637695312500000e-01
2.482446289062500089e+00,-1.391601562500000000e-01,6.853637695312500000e-01
2.054809570312500000e+00,-8.403320312500000000e-01,3.898803710937499556e-01
3.074462890624999889e-01,-8.403320312500000000e-01,3.898803710937499556e-01
2.054809570312500000e+00,-6.391601562500000000e-01,3.898803710937499556e-01
2.054809570312500000e+00,-8.403320312500000000e-01,9.228637695312499334e-01
3.074462890624999889e-01,-6.391601562500000000e-01,9.228637695312499334e-01
6.048095703124999334e-01,1.596679687500000000e-01,8.648803710937499334e-01
1.757446289062500000e+00,1.596679687500000000e-01,8.648803710937499334e-01
6.048095703124999334e-01,3.608398437500000000e-01,8.648803710937499334e-01
6.048095703124999334e-01,1.596679687500000000e-01,4.478637695312499556e-01
1.757446289062500000e+00,3.608398437500000000e-01,4.478637695312499556e-01
7.860595703124999556e-01,-2.153320312500000000e-01,4.492553710937499667e-01
2.301196289062500178e+00,-2.153320312500000000e-01,4.492553710937499667e-01
7.860595703124999556e-01,-7.641601562500000000e-01,4.492553710937499667e-01
7.860595703124999556e-01,-2.153320312500000000e-01,2.697387695312499778e-01
2.301196289062500178e+00,-7.641601562500000000e-01,2.697387695312499778e-01
2.236059570312499911e+00,7.846679687500000000e-01,9.242553710937500000e-01
8.511962890625000000e-01,7.846679687500000000e-01,9.242553710937500000e-01
2.236059570312499911e+00,2.358398437500000000e-01,9.242553710937500000e-01
2.236059570312499911e+00,7.846679687500000000e-01,7.447387695312499556e-01
8.511962890625000000e-01,2.358398437500000000e-01,7.447387695312499556e-01
2.961059570312500000e+00,-7.153320312500000000e-01,2.117553710937499778e-01
1.576196289062500089e+00,-7.153320312500000000e-01,2.117553710937499778e-01
2.961059570312500000e+00,7.358398437500000000e-01,2.117553710937499778e-01
2.961059570312500000e+00,-7.153320312500000000e-01,5.072387695312500222e-01
1.576196289062500089e+00,7.358398437500000000e-01,5.072387695312500222e-01
1.511059570312500044e+00,2.846679687500000000e-01,6.867553710937499556e-01
1.261962890624999944e-01,2.846679687500000000e-01,6.867553710937499556e-01
1.511059570312500044e+00,-2.641601562500000000e-01,6.867553710937499556e-01
1.511059570312500044e+00,2.846679687500000000e-01,3.223876953124999584e-02
1.261962890624999944e-01,-2.641601562500000000e-01,3.223876953124999584e-02
1.148559570312500000e+00,-9.653320312500000000e-01,8.055053710937499778e-01
4.886962890624999556e-01,-9.653320312500000000e-01,8.055053710937499778e-01
1.148559570312500000e+00,-1.416015625000000000e-02,8.055053710937499778e-01
1.148559570312500000e+00,-9.653320312500000000e-01,3.884887695312500000e-01
4.886962890624999556e-01,-1.416015625000000000e-02,3.884887695312500000e-01
2.598559570312500178e+00,3.466796875000000000e-02,3.305053710937500000e-01
1.938696289062500133e+00,3.466796875000000000e-02,3.305053710937500000e-01
2.598559570312500178e+00,9.858398437500000000e-01,3.305053710937500000e-01
2.598559570312500178e+00,3.466796875000000000e-02,8.634887695312499778e-01
1.938696289062500133e+00,9.858398437500000000e-01,8.634887695312499778e-01
1.873559570312500089e+00,-4.653320312500000000e-01,5.680053710937499334e-01
1.213696289062500044e+00,-4.653320312500000000e-01,5.680053710937499334e-01
1.873559570312500089e+00,4.858398437500000000e-01,5.680053710937499334e-01
1.873559570312500089e+00,-4.653320312500000000e-01,6.259887695312499334e-01
1.213696289062500044e+00,4.858398437500000000e-01,6.259887695312499334e-01
4.235595703125000222e-01,5.346679687500000000e-01,9.300537109374999722e-02
2.663696289062500000e+00,5.346679687500000000e-01,9.300537109374999722e-02
4.235595703125000222e-01,-5.141601562500000000e-01,9.300537109374999722e-02
4.235595703125000222e-01,5.346679687500000000e-01,1.509887695312499833e-01
2.663696289062500000e+00,-5.141601562500000000e-01,1.509887695312499833e-01
3.329345703125000111e-01,-4.028320312500000000e-01,8.945678710937499112e-01
3.980712890625000000e-01,-4.028320312500000000e-01,8.945678710937499112e-01
3.329345703125000111e-01,5.483398437500000000e-01,8.945678710937499112e-01
3.329345703125000111e-01,-4.028320312500000000e-01,8.338012695312500000e-01
3.980712890625000000e-01,5.483398437500000000e-01,8.338012695312500000e-01
1.782934570312500133e+00,5.971679687500000000e-01,4.195678710937499889e-01
1.848071289062499956e+00,5.971679687500000000e-01,4.195678710937499889e-01
1.782934570312500133e+00,-4.516601562500000000e-01,4.195678710937499889e-01
1.782934570312500133e+00,5.971679687500000000e-01,3.588012695312499667e-01
1.848071289062499956e+00,-4.516601562500000000e-01,3.588012695312499667e-01
2.507934570312500000e+00,-9.028320312500000000e-01,6.570678710937499778e-01
1.123071289062500089e+00,-9.028320312500000000e-01,6.570678710937499778e-01
2.507934570312500000e+00,-9.516601562500000000e-01,6.570678710937499778e-01
2.507934570312500000e+00,-9.028320312500000000e-01,1.213012695312499917e-01
1.123071289062500089e+00,-9.516601562500000000e-01,1.213012695312499917e-01
1.057934570312500044e+00,9.716796875000000000e-02,1.820678710937500000e-01
2.573071289062499822e+00,9.716796875000000000e-02,1.820678710937500000e-01
1.057934570312500044e+00,4.833984375000000000e-02,1.820678710937500000e-01
1.057934570312500044e+00,9.716796875000000000e-02,5.963012695312499556e-01
2.573071289062499822e+00,4.833984375000000000e-02,5.963012695312499556e-01
1.420434570312500089e+00,-6.528320312500000000e-01,3.008178710937499667e-01
2.935571289062500089e+00,-6.528320312500000000e-01,3.008178710937499667e-01
1.420434570312500089e+00,2.983398437500000000e-01,3.008178710937499667e-01
1.420434570312500089e+00,-6.528320312500000000e-01,7.150512695312499778e-01
2.935571289062500089e+00,2.983398437500000000e-01,7.150512695312499778e-01
2.870434570312499822e+00,3.471679687500000000e-01,7.758178710937500000e-01
1.485571289062500133e+00,3.471679687500000000e-01,7.758178710937500000e-01
2.870434570312499822e+00,-7.016601562500000000e-01,7.758178710937500000e-01
2.870434570312499822e+00,3.471679687500000000e-01,2.400512695312500000e-01
1.485571289062500133e+00,-7.016601562500000000e-01,2.400512695312500000e-01
2.145434570312500178e+00,-1.528320312500000000e-01,6.331787109374999167e-02
2.210571289062500000e+00,-1.528320312500000000e-01,6.331787109374999167e-02
2.145434570312500178e+00,-2.016601562500000000e-01,6.331787109374999167e-02
2.145434570312500178e+00,-1.528320312500000000e-01,2.551269531249999827e-03
2.210571289062500000e+00,-2.016601562500000000e-01,2.551269531249999827e-03
6.954345703125000000e-01,8.471679687500000000e-01,5.383178710937499556e-01
7.605712890624999334e-01,8.471679687500000000e-01,5.383178710937499556e-01
6.954345703125000000e-01,7.983398437500000000e-01,5.383178710937499556e-01
6.954345703125000000e-01,8.471679687500000000e-01,4.775512695312499889e-01
7.605712890624999334e-01,7.983398437500000000e-01,4.775512695312499889e-01
5.141845703124999778e-01,-7.778320312500000000e-01,3.942871093749999653e-03
1.304321289062500000e+00,-7.778320312500000000e-01,3.942871093749999653e-03
5.141845703124999778e-01,-3.266601562500000000e-01,3.942871093749999653e-03
5.141845703124999778e-01,-7.778320312500000000e-01,6.556762695312500222e-01
1.304321289062500000e+00,-3.266601562500000000e-01,6.556762695312500222e-01
1.964184570312500044e+00,2.221679687500000000e-01,4.789428710937500000e-01
2.754321289062500178e+00,2.221679687500000000e-01,4.789428710937500000e-01
1.964184570312500044e+00,6.733398437500000000e-01,4.789428710937500000e-01
1.964184570312500044e+00,2.221679687500000000e-01,1.806762695312499889e-01
2.754321289062500178e+00,6.733398437500000000e-01,1.806762695312499889e-01
2.689184570312499911e+00,-2.778320312500000000e-01,2.414428710937499833e-01
5.793212890625000222e-01,-2.778320312500000000e-01,2.414428710937499833e-01
2.689184570312499911e+00,1.733398437500000000e-01,2.414428710937499833e-01
2.689184570312499911e+00,-2.778320312500000000e-01,4.181762695312499778e-01
5.793212890625000222e-01,1.733398437500000000e-01,4.181762695312499778e-01
1.239184570312499956e+00,7.221679687500000000e-01,7.164428710937499334e-01
2.029321289062500089e+00,7.221679687500000000e-01,7.164428710937499334e-01
1.239184570312499956e+00,-8.266601562500000000e-01,7.164428710937499334e-01
1.239184570312499956e+00,7.221679687500000000e-01,8.931762695312499556e-01
2.029321289062500089e+00,-8.266601562500000000e-01,8.931762695312499556e-01
8.766845703124999112e-01,-2.783203125000000000e-02,5.976928710937500222e-01
1.666821289062500044e+00,-2.783203125000000000e-02,5.976928710937500222e-01
8.766845703124999112e-01,-5.766601562500000000e-01,5.976928710937500222e-01
8.766845703124999112e-01,-2.783203125000000000e-02,5.369262695312500000e-01
1.666821289062500044e+00,-5.766601562500000000e-01,5.369262695312500000e-01
2.326684570312500089e+00,9.721679687500000000e-01,1.226928710937499889e-01
2.168212890625000056e-01,9.721679687500000000e-01,1.226928710937499889e-01
2.326684570312500089e+00,4.233398437500000000e-01,1.226928710937499889e-01
2.326684570312500089e+00,9.721679687500000000e-01,6.192626953124999445e-02
2.168212890625000056e-01,4.233398437500000000e-01,6.192626953124999445e-02
1.601684570312500000e+00,-5.278320312500000000e-01,8.351928710937499556e-01
2.391821289062499911e+00,-5.278320312500000000e-01,8.351928710937499556e-01
1.601684570312500000e+00,9.233398437500000000e-01,8.351928710937499556e-01
1.601684570312500000e+00,-5.278320312500000000e-01,2.994262695312500111e-01
2.391821289062499911e+00,9.233398437500000000e-01,2.994262695312500111e-01
1.516845703124999889e-01,4.721679687500000000e-01,3.601928710937499778e-01
9.418212890624999556e-01,4.721679687500000000e-01,3.601928710937499778e-01
1.516845703124999889e-01,-7.666015625000000000e-02,3.601928710937499778e-01
1.516845703124999889e-01,4.721679687500000000e-01,7.744262695312499334e-01
9.418212890624999556e-01,-7.666015625000000000e-02,7.744262695312499334e-01
1.743408203125000056e-01,-8.247070312500000000e-01,8.871459960937500000e-01
2.731665039062499911e+00,-8.247070312500000000e-01,8.871459960937500000e-01
1.743408203125000056e-01,-9.047851562500000000e-01,8.871459960937500000e-01
1.743408203125000056e-01,-8.247070312500000000e-01,4.998168945312500000e-01
2.731665039062499911e+00,-9.047851562500000000e-01,4.998168945312500000e-01
1.624340820312500044e+00,1.752929687500000000e-01,4.121459960937499667e-01
1.281665039062499956e+00,1.752929687500000000e-01,4.121459960937499667e-01
1.624340820312500044e+00,9.521484375000000000e-02,4.121459960937499667e-01
1.624340820312500044e+00,1.752929687500000000e-01,2.481689453124999792e-02
1.281665039062499956e+00,9.521484375000000000e-02,2.481689453124999792e-02
2.349340820312499911e+00,-3.247070312500000000e-01,6.496459960937499556e-01
2.006665039062499822e+00,-3.247070312500000000e-01,6.496459960937499556e-01
2.349340820312499911e+00,5.952148437500000000e-01,6.496459960937499556e-01
2.349340820312499911e+00,-3.247070312500000000e-01,2.623168945312500111e-01
2.006665039062499822e+00,5.952148437500000000e-01,2.623168945312500111e-01
8.993408203124999556e-01,6.752929687500000000e-01,1.746459960937500056e-01
5.566650390624999778e-01,6.752929687500000000e-01,1.746459960937500056e-01
8.993408203124999556e-01,-4.047851562500000000e-01,1.746459960937500056e-01
8.993408203124999556e-01,6.752929687500000000e-01,7.373168945312499334e-01
5.566650390624999778e-01,-4.047851562500000000e-01,7.373168945312499334e-01
1.261840820312500000e+00,-7.470703125000000000e-02,2.933959960937500000e-01
1.941650390624999889e-01,-7.470703125000000000e-02,2.933959960937500000e-01
1.261840820312500000e+00,-1.547851562500000000e-01,2.933959960937500000e-01
1.261840820312500000e+00,-7.470703125000000000e-02,6.185668945312500222e-01
1.941650390624999889e-01,-1.547851562500000000e-01,6.185668945312500222e-01
2.711840820312500178e+00,9.252929687500000000e-01,7.683959960937499778e-01
1.644165039062500000e+00,9.252929687500000000e-01,7.683959960937499778e-01
2.711840820312500178e+00,8.452148437500000000e-01,7.683959960937499778e-01
2.711840820312500178e+00,9.252929687500000000e-01,1.435668945312499889e-01
1.644165039062500000e+00,8.452148437500000000e-01,1.435668945312499889e-01
1.986840820312500089e+00,-5.747070312500000000e-01,5.589599609374999722e-02
9.191650390624999112e-01,-5.747070312500000000e-01,5.589599609374999722e-02
1.986840820312500089e+00,3.452148437500000000e-01,5.589599609374999722e-02
1.986840820312500089e+00,-5.747070312500000000e-01,3.810668945312499778e-01
9.191650390624999112e-01,3.452148437500000000e-01,3.810668945312499778e-01
5.368408203125000222e-01,4.252929687500000000e-01,5.308959960937499334e-01
2.369165039062500089e+00,4.252929687500000000e-01,5.308959960937499334e-01
5.368408203125000222e-01,-6.547851562500000000e-01,5.308959960937499334e-01
5.368408203125000222e-01,4.252929687500000000e-01,8.560668945312499556e-01
2.369165039062500089e+00,-6.547851562500000000e-01,8.560668945312499556e-01
7.180908203124999334e-01,-4.497070312500000000e-01,1.152709960937499944e-01
1.825415039062500133e+00,-4.497070312500000000e-01,1.152709960937499944e-01
7.180908203124999334e-01,2.202148437500000000e-01,1.152709960937499944e-01
7.180908203124999334e-01,-4.497070312500000000e-01,7.966918945312500000e-01
1.825415039062500133e+00,2.202148437500000000e-01,7.966918945312500000e-01
2.168090820312500000e+00,5.502929687500000000e-01,5.902709960937500000e-01
3.754150390624999556e-01,5.502929687500000000e-01,5.902709960937500000e-01
2.168090820312500000e+00,-7.797851562500000000e-01,5.902709960937500000e-01
2.168090820312500000e+00,5.502929687500000000e-01,3.216918945312499667e-01
3.754150390624999556e-01,-7.797851562500000000e-01,3.216918945312499667e-01
2.893090820312500089e+00,-9.497070312500000000e-01,3.527709960937500111e-01
2.550415039062500000e+00,-9.497070312500000000e-01,3.527709960937500111e-01
2.893090820312500089e+00,-2.797851562500000000e-01,3.527709960937500111e-01
2.893090820312500089e+00,-9.497070312500000000e-01,8.419189453124999167e-02
2.550415039062500000e+00,-2.797851562500000000e-01,8.419189453124999167e-02
1.443090820312500133e+00,5.029296875000000000e-02,8.277709960937499334e-01
1.100415039062500044e+00,5.029296875000000000e-02,8.277709960937499334e-01
1.443090820312500133e+00,7.202148437500000000e-01,8.277709960937499334e-01
1.443090820312500133e+00,5.029296875000000000e-02,5.591918945312499556e-01
1.100415039062500044e+00,7.202148437500000000e-01,5.591918945312499556e-01
1.080590820312500089e+00,-6.997070312500000000e-01,7.090209960937500222e-01
1.462915039062500089e+00,-6.997070312500000000e-01,7.090209960937500222e-01
1.080590820312500089e+00,9.702148437500000000e-01,7.090209960937500222e-01
1.080590820312500089e+00,-6.997070312500000000e-01,9.154418945312499112e-01
1.462915039062500089e+00,9.702148437500000000e-01,9.154418945312499112e-01
2.530590820312499822e+00,3.002929687500000000e-01,2.340209960937499889e-01
2.912915039062499822e+00,3.002929687500000000e-01,2.340209960937499889e-01
2.530590820312499822e+00,-2.978515625000000000e-02,2.340209960937499889e-01
2.530590820312499822e+00,3.002929687500000000e-01,4.404418945312499889e-01
2.912915039062499822e+00,-2.978515625000000000e-02,4.404418945312499889e-01
1.805590820312499956e+00,-1.997070312500000000e-01,9.465209960937499556e-01
7.379150390625000000e-01,-1.997070312500000000e-01,9.465209960937499556e-01
1.805590820312499956e+00,-5.297851562500000000e-01,9.465209960937499556e-01
1.805590820312499956e+00,-1.997070312500000000e-01,2.029418945312500000e-01
7.379150390625000000e-01,-5.297851562500000000e-01,2.029418945312500000e-01
3.555908203125000000e-01,8.002929687500000000e-01,4.715209960937499778e-01
2.187915039062500178e+00,8.002929687500000000e-01,4.715209960937499778e-01
3.555908203125000000e-01,4.702148437500000000e-01,4.715209960937499778e-01
3.555908203125000000e-01,8.002929687500000000e-01,6.779418945312499778e-01
2.187915039062500178e+00,4.702148437500000000e-01,6.779418945312499778e-01
4.462158203124999556e-01,-1.372070312500000000e-01,5.605834960937500222e-01
8.285400390624999556e-01,-1.372070312500000000e-01,5.605834960937500222e-01
4.462158203124999556e-01,-4.672851562500000000e-01,5.605834960937500222e-01
4.462158203124999556e-01,-1.372070312500000000e-01,4.701293945312499667e-01
8.285400390624999556e-01,-4.672851562500000000e-01,4.701293945312499667e-01
1.896215820312500133e+00,8.627929687500000000e-01,8.558349609375000278e-02
2.278540039062499911e+00,8.627929687500000000e-01,8.558349609375000278e-02
1.896215820312500133e+00,5.327148437500000000e-01,8.558349609375000278e-02
1.896215820312500133e+00,8.627929687500000000e-01,9.451293945312500000e-01
2.278540039062499911e+00,5.327148437500000000e-01,9.451293945312500000e-01
2.621215820312500000e+00,-6.372070312500000000e-01,7.980834960937499556e-01
1.035400390625000056e-01,-6.372070312500000000e-01,7.980834960937499556e-01
2.621215820312500000e+00,3.271484375000000000e-02,7.980834960937499556e-01
2.621215820312500000e+00,-6.372070312500000000e-01,7.076293945312499556e-01
1.035400390625000056e-01,3.271484375000000000e-02,7.076293945312499556e-01
1.171215820312500044e+00,3.627929687500000000e-01,3.230834960937499778e-01
1.553540039062500044e+00,3.627929687500000000e-01,3.230834960937499778e-01
1.171215820312500044e+00,-9.672851562500000000e-01,3.230834960937499778e-01
1.171215820312500044e+00,3.627929687500000000e-01,2.326293945312499778e-01
1.553540039062500044e+00,-9.672851562500000000e-01,2.326293945312499778e-01
1.533715820312500089e+00,-8.872070312500000000e-01,2.043334960937499833e-01
1.916040039062500089e+00,-8.872070312500000000e-01,2.043334960937499833e-01
1.533715820312500089e+00,-7.172851562500000000e-01,2.043334960937499833e-01
1.533715820312500089e+00,-8.872070312500000000e-01,3.513793945312500000e-01
1.916040039062500089e+00,-7.172851562500000000e-01,3.513793945312500000e-01
2.983715820312499822e+00,1.127929687500000000e-01,6.793334960937499334e-01
4.660400390625000222e-01,1.127929687500000000e-01,6.793334960937499334e-01
2.983715820312499822e+00,2.827148437500000000e-01,6.793334960937499334e-01
2.983715820312499822e+00,1.127929687500000000e-01,8.263793945312499778e-01
4.660400390625000222e-01,2.827148437500000000e-01,8.263793945312499778e-01
2.258715820312500178e+00,-3.872070312500000000e-01,4.418334960937500000e-01
2.641040039062500178e+00,-3.872070312500000000e-01,4.418334960937500000e-01
2.258715820312500178e+00,7.827148437500000000e-01,4.418334960937500000e-01
2.258715820312500178e+00,-3.872070312500000000e-01,5.888793945312499334e-01
2.641040039062500178e+00,7.827148437500000000e-01,5.888793945312499334e-01
8.087158203125000000e-01,6.127929687500000000e-01,9.168334960937499778e-01
1.191040039062500000e+00,6.127929687500000000e-01,9.168334960937499778e-01
8.087158203125000000e-01,-2.172851562500000000e-01,9.168334960937499778e-01
8.087158203125000000e-01,6.127929687500000000e-01,1.138793945312499972e-01
1.191040039062500000e+00,-2.172851562500000000e-01,1.138793945312499972e-01
6.274658203124999778e-01,-5.122070312500000000e-01,3.824584960937499889e-01
6.472900390624999334e-01,-5.122070312500000000e-01,3.824584960937499889e-01
6.274658203124999778e-01,6.577148437500000000e-01,3.824584960937499889e-01
6.274658203124999778e-01,-5.122070312500000000e-01,1.732543945312499944e-01
6.472900390624999334e-01,6.577148437500000000e-01,1.732543945312499944e-01
2.077465820312499822e+00,4.877929687500000000e-01,8.574584960937499112e-01
2.097290039062500000e+00,4.877929687500000000e-01,8.574584960937499112e-01
2.077465820312499822e+00,-3.422851562500000000e-01,8.574584960937499112e-01
2.077465820312499822e+00,4.877929687500000000e-01,6.482543945312500000e-01
2.097290039062500000e+00,-3.422851562500000000e-01,6.482543945312500000e-01
2.802465820312499911e+00,-1.220703125000000000e-02,1.449584960937500000e-01
1.372290039062500133e+00,-1.220703125000000000e-02,1.449584960937500000e-01
2.802465820312499911e+00,-8.422851562500000000e-01,1.449584960937500000e-01
2.802465820312499911e+00,-1.220703125000000000e-02,8.857543945312499334e-01
1.372290039062500133e+00,-8.422851562500000000e-01,8.857543945312499334e-01
1.352465820312499956e+00,9.877929687500000000e-01,6.199584960937499778e-01
2.822290039062500089e+00,9.877929687500000000e-01,6.199584960937499778e-01
1.352465820312499956e+00,1.577148437500000000e-01,6.199584960937499778e-01
1.352465820312499956e+00,9.877929687500000000e-01,4.107543945312499556e-01
2.822290039062500089e+00,1.577148437500000000e-01,4.107543945312499556e-01
9.899658203124999112e-01,-2.622070312500000000e-01,7.387084960937500000e-01
2.459790039062499822e+00,-2.622070312500000000e-01,7.387084960937500000e-01
9.899658203124999112e-01,4.077148437500000000e-01,7.387084960937500000e-01
9.899658203124999112e-01,-2.622070312500000000e-01,5.450439453125000000e-02
2.459790039062499822e+00,4.077148437500000000e-01,5.450439453125000000e-02
2.439965820312500089e+00,7.377929687500000000e-01,2.637084960937499667e-01
1.009790039062500089e+00,7.377929687500000000e-01,2.637084960937499667e-01
2.439965820312500089e+00,-5.922851562500000000e-01,2.637084960937499667e-01
2.439965820312500089e+00,7.377929687500000000e-01,5.295043945312499778e-01
1.009790039062500089e+00,-5.922851562500000000e-01,5.295043945312499778e-01
1.714965820312500000e+00,-7.622070312500000000e-01,5.012084960937499556e-01
1.734790039062499956e+00,-7.622070312500000000e-01,5.012084960937499556e-01
1.714965820312500000e+00,-9.228515625000000000e-02,5.012084960937499556e-01
1.714965820312500000e+00,-7.622070312500000000e-01,7.670043945312499112e-01
1.734790039062499956e+00,-9.228515625000000000e-02,7.670043945312499112e-01
2.649658203124999889e-01,2.377929687500000000e-01,2.620849609374999861e-02
2.847900390625000000e-01,2.377929687500000000e-01,2.620849609374999861e-02
2.649658203124999889e-01,9.077148437500000000e-01,2.620849609374999861e-02
2.649658203124999889e-01,2.377929687500000000e-01,2.920043945312499889e-01
2.847900390625000000e-01,9.077148437500000000e-01,2.920043945312499889e-01
2.196533203125000111e-01,-3.559570312500000000e-01,3.379272460937499667e-01
1.236352539062500089e+00,-3.559570312500000000e-01,3.379272460937499667e-01
2.196533203125000111e-01,-6.860351562500000000e-01,3.379272460937499667e-01
2.196533203125000111e-01,-3.559570312500000000e-01,3.959106445312499667e-01
1.236352539062500089e+00,-6.860351562500000000e-01,3.959106445312499667e-01
1.669653320312500133e+00,6.440429687500000000e-01,8.129272460937500000e-01
2.686352539062499822e+00,6.440429687500000000e-01,8.129272460937500000e-01
1.669653320312500133e+00,3.139648437500000000e-01,8.129272460937500000e-01
1.669653320312500133e+00,6.440429687500000000e-01,8.709106445312500000e-01
2.686352539062499822e+00,3.139648437500000000e-01,8.709106445312500000e-01
2.394653320312500000e+00,-8.559570312500000000e-01,1.004272460937499917e-01
5.113525390625000000e-01,-8.559570312500000000e-01,1.004272460937499917e-01
2.394653320312500000e+00,8.139648437500000000e-01,1.004272460937499917e-01
2.394653320312500000e+00,-8.559570312500000000e-01,6.334106445312499556e-01
5.113525390625000000e-01,8.139648437500000000e-01,6.334106445312499556e-01
9.446533203124999334e-01,1.440429687500000000e-01,5.754272460937499556e-01
1.961352539062499956e+00,1.440429687500000000e-01,5.754272460937499556e-01
9.446533203124999334e-01,-1.860351562500000000e-01,5.754272460937499556e-01
9.446533203124999334e-01,1.440429687500000000e-01,1.584106445312500056e-01
1.961352539062499956e+00,-1.860351562500000000e-01,1.584106445312500056e-01
1.307153320312500089e+00,-6.059570312500000000e-01,9.316772460937499112e-01
1.598852539062500133e+00,-6.059570312500000000e-01,9.316772460937499112e-01
1.307153320312500089e+00,-4.360351562500000000e-01,9.316772460937499112e-01
1.307153320312500089e+00,-6.059570312500000000e-01,2.771606445312500000e-01
1.598852539062500133e+00,-4.360351562500000000e-01,2.771606445312500000e-01
2.757153320312499822e+00,3.940429687500000000e-01,4.566772460937499889e-01
1.488525390625000111e-01,3.940429687500000000e-01,4.566772460937499889e-01
2.757153320312499822e+00,5.639648437500000000e-01,4.566772460937499889e-01
2.757153320312499822e+00,3.940429687500000000e-01,7.521606445312499778e-01
1.488525390625000111e-01,5.639648437500000000e-01,7.521606445312499778e-01
2.032153320312499734e+00,-1.059570312500000000e-01,6.941772460937499778e-01
2.323852539062500000e+00,-1.059570312500000000e-01,6.941772460937499778e-01
2.032153320312499734e+00,6.396484375000000000e-02,6.941772460937499778e-01
2.032153320312499734e+00,-1.059570312500000000e-01,5.146606445312499334e-01
2.323852539062500000e+00,6.396484375000000000e-02,5.146606445312499334e-01
5.821533203125000000e-01,8.940429687500000000e-01,2.191772460937500000e-01
8.738525390624999334e-01,8.940429687500000000e-01,2.191772460937500000e-01
5.821533203125000000e-01,-9.360351562500000000e-01,2.191772460937500000e-01
5.821533203125000000e-01,8.940429687500000000e-01,3.966064453124999722e-02
8.738525390624999334e-01,-9.360351562500000000e-01,3.966064453124999722e-02
7.634033203124999112e-01,-9.809570312500000000e-01,6.348022460937500222e-01
3.301025390624999778e-01,-9.809570312500000000e-01,6.348022460937500222e-01
7.634033203124999112e-01,4.389648437500000000e-01,6.348022460937500222e-01
7.634033203124999112e-01,-9.809570312500000000e-01,2.177856445312499889e-01
3.301025390624999778e-01,4.389648437500000000e-01,2.177856445312499889e-01
2.213403320312500089e+00,1.904296875000000000e-02,1.598022460937499889e-01
1.780102539062500044e+00,1.904296875000000000e-02,1.598022460937499889e-01
2.213403320312500089e+00,-5.610351562500000000e-01,1.598022460937499889e-01
2.213403320312500089e+00,1.904296875000000000e-02,6.927856445312500222e-01
1.780102539062500044e+00,-5.610351562500000000e-01,6.927856445312500222e-01
2.938403320312500178e+00,-4.809570312500000000e-01,8.723022460937499556e-01
1.055102539062499956e+00,-4.809570312500000000e-01,8.723022460937499556e-01
2.938403320312500178e+00,-6.103515625000000000e-02,8.723022460937499556e-01
2.938403320312500178e+00,-4.809570312500000000e-01,9.302856445312499556e-01
1.055102539062499956e+00,-6.103515625000000000e-02,9.302856445312499556e-01
1.488403320312500000e+00,5.190429687500000000e-01,3.973022460937499778e-01
2.505102539062499911e+00,5.190429687500000000e-01,3.973022460937499778e-01
1.488403320312500000e+00,9.389648437500000000e-01,3.973022460937499778e-01
1.488403320312500000e+00,5.190429687500000000e-01,4.552856445312499778e-01
2.505102539062499911e+00,9.389648437500000000e-01,4.552856445312499778e-01
1.125903320312499956e+00,-2.309570312500000000e-01,4.105224609375000139e-02
2.867602539062500178e+00,-2.309570312500000000e-01,4.105224609375000139e-02
1.125903320312499956e+00,6.889648437500000000e-01,4.105224609375000139e-02
1.125903320312499956e+00,-2.309570312500000000e-01,9.903564453124999445e-02
2.867602539062500178e+00,6.889648437500000000e-01,9.903564453124999445e-02
2.575903320312499911e+00,7.690429687500000000e-01,5.160522460937500000e-01
1.417602539062500000e+00,7.690429687500000000e-01,5.160522460937500000e-01
2.575903320312499911e+00,-3.110351562500000000e-01,5.160522460937500000e-01
2.575903320312499911e+00,7.690429687500000000e-01,5.740356445312500000e-01
1.417602539062500000e+00,-3.110351562500000000e-01,5.740356445312500000e-01
1.850903320312500044e+00,-7.309570312500000000e-01,2.785522460937500111e-01
2.142602539062500089e+00,-7.309570312500000000e-01,2.785522460937500111e-01
1.850903320312500044e+00,-8.110351562500000000e-01,2.785522460937500111e-01
1.850903320312500044e+00,-7.309570312500000000e-01,8.115356445312499334e-01
2.142602539062500089e+00,-8.110351562500000000e-01,8.115356445312499334e-01
4.009033203124999778e-01,2.690429687500000000e-01,7.535522460937499334e-01
6.926025390624999112e-01,2.690429687500000000e-01,7.535522460937499334e-01
4.009033203124999778e-01,1.889648437500000000e-01,7.535522460937499334e-01
4.009033203124999778e-01,2.690429687500000000e-01,3.365356445312500111e-01
6.926025390624999112e-01,1.889648437500000000e-01,3.365356445312500111e-01
3.102783203125000222e-01,-6.684570312500000000e-01,1.301147460937499833e-01
2.414477539062500178e+00,-6.684570312500000000e-01,1.301147460937499833e-01
3.102783203125000222e-01,-2.485351562500000000e-01,1.301147460937499833e-01
3.102783203125000222e-01,-6.684570312500000000e-01,5.443481445312500222e-01
2.414477539062500178e+00,-2.485351562500000000e-01,5.443481445312500222e-01
1.760278320312500089e+00,3.315429687500000000e-01,6.051147460937499334e-01
9.644775390625000000e-01,3.315429687500000000e-01,6.051147460937499334e-01
1.760278320312500089e+00,7.514648437500000000e-01,6.051147460937499334e-01
1.760278320312500089e+00,3.315429687500000000e-01,6.934814453125000278e-02
9.644775390625000000e-01,7.514648437500000000e-01,6.934814453125000278e-02
2.485278320312500178e+00,-1.684570312500000000e-01,3.676147460937500000e-01
1.689477539062500089e+00,-1.684570312500000000e-01,3.676147460937500000e-01
2.485278320312500178e+00,2.514648437500000000e-01,3.676147460937500000e-01
2.485278320312500178e+00,-1.684570312500000000e-01,3.068481445312499778e-01
1.689477539062500089e+00,2.514648437500000000e-01,3.068481445312499778e-01
1.035278320312500000e+00,8.315429687500000000e-01,8.426147460937499778e-01
2.394775390624999944e-01,8.315429687500000000e-01,8.426147460937499778e-01
1.035278320312500000e+00,-7.485351562500000000e-01,8.426147460937499778e-01
1.035278320312500000e+00,8.315429687500000000e-01,7.818481445312499556e-01
2.394775390624999944e-01,-7.485351562500000000e-01,7.818481445312499556e-01
1.397778320312500044e+00,-4.184570312500000000e-01,4.863647460937499667e-01
6.019775390624999556e-01,-4.184570312500000000e-01,4.863647460937499667e-01
1.397778320312500044e+00,-9.985351562500000000e-01,4.863647460937499667e-01
1.397778320312500044e+00,-4.184570312500000000e-01,6.630981445312499334e-01
6.019775390624999556e-01,-9.985351562500000000e-01,6.630981445312499334e-01
2.847778320312500000e+00,5.815429687500000000e-01,1.136474609374999931e-02
2.051977539062499911e+00,5.815429687500000000e-01,1.136474609374999931e-02
2.847778320312500000e+00,1.464843750000000000e-03,1.136474609374999931e-02
2.847778320312500000e+00,5.815429687500000000e-01,1.880981445312499833e-01
2.051977539062499911e+00,1.464843750000000000e-03,1.880981445312499833e-01
2.122778320312499911e+00,-9.184570312500000000e-01,7.238647460937499556e-01
1.326977539062500044e+00,-9.184570312500000000e-01,7.238647460937499556e-01
2.122778320312499911e+00,5.014648437500000000e-01,7.238647460937499556e-01
2.122778320312499911e+00,-9.184570312500000000e-01,4.255981445312500000e-01
1.326977539062500044e+00,5.014648437500000000e-01,4.255981445312500000e-01
6.727783203124999556e-01,8.154296875000000000e-02,2.488647460937499778e-01
2.776977539062500000e+00,8.154296875000000000e-02,2.488647460937499778e-01
6.727783203124999556e-01,-4.985351562500000000e-01,2.488647460937499778e-01
6.727783203124999556e-01,8.154296875000000000e-02,9.005981445312499778e-01
2.776977539062500000e+00,-4.985351562500000000e-01,9.005981445312499778e-01
4.915283203125000444e-01,-4.345703125000000000e-02,7.832397460937499112e-01
2.233227539062499822e+00,-4.345703125000000000e-02,7.832397460937499112e-01
4.915283203125000444e-01,8.764648437500000000e-01,7.832397460937499112e-01
4.915283203125000444e-01,-4.345703125000000000e-02,7.224731445312500000e-01
2.233227539062499822e+00,8.764648437500000000e-01,7.224731445312500000e-01
1.941528320312500000e+00,9.565429687500000000e-01,3.082397460937499889e-01
7.832275390624999778e-01,9.565429687500000000e-01,3.082397460937499889e-01
1.941528320312500000e+00,-1.235351562500000000e-01,3.082397460937499889e-01
1.941528320312500000e+00,9.565429687500000000e-01,2.474731445312499944e-01
7.832275390624999778e-01,-1.235351562500000000e-01,2.474731445312499944e-01
2.666528320312500089e+00,-5.434570312500000000e-01,5.457397460937499778e-01
2.958227539062499911e+00,-5.434570312500000000e-01,5.457397460937499778e-01
2.666528320312500089e+00,-6.235351562500000000e-01,5.457397460937499778e-01
2.666528320312500089e+00,-5.434570312500000000e-01,9.973144531250000347e-03
2.958227539062499911e+00,-6.235351562500000000e-01,9.973144531250000347e-03
1.216528320312500133e+00,4.565429687500000000e-01,7.073974609375000000e-02
1.508227539062499956e+00,4.565429687500000000e-01,7.073974609375000000e-02
1.216528320312500133e+00,3.764648437500000000e-01,7.073974609375000000e-02
1.216528320312500133e+00,4.565429687500000000e-01,4.849731445312499556e-01
1.508227539062499956e+00,3.764648437500000000e-01,4.849731445312499556e-01
8.540283203124999778e-01,-7.934570312500000000e-01,4.269897460937499556e-01
1.145727539062500133e+00,-7.934570312500000000e-01,4.269897460937499556e-01
8.540283203124999778e-01,1.264648437500000000e-01,4.269897460937499556e-01
8.540283203124999778e-01,-7.934570312500000000e-01,8.412231445312499112e-01
1.145727539062500133e+00,1.264648437500000000e-01,8.412231445312499112e-01
2.304028320312499822e+00,2.065429687500000000e-01,9.019897460937499334e-01
2.595727539062500089e+00,2.065429687500000000e-01,9.019897460937499334e-01
2.304028320312499822e+00,-8.735351562500000000e-01,9.019897460937499334e-01
2.304028320312499822e+00,2.065429687500000000e-01,3.662231445312499889e-01
2.595727539062500089e+00,-8.735351562500000000e-01,3.662231445312499889e-01
1.579028320312499956e+00,-2.934570312500000000e-01,1.894897460937499944e-01
4.207275390625000444e-01,-2.934570312500000000e-01,1.894897460937499944e-01
1.579028320312499956e+00,-3.735351562500000000e-01,1.894897460937499944e-01
1.579028320312499956e+00,-2.934570312500000000e-01,1.287231445312500000e-01
4.207275390625000444e-01,-3.735351562500000000e-01,1.287231445312500000e-01
1.290283203125000000e-01,7.065429687500000000e-01,6.644897460937500000e-01
1.870727539062500000e+00,7.065429687500000000e-01,6.644897460937500000e-01
1.290283203125000000e-01,6.264648437500000000e-01,6.644897460937500000e-01
1.290283203125000000e-01,7.065429687500000000e-01,6.037231445312499778e-01
1.870727539062500000e+00,6.264648437500000000e-01,6.037231445312499778e-01
1.403564453124999944e-01,-7.075195312500000000e-01,4.381225585937499889e-01
2.734619140624999778e-01,-7.075195312500000000e-01,4.381225585937499889e-01
1.403564453124999944e-01,-3.969726562500000000e-01,4.381225585937499889e-01
1.403564453124999944e-01,-7.075195312500000000e-01,3.328247070312500000e-01
2.734619140624999778e-01,-3.969726562500000000e-01,3.328247070312500000e-01
1.590356445312500089e+00,2.924804687500000000e-01,9.131225585937499112e-01
1.723461914062500044e+00,2.924804687500000000e-01,9.131225585937499112e-01
1.590356445312500089e+00,6.030273437500000000e-01,9.131225585937499112e-01
1.590356445312500089e+00,2.924804687500000000e-01,8.078247070312499778e-01
1.723461914062500044e+00,6.030273437500000000e-01,8.078247070312499778e-01
2.315356445312500178e+00,-2.075195312500000000e-01,2.006225585937500000e-01
9.984619140624999556e-01,-2.075195312500000000e-01,2.006225585937500000e-01
2.315356445312500178e+00,1.030273437500000000e-01,2.006225585937500000e-01
2.315356445312500178e+00,-2.075195312500000000e-01,5.703247070312499334e-01
9.984619140624999556e-01,1.030273437500000000e-01,5.703247070312499334e-01
8.653564453125000000e-01,7.924804687500000000e-01,6.756225585937499778e-01
2.448461914062499911e+00,7.924804687500000000e-01,6.756225585937499778e-01
8.653564453125000000e-01,-8.969726562500000000e-01,6.756225585937499778e-01
8.653564453125000000e-01,7.924804687500000000e-01,9.532470703124999722e-02
2.448461914062499911e+00,-8.969726562500000000e-01,9.532470703124999722e-02
1.227856445312500044e+00,-4.575195312500000000e-01,7.943725585937500000e-01
2.810961914062500178e+00,-4.575195312500000000e-01,7.943725585937500000e-01
1.227856445312500044e+00,-6.469726562500000000e-01,7.943725585937500000e-01
1.227856445312500044e+00,-4.575195312500000000e-01,4.515747070312499667e-01
2.810961914062500178e+00,-6.469726562500000000e-01,4.515747070312499667e-01
2.677856445312500000e+00,5.424804687500000000e-01,3.193725585937499667e-01
1.360961914062500000e+00,5.424804687500000000e-01,3.193725585937499667e-01
2.677856445312500000e+00,3.530273437500000000e-01,3.193725585937499667e-01
2.677856445312500000e+00,5.424804687500000000e-01,9.265747070312500000e-01
1.360961914062500000e+00,3.530273437500000000e-01,9.265747070312500000e-01
1.952856445312500133e+00,-9.575195312500000000e-01,5.568725585937499556e-01
2.085961914062500089e+00,-9.575195312500000000e-01,5.568725585937499556e-01
1.952856445312500133e+00,8.530273437500000000e-01,5.568725585937499556e-01
1.952856445312500133e+00,-9.575195312500000000e-01,6.890747070312499556e-01
2.085961914062500089e+00,8.530273437500000000e-01,6.890747070312499556e-01
5.028564453124999556e-01,4.248046875000000000e-02,8.187255859374999167e-02
6.359619140624999112e-01,4.248046875000000000e-02,8.187255859374999167e-02
5.028564453124999556e-01,-1.469726562500000000e-01,8.187255859374999167e-02
5.028564453124999556e-01,4.248046875000000000e-02,2.140747070312499778e-01
6.359619140624999112e-01,-1.469726562500000000e-01,2.140747070312499778e-01
6.841064453124999778e-01,-8.251953125000000000e-02,4.974975585937500000e-01
1.542211914062500133e+00,-8.251953125000000000e-02,4.974975585937500000e-01
6.841064453124999778e-01,7.280273437500000000e-01,4.974975585937500000e-01
6.841064453124999778e-01,-8.251953125000000000e-02,3.594970703125000000e-02
1.542211914062500133e+00,7.280273437500000000e-01,3.594970703125000000e-02
2.134106445312499822e+00,9.174804687500000000e-01,2.249755859374999792e-02
2.992211914062500089e+00,9.174804687500000000e-01,2.249755859374999792e-02
2.134106445312499822e+00,-2.719726562500000000e-01,2.249755859374999792e-02
2.134106445312499822e+00,9.174804687500000000e-01,5.109497070312499778e-01
2.992211914062500089e+00,-2.719726562500000000e-01,5.109497070312499778e-01
2.859106445312499911e+00,-5.825195312500000000e-01,7.349975585937499334e-01
8.172119140624999334e-01,-5.825195312500000000e-01,7.349975585937499334e-01
2.859106445312499911e+00,-7.719726562500000000e-01,7.349975585937499334e-01
2.859106445312499911e+00,-5.825195312500000000e-01,7.484497070312499112e-01
8.172119140624999334e-01,-7.719726562500000000e-01,7.484497070312499112e-01
1.409106445312499956e+00,4.174804687500000000e-01,2.599975585937500111e-01
2.267211914062500000e+00,4.174804687500000000e-01,2.599975585937500111e-01
1.409106445312499956e+00,2.280273437500000000e-01,2.599975585937500111e-01
1.409106445312499956e+00,4.174804687500000000e-01,2.734497070312499889e-01
2.267211914062500000e+00,2.280273437500000000e-01,2.734497070312499889e-01
1.046606445312499911e+00,-8.325195312500000000e-01,1.412475585937499889e-01
1.904711914062499956e+00,-8.325195312500000000e-01,1.412475585937499889e-01
1.046606445312499911e+00,4.780273437500000000e-01,1.412475585937499889e-01
1.046606445312499911e+00,-8.325195312500000000e-01,1.546997070312499944e-01
1.904711914062499956e+00,4.780273437500000000e-01,1.546997070312499944e-01
2.496606445312500089e+00,1.674804687500000000e-01,6.162475585937500222e-01
4.547119140625000000e-01,1.674804687500000000e-01,6.162475585937500222e-01
2.496606445312500089e+00,-5.219726562500000000e-01,6.162475585937500222e-01
2.496606445312500089e+00,1.674804687500000000e-01,6.296997070312500000e-01
4.547119140625000000e-01,-5.219726562500000000e-01,6.296997070312500000e-01
1.771606445312500000e+00,-3.325195312500000000e-01,3.787475585937499778e-01
2.629711914062499822e+00,-3.325195312500000000e-01,3.787475585937499778e-01
1.771606445312500000e+00,-2.197265625000000000e-02,3.787475585937499778e-01
1.771606445312500000e+00,-3.325195312500000000e-01,8.671997070312499334e-01
2.629711914062499822e+00,-2.197265625000000000e-02,8.671997070312499334e-01
3.216064453124999889e-01,6.674804687500000000e-01,8.537475585937499556e-01
1.179711914062500089e+00,6.674804687500000000e-01,8.537475585937499556e-01
3.216064453124999889e-01,9.780273437500000000e-01,8.537475585937499556e-01
3.216064453124999889e-01,6.674804687500000000e-01,3.921997070312499556e-01
1.179711914062500089e+00,9.780273437500000000e-01,3.921997070312499556e-01
4.122314453125000000e-01,-2.700195312500000000e-01,5.218505859375000000e-02
1.995336914062500133e+00,-2.700195312500000000e-01,5.218505859375000000e-02
4.122314453125000000e-01,-9.594726562500000000e-01,5.218505859375000000e-02
4.122314453125000000e-01,-2.700195312500000000e-01,6.000122070312500222e-01
1.995336914062500133e+00,-9.594726562500000000e-01,6.000122070312500222e-01
1.862231445312499956e+00,7.299804687500000000e-01,5.271850585937499778e-01
5.453369140624999556e-01,7.299804687500000000e-01,5.271850585937499778e-01
1.862231445312499956e+00,4.052734375000000000e-02,5.271850585937499778e-01
1.862231445312499956e+00,7.299804687500000000e-01,1.250122070312499889e-01
5.453369140624999556e-01,4.052734375000000000e-02,1.250122070312499889e-01
2.587231445312499822e+00,-7.700195312500000000e-01,2.896850585937499889e-01
2.720336914062500000e+00,-7.700195312500000000e-01,2.896850585937499889e-01
2.587231445312499822e+00,5.405273437500000000e-01,2.896850585937499889e-01
2.587231445312499822e+00,-7.700195312500000000e-01,3.625122070312499778e-01
2.720336914062500000e+00,5.405273437500000000e-01,3.625122070312499778e-01
1.137231445312500089e+00,2.299804687500000000e-01,7.646850585937499112e-01
1.270336914062500044e+00,2.299804687500000000e-01,7.646850585937499112e-01
1.137231445312500089e+00,-4.594726562500000000e-01,7.646850585937499112e-01
1.137231445312500089e+00,2.299804687500000000e-01,8.375122070312499556e-01
1.270336914062500044e+00,-4.594726562500000000e-01,8.375122070312499556e-01
1.499731445312500133e+00,-5.200195312500000000e-01,6.459350585937500000e-01
9.078369140625000000e-01,-5.200195312500000000e-01,6.459350585937500000e-01
1.499731445312500133e+00,-2.094726562500000000e-01,6.459350585937500000e-01
1.499731445312500133e+00,-5.200195312500000000e-01,4.812622070312500000e-01
9.078369140625000000e-01,-2.094726562500000000e-01,4.812622070312500000e-01
2.949731445312500089e+00,4.799804687500000000e-01,1.709350585937499944e-01
2.357836914062500178e+00,4.799804687500000000e-01,1.709350585937499944e-01
2.949731445312500089e+00,7.905273437500000000e-01,1.709350585937499944e-01
2.949731445312500089e+00,4.799804687500000000e-01,6.262207031249999653e-03
2.357836914062500178e+00,7.905273437500000000e-01,6.262207031249999653e-03
2.224731445312500000e+00,-2.001953125000000000e-02,8.834350585937499334e-01
1.828369140625000222e-01,-2.001953125000000000e-02,8.834350585937499334e-01
2.224731445312500000e+00,2.905273437500000000e-01,8.834350585937499334e-01
2.224731445312500000e+00,-2.001953125000000000e-02,2.437622070312499833e-01
1.828369140625000222e-01,2.905273437500000000e-01,2.437622070312499833e-01
7.747314453124999334e-01,9.799804687500000000e-01,4.084350585937499556e-01
1.632836914062500089e+00,9.799804687500000000e-01,4.084350585937499556e-01
7.747314453124999334e-01,-7.094726562500000000e-01,4.084350585937499556e-01
7.747314453124999334e-01,9.799804687500000000e-01,7.187622070312499334e-01
1.632836914062500089e+00,-7.094726562500000000e-01,7.187622070312499334e-01
5.934814453125000222e-01,-8.950195312500000000e-01,9.428100585937500000e-01
2.539086914062500089e+00,-8.950195312500000000e-01,9.428100585937500000e-01
5.934814453125000222e-01,1.655273437500000000e-01,9.428100585937500000e-01
5.934814453125000222e-01,-8.950195312500000000e-01,8.968872070312499112e-01
2.539086914062500089e+00,1.655273437500000000e-01,8.968872070312499112e-01
2.043481445312500089e+00,1.049804687500000000e-01,4.678100585937499667e-01
1.089086914062499911e+00,1.049804687500000000e-01,4.678100585937499667e-01
2.043481445312500089e+00,-8.344726562500000000e-01,4.678100585937499667e-01
2.043481445312500089e+00,1.049804687500000000e-01,4.218872070312499889e-01
1.089086914062499911e+00,-8.344726562500000000e-01,4.218872070312499889e-01
2.768481445312500178e+00,-3.950195312500000000e-01,7.053100585937499556e-01
1.814086914062500000e+00,-3.950195312500000000e-01,7.053100585937499556e-01
2.768481445312500178e+00,-3.344726562500000000e-01,7.053100585937499556e-01
2.768481445312500178e+00,-3.950195312500000000e-01,1.843872070312500000e-01
1.814086914062500000e+00,-3.344726562500000000e-01,1.843872070312500000e-01
1.318481445312500000e+00,6.049804687500000000e-01,2.303100585937499778e-01
3.640869140625000444e-01,6.049804687500000000e-01,2.303100585937499778e-01
1.318481445312500000e+00,6.655273437500000000e-01,2.303100585937499778e-01
1.318481445312500000e+00,6.049804687500000000e-01,6.593872070312499778e-01
3.640869140625000444e-01,6.655273437500000000e-01,6.593872070312499778e-01
9.559814453124999556e-01,-1.450195312500000000e-01,3.490600585937500000e-01
7.265869140624999778e-01,-1.450195312500000000e-01,3.490600585937500000e-01
9.559814453124999556e-01,9.155273437500000000e-01,3.490600585937500000e-01
9.559814453124999556e-01,-1.450195312500000000e-01,7.781372070312500000e-01
7.265869140624999778e-01,9.155273437500000000e-01,7.781372070312500000e-01
2.405981445312499911e+00,8.549804687500000000e-01,8.240600585937499778e-01
2.176586914062499822e+00,8.549804687500000000e-01,8.240600585937499778e-01
2.405981445312499911e+00,-8.447265625000000000e-02,8.240600585937499778e-01
2.405981445312499911e+00,8.549804687500000000e-01,3.031372070312499667e-01
2.176586914062499822e+00,-8.447265625000000000e-02,3.031372070312499667e-01
1.680981445312500044e+00,-6.450195312500000000e-01,1.115600585937499972e-01
1.451586914062499956e+00,-6.450195312500000000e-01,1.115600585937499972e-01
1.680981445312500044e+00,-5.844726562500000000e-01,1.115600585937499972e-01
1.680981445312500044e+00,-6.450195312500000000e-01,6.563720703124999167e-02
1.451586914062499956e+00,-5.844726562500000000e-01,6.563720703124999167e-02
2.309814453125000056e-01,3.549804687500000000e-01,5.865600585937499334e-01
2.901586914062499911e+00,3.549804687500000000e-01,5.865600585937499334e-01
2.309814453125000056e-01,4.155273437500000000e-01,5.865600585937499334e-01
2.309814453125000056e-01,3.549804687500000000e-01,5.406372070312499556e-01
2.901586914062499911e+00,4.155273437500000000e-01,5.406372070312499556e-01
2.762939453125000111e-01,-2.387695312500000000e-01,7.201538085937500000e-01
1.587524414062500000e+00,-2.387695312500000000e-01,7.201538085937500000e-01
2.762939453125000111e-01,-1.782226562500000000e-01,7.201538085937500000e-01
2.762939453125000111e-01,-2.387695312500000000e-01,6.742309570312500222e-01
1.587524414062500000e+00,-1.782226562500000000e-01,6.742309570312500222e-01
1.726293945312500133e+00,7.612304687500000000e-01,2.451538085937499944e-01
1.375244140624999889e-01,7.612304687500000000e-01,2.451538085937499944e-01
1.726293945312500133e+00,8.217773437500000000e-01,2.451538085937499944e-01
1.726293945312500133e+00,7.612304687500000000e-01,1.992309570312499889e-01
1.375244140624999889e-01,8.217773437500000000e-01,1.992309570312499889e-01
2.451293945312500000e+00,-7.387695312500000000e-01,4.826538085937499556e-01
2.312524414062500089e+00,-7.387695312500000000e-01,4.826538085937499556e-01
2.451293945312500000e+00,3.217773437500000000e-01,4.826538085937499556e-01
2.451293945312500000e+00,-7.387695312500000000e-01,4.367309570312499778e-01
2.312524414062500089e+00,3.217773437500000000e-01,4.367309570312499778e-01
1.001293945312500044e+00,2.612304687500000000e-01,7.653808593749999480e-03
8.625244140624999112e-01,2.612304687500000000e-01,7.653808593749999480e-03
1.001293945312500044e+00,-6.782226562500000000e-01,7.653808593749999480e-03
1.001293945312500044e+00,2.612304687500000000e-01,9.117309570312499556e-01
8.625244140624999112e-01,-6.782226562500000000e-01,9.117309570312499556e-01
1.363793945312500089e+00,-9.887695312500000000e-01,3.639038085937499889e-01
1.225024414062499956e+00,-9.887695312500000000e-01,3.639038085937499889e-01
1.363793945312500089e+00,-9.282226562500000000e-01,3.639038085937499889e-01
1.363793945312500089e+00,-9.887695312500000000e-01,5.554809570312500000e-01
1.225024414062499956e+00,-9.282226562500000000e-01,5.554809570312500000e-01
2.813793945312499822e+00,1.123046875000000000e-02,8.389038085937499112e-01
2.675024414062499911e+00,1.123046875000000000e-02,8.389038085937499112e-01
2.813793945312499822e+00,7.177734375000000000e-02,8.389038085937499112e-01
2.813793945312499822e+00,1.123046875000000000e-02,8.048095703124999445e-02
2.675024414062499911e+00,7.177734375000000000e-02,8.048095703124999445e-02
2.088793945312499734e+00,-4.887695312500000000e-01,1.264038085937500000e-01
5.000244140624999778e-01,-4.887695312500000000e-01,1.264038085937500000e-01
2.088793945312499734e+00,5.717773437500000000e-01,1.264038085937500000e-01
2.088793945312499734e+00,-4.887695312500000000e-01,3.179809570312500111e-01
5.000244140624999778e-01,5.717773437500000000e-01,3.179809570312500111e-01
6.387939453125000000e-01,5.112304687500000000e-01,6.014038085937499778e-01
1.950024414062500044e+00,5.112304687500000000e-01,6.014038085937499778e-01
6.387939453125000000e-01,-4.282226562500000000e-01,6.014038085937499778e-01
6.387939453125000000e-01,5.112304687500000000e-01,7.929809570312499334e-01
1.950024414062500044e+00,-4.282226562500000000e-01,7.929809570312499334e-01
8.200439453124999112e-01,-6.137695312500000000e-01,1.857788085937499833e-01
2.856274414062499822e+00,-6.137695312500000000e-01,1.857788085937499833e-01
8.200439453124999112e-01,9.467773437500000000e-01,1.857788085937499833e-01
8.200439453124999112e-01,-6.137695312500000000e-01,8.523559570312500000e-01
2.856274414062499822e+00,9.467773437500000000e-01,8.523559570312500000e-01
2.270043945312500089e+00,3.862304687500000000e-01,6.607788085937499334e-01
1.406274414062500089e+00,3.862304687500000000e-01,6.607788085937499334e-01
2.270043945312500089e+00,-5.322265625000000000e-02,6.607788085937499334e-01
2.270043945312500089e+00,3.862304687500000000e-01,3.773559570312499667e-01
1.406274414062500089e+00,-5.322265625000000000e-02,3.773559570312499667e-01
2.995043945312500178e+00,-1.137695312500000000e-01,4.232788085937500000e-01
2.131274414062500178e+00,-1.137695312500000000e-01,4.232788085937500000e-01
2.995043945312500178e+00,-5.532226562500000000e-01,4.232788085937500000e-01
2.995043945312500178e+00,-1.137695312500000000e-01,1.398559570312500056e-01
2.131274414062500178e+00,-5.532226562500000000e-01,1.398559570312500056e-01
1.545043945312500000e+00,8.862304687500000000e-01,8.982788085937499778e-01
6.812744140625000000e-01,8.862304687500000000e-01,8.982788085937499778e-01
1.545043945312500000e+00,4.467773437500000000e-01,8.982788085937499778e-01
1.545043945312500000e+00,8.862304687500000000e-01,6.148559570312499556e-01
6.812744140625000000e-01,4.467773437500000000e-01,6.148559570312499556e-01
1.182543945312499956e+00,-3.637695312500000000e-01,5.420288085937500222e-01
3.187744140625000111e-01,-3.637695312500000000e-01,5.420288085937500222e-01
1.182543945312499956e+00,1.967773437500000000e-01,5.420288085937500222e-01
1.182543945312499956e+00,-3.637695312500000000e-01,7.336059570312499778e-01
3.187744140625000111e-01,1.967773437500000000e-01,7.336059570312499778e-01
2.632543945312499911e+00,6.362304687500000000e-01,6.702880859375000278e-02
1.768774414062500133e+00,6.362304687500000000e-01,6.702880859375000278e-02
2.632543945312499911e+00,-8.032226562500000000e-01,6.702880859375000278e-02
2.632543945312499911e+00,6.362304687500000000e-01,2.586059570312500000e-01
1.768774414062500133e+00,-8.032226562500000000e-01,2.586059570312500000e-01
1.907543945312500044e+00,-8.637695312500000000e-01,7.795288085937499556e-01
1.043774414062500044e+00,-8.637695312500000000e-01,7.795288085937499556e-01
1.907543945312500044e+00,-3.032226562500000000e-01,7.795288085937499556e-01
1.907543945312500044e+00,-8.637695312500000000e-01,2.110595703125000069e-02
1.043774414062500044e+00,-3.032226562500000000e-01,2.110595703125000069e-02
4.575439453124999778e-01,1.362304687500000000e-01,3.045288085937499778e-01
2.493774414062500000e+00,1.362304687500000000e-01,3.045288085937499778e-01
4.575439453124999778e-01,6.967773437500000000e-01,3.045288085937499778e-01
4.575439453124999778e-01,1.362304687500000000e-01,4.961059570312499889e-01
2.493774414062500000e+00,6.967773437500000000e-01,4.961059570312499889e-01
3.669189453125000222e-01,-8.012695312500000000e-01,6.904663085937500222e-01
5.906494140625000444e-01,-8.012695312500000000e-01,6.904663085937500222e-01
3.669189453125000222e-01,-7.407226562500000000e-01,6.904663085937500222e-01
3.669189453125000222e-01,-8.012695312500000000e-01,2.882934570312499778e-01
5.906494140625000444e-01,-7.407226562500000000e-01,2.882934570312499778e-01
1.816918945312500089e+00,1.987304687500000000e-01,2.154663085937499889e-01
2.040649414062500000e+00,1.987304687500000000e-01,2.154663085937499889e-01
1.816918945312500089e+00,2.592773437500000000e-01,2.154663085937499889e-01
1.816918945312500089e+00,1.987304687500000000e-01,7.632934570312499556e-01
2.040649414062500000e+00,2.592773437500000000e-01,7.632934570312499556e-01
2.541918945312500178e+00,-3.012695312500000000e-01,9.279663085937499556e-01
1.315649414062500133e+00,-3.012695312500000000e-01,9.279663085937499556e-01
2.541918945312500178e+00,7.592773437500000000e-01,9.279663085937499556e-01
2.541918945312500178e+00,-3.012695312500000000e-01,5.257934570312500222e-01
1.315649414062500133e+00,7.592773437500000000e-01,5.257934570312500222e-01
1.091918945312500000e+00,6.987304687500000000e-01,4.529663085937499778e-01
2.765649414062500089e+00,6.987304687500000000e-01,4.529663085937499778e-01
1.091918945312500000e+00,-2.407226562500000000e-01,4.529663085937499778e-01
1.091918945312500000e+00,6.987304687500000000e-01,5.079345703124999584e-02
2.765649414062500089e+00,-2.407226562500000000e-01,5.079345703124999584e-02
1.454418945312500044e+00,-5.126953125000000000e-02,9.671630859374999445e-02
2.403149414062499822e+00,-5.126953125000000000e-02,9.671630859374999445e-02
1.454418945312500044e+00,-4.907226562500000000e-01,9.671630859374999445e-02
1.454418945312500044e+00,-5.126953125000000000e-02,4.070434570312500000e-01
2.403149414062499822e+00,-4.907226562500000000e-01,4.070434570312500000e-01
2.904418945312500000e+00,9.487304687500000000e-01,5.717163085937500000e-01
9.531494140624999778e-01,9.487304687500000000e-01,5.717163085937500000e-01
2.904418945312500000e+00,5.092773437500000000e-01,5.717163085937500000e-01
2.904418945312500000e+00,9.487304687500000000e-01,8.820434570312499778e-01
9.531494140624999778e-01,5.092773437500000000e-01,8.820434570312499778e-01
2.179418945312499911e+00,-5.512695312500000000e-01,3.342163085937500111e-01
1.678149414062499956e+00,-5.512695312500000000e-01,3.342163085937500111e-01
2.179418945312499911e+00,9.277343750000000000e-03,3.342163085937500111e-01
2.179418945312499911e+00,-5.512695312500000000e-01,6.445434570312499334e-01
1.678149414062499956e+00,9.277343750000000000e-03,6.445434570312499334e-01
7.294189453124999556e-01,4.487304687500000000e-01,8.092163085937499334e-01
2.281494140625000000e-01,4.487304687500000000e-01,8.092163085937499334e-01
7.294189453124999556e-01,-9.907226562500000000e-01,8.092163085937499334e-01
7.294189453124999556e-01,4.487304687500000000e-01,1.695434570312499833e-01
2.281494140625000000e-01,-9.907226562500000000e-01,1.695434570312499833e-01
5.481689453125000444e-01,-4.262695312500000000e-01,2.748413085937500000e-01
1.134399414062500000e+00,-4.262695312500000000e-01,2.748413085937500000e-01
5.481689453125000444e-01,3.842773437500000000e-01,2.748413085937500000e-01
5.481689453125000444e-01,-4.262695312500000000e-01,1.101684570312500000e-01
1.134399414062500000e+00,3.842773437500000000e-01,1.101684570312500000e-01
1.998168945312500000e+00,5.737304687500000000e-01,7.498413085937499778e-01
2.584399414062500178e+00,5.737304687500000000e-01,7.498413085937499778e-01
1.998168945312500000e+00,-6.157226562500000000e-01,7.498413085937499778e-01
1.998168945312500000e+00,5.737304687500000000e-01,5.851684570312499778e-01
2.584399414062500178e+00,-6.157226562500000000e-01,5.851684570312499778e-01
2.723168945312500089e+00,-9.262695312500000000e-01,3.734130859374999722e-02
4.093994140625000222e-01,-9.262695312500000000e-01,3.734130859374999722e-02
2.723168945312500089e+00,-1.157226562500000000e-01,3.734130859374999722e-02
2.723168945312500089e+00,-9.262695312500000000e-01,8.226684570312499112e-01
4.093994140625000222e-01,-1.157226562500000000e-01,8.226684570312499112e-01
1.273168945312500133e+00,7.373046875000000000e-02,5.123413085937499334e-01
1.859399414062500089e+00,7.373046875000000000e-02,5.123413085937499334e-01
1.273168945312500133e+00,8.842773437500000000e-01,5.123413085937499334e-01
1.273168945312500133e+00,7.373046875000000000e-02,3.476684570312499889e-01
1.859399414062500089e+00,8.842773437500000000e-01,3.476684570312499889e-01
9.106689453124999778e-01,-6.762695312500000000e-01,8.685913085937500000e-01
2.221899414062499911e+00,-6.762695312500000000e-01,8.685913085937500000e-01
9.106689453124999778e-01,6.342773437500000000e-01,8.685913085937500000e-01
9.106689453124999778e-01,-6.762695312500000000e-01,2.289184570312499944e-01
2.221899414062499911e+00,6.342773437500000000e-01,2.289184570312499944e-01
2.360668945312499822e+00,3.237304687500000000e-01,3.935913085937499667e-01
7.718994140624999556e-01,3.237304687500000000e-01,3.935913085937499667e-01
2.360668945312499822e+00,-3.657226562500000000e-01,3.935913085937499667e-01
2.360668945312499822e+00,3.237304687500000000e-01,7.039184570312500000e-01
7.718994140624999556e-01,-3.657226562500000000e-01,7.039184570312500000e-01
1.635668945312499956e+00,-1.762695312500000000e-01,6.310913085937499556e-01
2.946899414062500000e+00,-1.762695312500000000e-01,6.310913085937499556e-01
1.635668945312499956e+00,-8.657226562500000000e-01,6.310913085937499556e-01
1.635668945312499956e+00,-1.762695312500000000e-01,9.414184570312499334e-01
2.946899414062500000e+00,-8.657226562500000000e-01,9.414184570312499334e-01
1.856689453125000000e-01,8.237304687500000000e-01,1.560913085937500056e-01
1.496899414062500044e+00,8.237304687500000000e-01,1.560913085937500056e-01
1.856689453125000000e-01,1.342773437500000000e-01,1.560913085937500056e-01
1.856689453125000000e-01,8.237304687500000000e-01,4.664184570312499556e-01
1.496899414062500044e+00,1.342773437500000000e-01,4.664184570312499556e-01
1.630126953125000111e-01,-4.731445312500000000e-01,6.088256835937500000e-01
2.561743164062499911e+00,-4.731445312500000000e-01,6.088256835937500000e-01
1.630126953125000111e-01,8.374023437500000000e-01,6.088256835937500000e-01
1.630126953125000111e-01,-4.731445312500000000e-01,1.621215820312499889e-01
2.561743164062499911e+00,8.374023437500000000e-01,1.621215820312499889e-01
1.613012695312500133e+00,5.268554687500000000e-01,1.338256835937499944e-01
1.111743164062499956e+00,5.268554687500000000e-01,1.338256835937499944e-01
1.613012695312500133e+00,-1.625976562500000000e-01,1.338256835937499944e-01
1.613012695312500133e+00,5.268554687500000000e-01,6.371215820312500222e-01
1.111743164062499956e+00,-1.625976562500000000e-01,6.371215820312500222e-01
2.338012695312500000e+00,-9.731445312500000000e-01,8.463256835937499334e-01
1.836743164062500044e+00,-9.731445312500000000e-01,8.463256835937499334e-01
2.338012695312500000e+00,-6.625976562500000000e-01,8.463256835937499334e-01
2.338012695312500000e+00,-9.731445312500000000e-01,8.746215820312499556e-01
1.836743164062500044e+00,-6.625976562500000000e-01,8.746215820312499556e-01
8.880126953124999334e-01,2.685546875000000000e-02,3.713256835937499556e-01
3.867431640624999778e-01,2.685546875000000000e-02,3.713256835937499556e-01
8.880126953124999334e-01,3.374023437500000000e-01,3.713256835937499556e-01
8.880126953124999334e-01,2.685546875000000000e-02,3.996215820312499778e-01
3.867431640624999778e-01,3.374023437500000000e-01,3.996215820312499778e-01
1.250512695312500089e+00,-7.231445312500000000e-01,1.507568359375000000e-02
7.492431640624999112e-01,-7.231445312500000000e-01,1.507568359375000000e-02
1.250512695312500089e+00,8.740234375000000000e-02,1.507568359375000000e-02
1.250512695312500089e+00,-7.231445312500000000e-01,4.337158203125000139e-02
7.492431640624999112e-01,8.740234375000000000e-02,4.337158203125000139e-02
2.700512695312499822e+00,2.768554687500000000e-01,4.900756835937499778e-01
2.199243164062500089e+00,2.768554687500000000e-01,4.900756835937499778e-01
2.700512695312499822e+00,-9.125976562500000000e-01,4.900756835937499778e-01
2.700512695312499822e+00,2.768554687500000000e-01,5.183715820312500000e-01
2.199243164062500089e+00,-9.125976562500000000e-01,5.183715820312500000e-01
1.975512695312499956e+00,-2.231445312500000000e-01,2.525756835937499889e-01
1.474243164062500000e+00,-2.231445312500000000e-01,2.525756835937499889e-01
1.975512695312499956e+00,-4.125976562500000000e-01,2.525756835937499889e-01
1.975512695312499956e+00,-2.231445312500000000e-01,7.558715820312499334e-01
1.474243164062500000e+00,-4.125976562500000000e-01,7.558715820312499334e-01
5.255126953125000000e-01,7.768554687500000000e-01,7.275756835937499112e-01
2.924243164062500178e+00,7.768554687500000000e-01,7.275756835937499112e-01
5.255126953125000000e-01,5.874023437500000000e-01,7.275756835937499112e-01
5.255126953125000000e-01,7.768554687500000000e-01,2.808715820312500111e-01
2.924243164062500178e+00,5.874023437500000000e-01,2.808715820312500111e-01
7.067626953124999112e-01,-8.481445312500000000e-01,3.119506835937500000e-01
2.017993164062499734e+00,-8.481445312500000000e-01,3.119506835937500000e-01
7.067626953124999112e-01,-3.759765625000000000e-02,3.119506835937500000e-01
7.067626953124999112e-01,-8.481445312500000000e-01,4.589965820312499889e-01
2.017993164062499734e+00,-3.759765625000000000e-02,4.589965820312499889e-01
2.156762695312500089e+00,1.518554687500000000e-01,7.869506835937499778e-01
5.679931640625000000e-01,1.518554687500000000e-01,7.869506835937499778e-01
2.156762695312500089e+00,9.624023437500000000e-01,7.869506835937499778e-01
2.156762695312500089e+00,1.518554687500000000e-01,9.339965820312499112e-01
5.679931640625000000e-01,9.624023437500000000e-01,9.339965820312499112e-01
2.881762695312500178e+00,-3.481445312500000000e-01,7.445068359374999722e-02
2.742993164062499822e+00,-3.481445312500000000e-01,7.445068359374999722e-02
2.881762695312500178e+00,4.624023437500000000e-01,7.445068359374999722e-02
2.881762695312500178e+00,-3.481445312500000000e-01,6.964965820312499778e-01
2.742993164062499822e+00,4.624023437500000000e-01,6.964965820312499778e-01
1.431762695312500000e+00,6.518554687500000000e-01,5.494506835937499334e-01
1.292993164062500089e+00,6.518554687500000000e-01,5.494506835937499334e-01
1.431762695312500000e+00,-5.375976562500000000e-01,5.494506835937499334e-01
1.431762695312500000e+00,6.518554687500000000e-01,2.214965820312500000e-01
1.292993164062500089e+00,-5.375976562500000000e-01,2.214965820312500000e-01
1.069262695312499956e+00,-9.814453125000000000e-02,9.057006835937500000e-01
9.304931640624999334e-01,-9.814453125000000000e-02,9.057006835937500000e-01
1.069262695312499956e+00,-7.875976562500000000e-01,9.057006835937500000e-01
1.069262695312499956e+00,-9.814453125000000000e-02,3.402465820312499667e-01
9.304931640624999334e-01,-7.875976562500000000e-01,3.402465820312499667e-01
2.519262695312499911e+00,9.018554687500000000e-01,4.307006835937499667e-01
2.380493164062500000e+00,9.018554687500000000e-01,4.307006835937499667e-01
2.519262695312499911e+00,2.124023437500000000e-01,4.307006835937499667e-01
2.519262695312499911e+00,9.018554687500000000e-01,8.152465820312500000e-01
2.380493164062500000e+00,2.124023437500000000e-01,8.152465820312500000e-01
1.794262695312500044e+00,-5.981445312500000000e-01,6.682006835937499556e-01
2.054931640625000111e-01,-5.981445312500000000e-01,6.682006835937499556e-01
1.794262695312500044e+00,7.124023437500000000e-01,6.682006835937499556e-01
1.794262695312500044e+00,-5.981445312500000000e-01,5.777465820312499556e-01
2.054931640625000111e-01,7.124023437500000000e-01,5.777465820312499556e-01
3.442626953124999778e-01,4.018554687500000000e-01,1.932006835937499778e-01
1.655493164062500133e+00,4.018554687500000000e-01,1.932006835937499778e-01
3.442626953124999778e-01,-2.875976562500000000e-01,1.932006835937499778e-01
3.442626953124999778e-01,4.018554687500000000e-01,1.027465820312499917e-01
1.655493164062500133e+00,-2.875976562500000000e-01,1.027465820312499917e-01
4.348876953125000444e-01,-5.356445312500000000e-01,8.166381835937499556e-01
1.383618164062500044e+00,-5.356445312500000000e-01,8.166381835937499556e-01
4.348876953125000444e-01,2.749023437500000000e-01,8.166381835937499556e-01
4.348876953125000444e-01,-5.356445312500000000e-01,7.855590820312499112e-01
1.383618164062500044e+00,2.749023437500000000e-01,7.855590820312499112e-01
1.884887695312500000e+00,4.643554687500000000e-01,3.416381835937499778e-01
2.833618164062500000e+00,4.643554687500000000e-01,3.416381835937499778e-01
1.884887695312500000e+00,-7.250976562500000000e-01,3.416381835937499778e-01
1.884887695312500000e+00,4.643554687500000000e-01,3.105590820312499889e-01
2.833618164062500000e+00,-7.250976562500000000e-01,3.105590820312499889e-01
2.609887695312500089e+00,-3.564453125000000000e-02,5.791381835937500222e-01
6.586181640624999556e-01,-3.564453125000000000e-02,5.791381835937500222e-01
2.609887695312500089e+00,-2.250976562500000000e-01,5.791381835937500222e-01
2.609887695312500089e+00,-3.564453125000000000e-02,7.305908203125000000e-02
6.586181640624999556e-01,-2.250976562500000000e-01,7.305908203125000000e-02
1.159887695312500133e+00,9.643554687500000000e-01,1.041381835937499889e-01
2.108618164062499911e+00,9.643554687500000000e-01,1.041381835937499889e-01
1.159887695312500133e+00,7.749023437500000000e-01,1.041381835937499889e-01
1.159887695312500133e+00,9.643554687500000000e-01,5.480590820312499778e-01
2.108618164062499911e+00,7.749023437500000000e-01,5.480590820312499778e-01
1.522387695312499956e+00,-2.856445312500000000e-01,4.603881835937500000e-01
1.746118164062500089e+00,-2.856445312500000000e-01,4.603881835937500000e-01
1.522387695312499956e+00,5.249023437500000000e-01,4.603881835937500000e-01
1.522387695312499956e+00,-2.856445312500000000e-01,9.043090820312499334e-01
1.746118164062500089e+00,5.249023437500000000e-01,9.043090820312499334e-01
2.972387695312499911e+00,7.143554687500000000e-01,9.353881835937499778e-01
2.961181640625000222e-01,7.143554687500000000e-01,9.353881835937499778e-01
2.972387695312499911e+00,-4.750976562500000000e-01,9.353881835937499778e-01
2.972387695312499911e+00,7.143554687500000000e-01,4.293090820312499556e-01
2.961181640625000222e-01,-4.750976562500000000e-01,4.293090820312499556e-01
2.247387695312499822e+00,-7.856445312500000000e-01,2.228881835937499833e-01
2.471118164062500178e+00,-7.856445312500000000e-01,2.228881835937499833e-01
2.247387695312499822e+00,-9.750976562500000000e-01,2.228881835937499833e-01
2.247387695312499822e+00,-7.856445312500000000e-01,1.918090820312499944e-01
2.471118164062500178e+00,-9.750976562500000000e-01,1.918090820312499944e-01
7.973876953124999778e-01,2.143554687500000000e-01,6.978881835937499334e-01
1.021118164062500000e+00,2.143554687500000000e-01,6.978881835937499334e-01
7.973876953124999778e-01,2.490234375000000000e-02,6.978881835937499334e-01
7.973876953124999778e-01,2.143554687500000000e-01,6.668090820312500000e-01
1.021118164062500000e+00,2.490234375000000000e-02,6.668090820312500000e-01
6.161376953124999556e-01,-1.606445312500000000e-01,1.635131835937500000e-01
1.148681640625000000e-01,-1.606445312500000000e-01,1.635131835937500000e-01
6.161376953124999556e-01,-6.000976562500000000e-01,1.635131835937500000e-01
6.161376953124999556e-01,-1.606445312500000000e-01,4.886840820312499667e-01
1.148681640625000000e-01,-6.000976562500000000e-01,4.886840820312499667e-01
2.066137695312499911e+00,8.393554687500000000e-01,6.385131835937499778e-01
1.564868164062499956e+00,8.393554687500000000e-01,6.385131835937499778e-01
2.066137695312499911e+00,3.999023437500000000e-01,6.385131835937499778e-01
2.066137695312499911e+00,8.393554687500000000e-01,1.368408203124999931e-02
1.564868164062499956e+00,3.999023437500000000e-01,1.368408203124999931e-02
2.791137695312500000e+00,-6.606445312500000000e-01,4.010131835937499889e-01
8.398681640624999778e-01,-6.606445312500000000e-01,4.010131835937499889e-01
2.791137695312500000e+00,8.999023437500000000e-01,4.010131835937499889e-01
2.791137695312500000e+00,-6.606445312500000000e-01,2.511840820312499778e-01
8.398681640624999778e-01,8.999023437500000000e-01,2.511840820312499778e-01
1.341137695312500044e+00,3.393554687500000000e-01,8.760131835937499112e-01
2.289868164062499822e+00,3.393554687500000000e-01,8.760131835937499112e-01
1.341137695312500044e+00,-1.000976562500000000e-01,8.760131835937499112e-01
1.341137695312500044e+00,3.393554687500000000e-01,7.261840820312499556e-01
2.289868164062499822e+00,-1.000976562500000000e-01,7.261840820312499556e-01
9.786376953125000000e-01,-9.106445312500000000e-01,5.197631835937499556e-01
2.652368164062500089e+00,-9.106445312500000000e-01,5.197631835937499556e-01
9.786376953125000000e-01,-3.500976562500000000e-01,5.197631835937499556e-01
9.786376953125000000e-01,-9.106445312500000000e-01,6.074340820312499334e-01
2.652368164062500089e+00,-3.500976562500000000e-01,6.074340820312499334e-01
2.428637695312500178e+00,8.935546875000000000e-02,4.476318359374999861e-02
1.202368164062500133e+00,8.935546875000000000e-02,4.476318359374999861e-02
2.428637695312500178e+00,6.499023437500000000e-01,4.476318359374999861e-02
2.428637695312500178e+00,8.935546875000000000e-02,1.324340820312499833e-01
1.202368164062500133e+00,6.499023437500000000e-01,1.324340820312499833e-01
1.703637695312500089e+00,-4.106445312500000000e-01,7.572631835937500000e-01
1.927368164062500000e+00,-4.106445312500000000e-01,7.572631835937500000e-01
1.703637695312500089e+00,1.499023437500000000e-01,7.572631835937500000e-01
1.703637695312500089e+00,-4.106445312500000000e-01,3.699340820312500000e-01
1.927368164062500000e+00,1.499023437500000000e-01,3.699340820312500000e-01
2.536376953125000222e-01,5.893554687500000000e-01,2.822631835937499667e-01
4.773681640625000444e-01,5.893554687500000000e-01,2.822631835937499667e-01
2.536376953125000222e-01,-8.500976562500000000e-01,2.822631835937499667e-01
2.536376953125000222e-01,5.893554687500000000e-01,8.449340820312499778e-01
4.773681640625000444e-01,-8.500976562500000000e-01,8.449340820312499778e-01
2.083251953124999889e-01,-9.418945312500000000e-01,5.960693359374999445e-02
1.066430664062500089e+00,-9.418945312500000000e-01,5.960693359374999445e-02
2.083251953124999889e-01,6.186523437500000000e-01,5.960693359374999445e-02
2.083251953124999889e-01,-9.418945312500000000e-01,7.410278320312500000e-01
1.066430664062500089e+00,6.186523437500000000e-01,7.410278320312500000e-01
1.658325195312500000e+00,5.810546875000000000e-02,5.346069335937500000e-01
2.516430664062499822e+00,5.810546875000000000e-02,5.346069335937500000e-01
1.658325195312500000e+00,-3.813476562500000000e-01,5.346069335937500000e-01
1.658325195312500000e+00,5.810546875000000000e-02,2.660278320312499667e-01
2.516430664062499822e+00,-3.813476562500000000e-01,2.660278320312499667e-01
2.383325195312500089e+00,-4.418945312500000000e-01,2.971069335937500111e-01
3.414306640625000000e-01,-4.418945312500000000e-01,2.971069335937500111e-01
2.383325195312500089e+00,-8.813476562500000000e-01,2.971069335937500111e-01
2.383325195312500089e+00,-4.418945312500000000e-01,2.852783203124999861e-02
3.414306640625000000e-01,-8.813476562500000000e-01,2.852783203124999861e-02
9.333251953124999112e-01,5.581054687500000000e-01,7.721069335937499334e-01
1.791430664062499956e+00,5.581054687500000000e-01,7.721069335937499334e-01
9.333251953124999112e-01,1.186523437500000000e-01,7.721069335937499334e-01
9.333251953124999112e-01,5.581054687500000000e-01,5.035278320312499556e-01
1.791430664062499956e+00,1.186523437500000000e-01,5.035278320312499556e-01
1.295825195312499956e+00,-1.918945312500000000e-01,6.533569335937500222e-01
2.153930664062500000e+00,-1.918945312500000000e-01,6.533569335937500222e-01
1.295825195312499956e+00,3.686523437500000000e-01,6.533569335937500222e-01
1.295825195312499956e+00,-1.918945312500000000e-01,8.597778320312499112e-01
2.153930664062500000e+00,3.686523437500000000e-01,8.597778320312499112e-01
2.745825195312499911e+00,8.081054687500000000e-01,1.783569335937499889e-01
7.039306640624999334e-01,8.081054687500000000e-01,1.783569335937499889e-01
2.745825195312499911e+00,-6.313476562500000000e-01,1.783569335937499889e-01
2.745825195312499911e+00,8.081054687500000000e-01,3.847778320312499889e-01
7.039306640624999334e-01,-6.313476562500000000e-01,3.847778320312499889e-01
2.020825195312499822e+00,-6.918945312500000000e-01,8.908569335937499556e-01
2.878930664062500089e+00,-6.918945312500000000e-01,8.908569335937499556e-01
2.020825195312499822e+00,-1.313476562500000000e-01,8.908569335937499556e-01
2.020825195312499822e+00,-6.918945312500000000e-01,1.472778320312500000e-01
2.878930664062500089e+00,-1.313476562500000000e-01,1.472778320312500000e-01
5.708251953124999778e-01,3.081054687500000000e-01,4.158569335937499778e-01
1.428930664062500133e+00,3.081054687500000000e-01,4.158569335937499778e-01
5.708251953124999778e-01,8.686523437500000000e-01,4.158569335937499778e-01
5.708251953124999778e-01,3.081054687500000000e-01,6.222778320312499778e-01
1.428930664062500133e+00,8.686523437500000000e-01,6.222778320312499778e-01
7.520751953125000000e-01,-3.168945312500000000e-01,8.314819335937500000e-01
5.226806640625000222e-01,-3.168945312500000000e-01,8.314819335937500000e-01
7.520751953125000000e-01,-2.563476562500000000e-01,8.314819335937500000e-01
7.520751953125000000e-01,-3.168945312500000000e-01,5.629028320312500222e-01
5.226806640625000222e-01,-2.563476562500000000e-01,5.629028320312500222e-01
2.202075195312500178e+00,6.831054687500000000e-01,3.564819335937499667e-01
1.972680664062500089e+00,6.831054687500000000e-01,3.564819335937499667e-01
2.202075195312500178e+00,7.436523437500000000e-01,3.564819335937499667e-01
2.202075195312500178e+00,6.831054687500000000e-01,8.790283203125000278e-02
1.972680664062500089e+00,7.436523437500000000e-01,8.790283203125000278e-02
2.927075195312499822e+00,-8.168945312500000000e-01,5.939819335937499556e-01
1.247680664062500000e+00,-8.168945312500000000e-01,5.939819335937499556e-01
2.927075195312499822e+00,2.436523437500000000e-01,5.939819335937499556e-01
2.927075195312499822e+00,-8.168945312500000000e-01,3.254028320312499778e-01
1.247680664062500000e+00,2.436523437500000000e-01,3.254028320312499778e-01
1.477075195312500089e+00,1.831054687500000000e-01,1.189819335937499917e-01
2.697680664062500178e+00,1.831054687500000000e-01,1.189819335937499917e-01
1.477075195312500089e+00,-7.563476562500000000e-01,1.189819335937499917e-01
1.477075195312500089e+00,1.831054687500000000e-01,8.004028320312499556e-01
2.697680664062500178e+00,-7.563476562500000000e-01,8.004028320312499556e-01
1.114575195312500044e+00,-5.668945312500000000e-01,2.377319335937500000e-01
2.335180664062499911e+00,-5.668945312500000000e-01,2.377319335937500000e-01
1.114575195312500044e+00,-5.063476562500000000e-01,2.377319335937500000e-01
1.114575195312500044e+00,-5.668945312500000000e-01,6.816528320312499334e-01
2.335180664062499911e+00,-5.063476562500000000e-01,6.816528320312499334e-01
2.564575195312500000e+00,4.331054687500000000e-01,7.127319335937499778e-01
8.851806640624999556e-01,4.331054687500000000e-01,7.127319335937499778e-01
2.564575195312500000e+00,4.936523437500000000e-01,7.127319335937499778e-01
2.564575195312500000e+00,4.331054687500000000e-01,2.066528320312499833e-01
8.851806640624999556e-01,4.936523437500000000e-01,2.066528320312499833e-01
1.839575195312500133e+00,-6.689453125000000000e-02,2.319335937499999892e-04
1.610180664062500044e+00,-6.689453125000000000e-02,2.319335937499999892e-04
1.839575195312500133e+00,9.936523437500000000e-01,2.319335937499999892e-04
1.839575195312500133e+00,-6.689453125000000000e-02,4.441528320312500000e-01
1.610180664062500044e+00,9.936523437500000000e-01,4.441528320312500000e-01
3.895751953124999556e-01,9.331054687500000000e-01,4.752319335937499889e-01
1.601806640625000056e-01,9.331054687500000000e-01,4.752319335937499889e-01
3.895751953124999556e-01,-6.347656250000000000e-03,4.752319335937499889e-01
3.895751953124999556e-01,9.331054687500000000e-01,9.191528320312499778e-01
1.601806640625000056e-01,-6.347656250000000000e-03,9.191528320312499778e-01
2.989501953125000000e-01,-4.394531250000000000e-03,3.861694335937500000e-01
2.969555664062499822e+00,-4.394531250000000000e-03,3.861694335937500000e-01
2.989501953125000000e-01,5.615234375000000000e-02,3.861694335937500000e-01
2.989501953125000000e-01,-4.394531250000000000e-03,2.363403320312499889e-01
2.969555664062499822e+00,5.615234375000000000e-02,2.363403320312499889e-01
1.748950195312499956e+00,9.956054687500000000e-01,8.611694335937499778e-01
1.519555664062500089e+00,9.956054687500000000e-01,8.611694335937499778e-01
1.748950195312499956e+00,-9.438476562500000000e-01,8.611694335937499778e-01
1.748950195312499956e+00,9.956054687500000000e-01,7.113403320312500222e-01
1.519555664062500089e+00,-9.438476562500000000e-01,7.113403320312500222e-01
2.473950195312499822e+00,-5.043945312500000000e-01,1.486694335937499833e-01
2.244555664062500178e+00,-5.043945312500000000e-01,1.486694335937499833e-01
2.473950195312499822e+00,-4.438476562500000000e-01,1.486694335937499833e-01
2.473950195312499822e+00,-5.043945312500000000e-01,9.488403320312499556e-01
2.244555664062500178e+00,-4.438476562500000000e-01,9.488403320312499556e-01
1.023950195312500089e+00,4.956054687500000000e-01,6.236694335937499334e-01
7.945556640625000000e-01,4.956054687500000000e-01,6.236694335937499334e-01
1.023950195312500089e+00,5.561523437500000000e-01,6.236694335937499334e-01
1.023950195312500089e+00,4.956054687500000000e-01,4.738403320312499778e-01
7.945556640625000000e-01,5.561523437500000000e-01,4.738403320312499778e-01
1.386450195312500133e+00,-7.543945312500000000e-01,7.424194335937499556e-01
4.320556640624999556e-01,-7.543945312500000000e-01,7.424194335937499556e-01
1.386450195312500133e+00,8.061523437500000000e-01,7.424194335937499556e-01
1.386450195312500133e+00,-7.543945312500000000e-01,1.175903320312499944e-01
4.320556640624999556e-01,8.061523437500000000e-01,1.175903320312499944e-01
2.836450195312500089e+00,2.456054687500000000e-01,2.674194335937499778e-01
1.882055664062500133e+00,2.456054687500000000e-01,2.674194335937499778e-01
2.836450195312500089e+00,-1.938476562500000000e-01,2.674194335937499778e-01
2.836450195312500089e+00,2.456054687500000000e-01,5.925903320312500000e-01
1.882055664062500133e+00,-1.938476562500000000e-01,5.925903320312500000e-01
2.111450195312500000e+00,-2.543945312500000000e-01,5.049194335937500222e-01
1.157055664062500044e+00,-2.543945312500000000e-01,5.049194335937500222e-01
2.111450195312500000e+00,-6.938476562500000000e-01,5.049194335937500222e-01
2.111450195312500000e+00,-2.543945312500000000e-01,8.300903320312499334e-01
1.157055664062500044e+00,-6.938476562500000000e-01,8.300903320312499334e-01
6.614501953124999334e-01,7.456054687500000000e-01,2.991943359374999931e-02
2.607055664062500000e+00,7.456054687500000000e-01,2.991943359374999931e-02
6.614501953124999334e-01,3.061523437500000000e-01,2.991943359374999931e-02
6.614501953124999334e-01,7.456054687500000000e-01,3.550903320312500111e-01
2.607055664062500000e+00,3.061523437500000000e-01,3.550903320312500111e-01
4.802001953125000222e-01,-6.293945312500000000e-01,5.642944335937499778e-01
1.700805664062500000e+00,-6.293945312500000000e-01,5.642944335937499778e-01
4.802001953125000222e-01,-8.188476562500000000e-01,5.642944335937499778e-01
4.802001953125000222e-01,-6.293945312500000000e-01,4.144653320312499667e-01
1.700805664062500000e+00,-8.188476562500000000e-01,4.144653320312499667e-01
1.930200195312500089e+00,3.706054687500000000e-01,8.929443359375000000e-02
2.508056640624999889e-01,3.706054687500000000e-01,8.929443359375000000e-02
1.930200195312500089e+00,1.811523437500000000e-01,8.929443359375000000e-02
1.930200195312500089e+00,3.706054687500000000e-01,8.894653320312500000e-01
2.508056640624999889e-01,1.811523437500000000e-01,8.894653320312500000e-01
2.655200195312500178e+00,-1.293945312500000000e-01,8.017944335937499112e-01
2.425805664062500089e+00,-1.293945312500000000e-01,8.017944335937499112e-01
2.655200195312500178e+00,6.811523437500000000e-01,8.017944335937499112e-01
2.655200195312500178e+00,-1.293945312500000000e-01,6.519653320312499556e-01
2.425805664062500089e+00,6.811523437500000000e-01,6.519653320312499556e-01
1.205200195312500000e+00,8.706054687500000000e-01,3.267944335937499889e-01
9.758056640624999112e-01,8.706054687500000000e-01,3.267944335937499889e-01
1.205200195312500000e+00,-3.188476562500000000e-01,3.267944335937499889e-01
1.205200195312500000e+00,8.706054687500000000e-01,1.769653320312500056e-01
9.758056640624999112e-01,-3.188476562500000000e-01,1.769653320312500056e-01
8.427001953124999556e-01,-3.793945312500000000e-01,2.080444335937499944e-01
1.338305664062499956e+00,-3.793945312500000000e-01,2.080444335937499944e-01
8.427001953124999556e-01,-6.884765625000000000e-02,2.080444335937499944e-01
8.427001953124999556e-01,-3.793945312500000000e-01,2.957153320312500000e-01
1.338305664062499956e+00,-6.884765625000000000e-02,2.957153320312500000e-01
2.292700195312499911e+00,6.206054687500000000e-01,6.830444335937500000e-01
2.788305664062499911e+00,6.206054687500000000e-01,6.830444335937500000e-01
2.292700195312499911e+00,9.311523437500000000e-01,6.830444335937500000e-01
2.292700195312499911e+00,6.206054687500000000e-01,7.707153320312499778e-01
2.788305664062499911e+00,9.311523437500000000e-01,7.707153320312499778e-01
1.567700195312500044e+00,-8.793945312500000000e-01,4.455444335937499556e-01
6.133056640624999778e-01,-8.793945312500000000e-01,4.455444335937499556e-01
1.567700195312500044e+00,4.311523437500000000e-01,4.455444335937499556e-01
1.567700195312500044e+00,-8.793945312500000000e-01,5.332153320312499334e-01
6.133056640624999778e-01,4.311523437500000000e-01,5.332153320312499334e-01
1.177001953125000056e-01,1.206054687500000000e-01,9.205444335937499334e-01
2.063305664062499822e+00,1.206054687500000000e-01,9.205444335937499334e-01
1.177001953125000056e-01,-5.688476562500000000e-01,9.205444335937499334e-01
1.177001953125000056e-01,1.206054687500000000e-01,5.821533203124999722e-02
2.063305664062499822e+00,-5.688476562500000000e-01,5.821533203124999722e-02
1.120361328125000083e-01,-8.754882812500000000e-01,5.364624023437499778e-01
1.434594726562500089e+00,-8.754882812500000000e-01,5.364624023437499778e-01
1.120361328125000083e-01,-1.430664062500000000e-01,5.364624023437499778e-01
1.120361328125000083e-01,-8.754882812500000000e-01,8.876098632812499112e-01
1.434594726562500089e+00,-1.430664062500000000e-01,8.876098632812499112e-01
1.562036132812500089e+00,1.245117187500000000e-01,6.146240234375000000e-02
2.884594726562499822e+00,1.245117187500000000e-01,6.146240234375000000e-02
1.562036132812500089e+00,8.569335937500000000e-01,6.146240234375000000e-02
1.562036132812500089e+00,1.245117187500000000e-01,4.126098632812499889e-01
2.884594726562499822e+00,8.569335937500000000e-01,4.126098632812499889e-01
2.287036132812500178e+00,-3.754882812500000000e-01,7.739624023437499112e-01
7.095947265625000000e-01,-3.754882812500000000e-01,7.739624023437499112e-01
2.287036132812500178e+00,3.569335937500000000e-01,7.739624023437499112e-01
2.287036132812500178e+00,-3.754882812500000000e-01,1.751098632812500000e-01
7.095947265625000000e-01,3.569335937500000000e-01,1.751098632812500000e-01
8.370361328125000000e-01,6.245117187500000000e-01,2.989624023437499889e-01
2.159594726562500178e+00,6.245117187500000000e-01,2.989624023437499889e-01
8.370361328125000000e-01,-6.430664062500000000e-01,2.989624023437499889e-01
8.370361328125000000e-01,6.245117187500000000e-01,6.501098632812499778e-01
2.159594726562500178e+00,-6.430664062500000000e-01,6.501098632812499778e-01
1.199536132812500044e+00,-1.254882812500000000e-01,1.802124023437499944e-01
1.797094726562500133e+00,-1.254882812500000000e-01,1.802124023437499944e-01
1.199536132812500044e+00,-8.930664062500000000e-01,1.802124023437499944e-01
1.199536132812500044e+00,-1.254882812500000000e-01,7.688598632812500000e-01
1.797094726562500133e+00,-8.930664062500000000e-01,7.688598632812500000e-01
2.649536132812500000e+00,8.745117187500000000e-01,6.552124023437500000e-01
3.470947265625000111e-01,8.745117187500000000e-01,6.552124023437500000e-01
2.649536132812500000e+00,1.069335937500000000e-01,6.552124023437500000e-01
2.649536132812500000e+00,8.745117187500000000e-01,2.938598632812499667e-01
3.470947265625000111e-01,1.069335937500000000e-01,2.938598632812499667e-01
1.924536132812500133e+00,-6.254882812500000000e-01,4.177124023437499556e-01
2.522094726562500000e+00,-6.254882812500000000e-01,4.177124023437499556e-01
1.924536132812500133e+00,6.069335937500000000e-01,4.177124023437499556e-01
1.924536132812500133e+00,-6.254882812500000000e-01,5.635986328124999861e-02
2.522094726562500000e+00,6.069335937500000000e-01,5.635986328124999861e-02
4.745361328124999556e-01,3.745117187500000000e-01,8.927124023437499334e-01
1.072094726562500044e+00,3.745117187500000000e-01,8.927124023437499334e-01
4.745361328124999556e-01,-3.930664062500000000e-01,8.927124023437499334e-01
4.745361328124999556e-01,3.745117187500000000e-01,5.313598632812499556e-01
1.072094726562500044e+00,-3.930664062500000000e-01,5.313598632812499556e-01
6.557861328124999778e-01,-2.504882812500000000e-01,3.583374023437500000e-01
1.658447265624999889e-01,-2.504882812500000000e-01,3.583374023437500000e-01
6.557861328124999778e-01,9.819335937500000000e-01,3.583374023437500000e-01
6.557861328124999778e-01,-2.504882812500000000e-01,7.094848632812499334e-01
1.658447265624999889e-01,9.819335937500000000e-01,7.094848632812499334e-01
2.105786132812499822e+00,7.495117187500000000e-01,8.333374023437499778e-01
1.615844726562500000e+00,7.495117187500000000e-01,8.333374023437499778e-01
2.105786132812499822e+00,-1.806640625000000000e-02,8.333374023437499778e-01
2.105786132812499822e+00,7.495117187500000000e-01,2.344848632812499833e-01
1.615844726562500000e+00,-1.806640625000000000e-02,2.344848632812499833e-01
2.830786132812499911e+00,-7.504882812500000000e-01,1.208374023437499972e-01
8.908447265624999112e-01,-7.504882812500000000e-01,1.208374023437499972e-01
2.830786132812499911e+00,-5.180664062500000000e-01,1.208374023437499972e-01
2.830786132812499911e+00,-7.504882812500000000e-01,4.719848632812500000e-01
8.908447265624999112e-01,-5.180664062500000000e-01,4.719848632812500000e-01
1.380786132812499956e+00,2.495117187500000000e-01,5.958374023437499334e-01
2.340844726562500089e+00,2.495117187500000000e-01,5.958374023437499334e-01
1.380786132812499956e+00,4.819335937500000000e-01,5.958374023437499334e-01
1.380786132812499956e+00,2.495117187500000000e-01,9.469848632812499778e-01
2.340844726562500089e+00,4.819335937500000000e-01,9.469848632812499778e-01
1.018286132812499911e+00,-5.004882812500000000e-01,7.145874023437499556e-01
2.703344726562499911e+00,-5.004882812500000000e-01,7.145874023437499556e-01
1.018286132812499911e+00,2.319335937500000000e-01,7.145874023437499556e-01
1.018286132812499911e+00,-5.004882812500000000e-01,5.907348632812500222e-01
2.703344726562499911e+00,2.319335937500000000e-01,5.907348632812500222e-01
2.468286132812500089e+00,4.995117187500000000e-01,2.395874023437499778e-01
1.253344726562499956e+00,4.995117187500000000e-01,2.395874023437499778e-01
2.468286132812500089e+00,-7.680664062500000000e-01,2.395874023437499778e-01
2.468286132812500089e+00,4.995117187500000000e-01,1.157348632812499889e-01
1.253344726562499956e+00,-7.680664062500000000e-01,1.157348632812499889e-01
1.743286132812500000e+00,-4.882812500000000000e-04,4.770874023437499667e-01
1.978344726562500044e+00,-4.882812500000000000e-04,4.770874023437499667e-01
1.743286132812500000e+00,-2.680664062500000000e-01,4.770874023437499667e-01
1.743286132812500000e+00,-4.882812500000000000e-04,3.532348632812499778e-01
1.978344726562500044e+00,-2.680664062500000000e-01,3.532348632812499778e-01
2.932861328124999889e-01,9.995117187500000000e-01,2.087402343749999740e-03
5.283447265624999778e-01,9.995117187500000000e-01,2.087402343749999740e-03
2.932861328124999889e-01,7.319335937500000000e-01,2.087402343749999740e-03
2.932861328124999889e-01,9.995117187500000000e-01,8.282348632812499556e-01
5.283447265624999778e-01,7.319335937500000000e-01,8.282348632812499556e-01
3.839111328125000000e-01,-6.298828125000000000e-02,8.630249023437499556e-01
2.612719726562500178e+00,-6.298828125000000000e-02,8.630249023437499556e-01
3.839111328125000000e-01,-7.055664062500000000e-01,8.630249023437499556e-01
3.839111328125000000e-01,-6.298828125000000000e-02,8.604736328124999722e-02
2.612719726562500178e+00,-7.055664062500000000e-01,8.604736328124999722e-02
1.833911132812499956e+00,9.370117187500000000e-01,3.880249023437499778e-01
1.162719726562500000e+00,9.370117187500000000e-01,3.880249023437499778e-01
1.833911132812499956e+00,2.944335937500000000e-01,3.880249023437499778e-01
1.833911132812499956e+00,9.370117187500000000e-01,5.610473632812499334e-01
1.162719726562500000e+00,2.944335937500000000e-01,5.610473632812499334e-01
2.558911132812499822e+00,-5.629882812500000000e-01,6.255249023437500222e-01
1.887719726562500089e+00,-5.629882812500000000e-01,6.255249023437500222e-01
2.558911132812499822e+00,7.944335937500000000e-01,6.255249023437500222e-01
2.558911132812499822e+00,-5.629882812500000000e-01,7.985473632812499778e-01
1.887719726562500089e+00,7.944335937500000000e-01,7.985473632812499778e-01
1.108911132812500089e+00,4.370117187500000000e-01,1.505249023437499889e-01
4.377197265625000222e-01,4.370117187500000000e-01,1.505249023437499889e-01
1.108911132812500089e+00,-2.055664062500000000e-01,1.505249023437499889e-01
1.108911132812500089e+00,4.370117187500000000e-01,3.235473632812500000e-01
4.377197265625000222e-01,-2.055664062500000000e-01,3.235473632812500000e-01
1.471411132812500133e+00,-8.129882812500000000e-01,2.692749023437500111e-01
8.002197265624999556e-01,-8.129882812500000000e-01,2.692749023437500111e-01
1.471411132812500133e+00,-4.555664062500000000e-01,2.692749023437500111e-01
1.471411132812500133e+00,-8.129882812500000000e-01,2.047973632812499778e-01
8.002197265624999556e-01,-4.555664062500000000e-01,2.047973632812499778e-01
2.921411132812500089e+00,1.870117187500000000e-01,7.442749023437499334e-01
2.250219726562499911e+00,1.870117187500000000e-01,7.442749023437499334e-01
2.921411132812500089e+00,5.444335937500000000e-01,7.442749023437499334e-01
2.921411132812500089e+00,1.870117187500000000e-01,6.797973632812499556e-01
2.250219726562499911e+00,5.444335937500000000e-01,6.797973632812499556e-01
2.196411132812500000e+00,-3.129882812500000000e-01,3.177490234375000139e-02
1.525219726562500044e+00,-3.129882812500000000e-01,3.177490234375000139e-02
2.196411132812500000e+00,4.443359375000000000e-02,3.177490234375000139e-02
2.196411132812500000e+00,-3.129882812500000000e-01,9.172973632812500000e-01
1.525219726562500044e+00,4.443359375000000000e-02,9.172973632812500000e-01
7.464111328124999334e-01,6.870117187500000000e-01,5.067749023437500000e-01
2.975219726562500000e+00,6.870117187500000000e-01,5.067749023437500000e-01
7.464111328124999334e-01,-9.555664062500000000e-01,5.067749023437500000e-01
7.464111328124999334e-01,6.870117187500000000e-01,4.422973632812499667e-01
2.975219726562500000e+00,-9.555664062500000000e-01,4.422973632812499667e-01
5.651611328125000222e-01,-6.879882812500000000e-01,9.114990234374999167e-02
2.068969726562500000e+00,-6.879882812500000000e-01,9.114990234374999167e-02
5.651611328125000222e-01,4.194335937500000000e-01,9.114990234374999167e-02
5.651611328125000222e-01,-6.879882812500000000e-01,2.641723632812499889e-01
2.068969726562500000e+00,4.194335937500000000e-01,2.641723632812499889e-01
2.015161132812500089e+00,3.120117187500000000e-01,5.661499023437499556e-01
6.189697265624999334e-01,3.120117187500000000e-01,5.661499023437499556e-01
2.015161132812500089e+00,-5.805664062500000000e-01,5.661499023437499556e-01
2.015161132812500089e+00,3.120117187500000000e-01,7.391723632812499112e-01
6.189697265624999334e-01,-5.805664062500000000e-01,7.391723632812499112e-01
2.740161132812500178e+00,-1.879882812500000000e-01,3.286499023437499667e-01
2.793969726562500089e+00,-1.879882812500000000e-01,3.286499023437499667e-01
2.740161132812500178e+00,-8.056640625000000000e-02,3.286499023437499667e-01
2.740161132812500178e+00,-1.879882812500000000e-01,5.016723632812499778e-01
2.793969726562500089e+00,-8.056640625000000000e-02,5.016723632812499778e-01
1.290161132812500000e+00,8.120117187500000000e-01,8.036499023437500000e-01
1.343969726562500133e+00,8.120117187500000000e-01,8.036499023437500000e-01
1.290161132812500000e+00,9.194335937500000000e-01,8.036499023437500000e-01
1.290161132812500000e+00,8.120117187500000000e-01,2.667236328125000000e-02
1.343969726562500133e+00,9.194335937500000000e-01,2.667236328125000000e-02
9.276611328124999556e-01,-4.379882812500000000e-01,6.848999023437499778e-01
9.814697265624999778e-01,-4.379882812500000000e-01,6.848999023437499778e-01
9.276611328124999556e-01,6.694335937500000000e-01,6.848999023437499778e-01
9.276611328124999556e-01,-4.379882812500000000e-01,3.829223632812499556e-01
9.814697265624999778e-01,6.694335937500000000e-01,3.829223632812499556e-01
2.377661132812499911e+00,5.620117187500000000e-01,2.098999023437500000e-01
2.431469726562499822e+00,5.620117187500000000e-01,2.098999023437500000e-01
2.377661132812499911e+00,-3.305664062500000000e-01,2.098999023437500000e-01
2.377661132812499911e+00,5.620117187500000000e-01,8.579223632812499334e-01
2.431469726562499822e+00,-3.305664062500000000e-01,8.579223632812499334e-01
1.652661132812500044e+00,-9.379882812500000000e-01,9.223999023437499112e-01
2.564697265625000000e-01,-9.379882812500000000e-01,9.223999023437499112e-01
1.652661132812500044e+00,-8.305664062500000000e-01,9.223999023437499112e-01
1.652661132812500044e+00,-9.379882812500000000e-01,6.204223632812500000e-01
2.564697265625000000e-01,-8.305664062500000000e-01,6.204223632812500000e-01
2.026611328125000056e-01,6.201171875000000000e-02,4.473999023437499889e-01
1.706469726562499956e+00,6.201171875000000000e-02,4.473999023437499889e-01
2.026611328125000056e-01,1.694335937500000000e-01,4.473999023437499889e-01
2.026611328125000056e-01,6.201171875000000000e-02,1.454223632812499944e-01
1.706469726562499956e+00,1.694335937500000000e-01,1.454223632812499944e-01
2.479736328125000111e-01,-4.067382812500000000e-01,1.356811523437500000e-01
2.929907226562499911e+00,-4.067382812500000000e-01,1.356811523437500000e-01
2.479736328125000111e-01,-4.243164062500000000e-01,1.356811523437500000e-01
2.479736328125000111e-01,-4.067382812500000000e-01,1.182861328124999896e-02
2.929907226562499911e+00,-4.243164062500000000e-01,1.182861328124999896e-02
1.697973632812500133e+00,5.932617187500000000e-01,6.106811523437499778e-01
1.479907226562499956e+00,5.932617187500000000e-01,6.106811523437499778e-01
1.697973632812500133e+00,5.756835937500000000e-01,6.106811523437499778e-01
1.697973632812500133e+00,5.932617187500000000e-01,4.868286132812499889e-01
1.479907226562499956e+00,5.756835937500000000e-01,4.868286132812499889e-01
2.422973632812500000e+00,-9.067382812500000000e-01,3.731811523437499889e-01
2.204907226562499822e+00,-9.067382812500000000e-01,3.731811523437499889e-01
2.422973632812500000e+00,7.568359375000000000e-02,3.731811523437499889e-01
2.422973632812500000e+00,-9.067382812500000000e-01,7.243286132812499778e-01
2.204907226562499822e+00,7.568359375000000000e-02,7.243286132812499778e-01
9.729736328124999334e-01,9.326171875000000000e-02,8.481811523437499112e-01
7.549072265624999778e-01,9.326171875000000000e-02,8.481811523437499112e-01
9.729736328124999334e-01,-9.243164062500000000e-01,8.481811523437499112e-01
9.729736328124999334e-01,9.326171875000000000e-02,2.493286132812500000e-01
7.549072265624999778e-01,-9.243164062500000000e-01,2.493286132812500000e-01
1.335473632812500089e+00,-6.567382812500000000e-01,4.919311523437499556e-01
3.924072265625000444e-01,-6.567382812500000000e-01,4.919311523437499556e-01
1.335473632812500089e+00,-6.743164062500000000e-01,4.919311523437499556e-01
1.335473632812500089e+00,-6.567382812500000000e-01,1.305786132812500056e-01
3.924072265625000444e-01,-6.743164062500000000e-01,1.305786132812500056e-01
2.785473632812499822e+00,3.432617187500000000e-01,1.693115234374999861e-02
1.842407226562500000e+00,3.432617187500000000e-01,1.693115234374999861e-02
2.785473632812499822e+00,3.256835937500000000e-01,1.693115234374999861e-02
2.785473632812499822e+00,3.432617187500000000e-01,6.055786132812499556e-01
1.842407226562500000e+00,3.256835937500000000e-01,6.055786132812499556e-01
2.060473632812499734e+00,-1.567382812500000000e-01,7.294311523437500000e-01
1.117407226562500133e+00,-1.567382812500000000e-01,7.294311523437500000e-01
2.060473632812499734e+00,8.256835937500000000e-01,7.294311523437500000e-01
2.060473632812499734e+00,-1.567382812500000000e-01,8.430786132812500000e-01
1.117407226562500133e+00,8.256835937500000000e-01,8.430786132812500000e-01
6.104736328125000000e-01,8.432617187500000000e-01,2.544311523437499667e-01
2.567407226562500089e+00,8.432617187500000000e-01,2.544311523437499667e-01
6.104736328125000000e-01,-1.743164062500000000e-01,2.544311523437499667e-01
6.104736328125000000e-01,8.432617187500000000e-01,3.680786132812499667e-01
2.567407226562500089e+00,-1.743164062500000000e-01,3.680786132812499667e-01
7.917236328124999112e-01,-7.817382812500000000e-01,7.888061523437499556e-01
1.661157226562500089e+00,-7.817382812500000000e-01,7.888061523437499556e-01
7.917236328124999112e-01,7.006835937500000000e-01,7.888061523437499556e-01
7.917236328124999112e-01,-7.817382812500000000e-01,3.087036132812500111e-01
1.661157226562500089e+00,7.006835937500000000e-01,3.087036132812500111e-01
2.241723632812500089e+00,2.182617187500000000e-01,3.138061523437499778e-01
2.111572265625000222e-01,2.182617187500000000e-01,3.138061523437499778e-01
2.241723632812500089e+00,-2.993164062500000000e-01,3.138061523437499778e-01
2.241723632812500089e+00,2.182617187500000000e-01,7.837036132812499334e-01
2.111572265625000222e-01,-2.993164062500000000e-01,7.837036132812499334e-01
2.966723632812500178e+00,-2.817382812500000000e-01,5.513061523437500222e-01
2.386157226562500178e+00,-2.817382812500000000e-01,5.513061523437500222e-01
2.966723632812500178e+00,-7.993164062500000000e-01,5.513061523437500222e-01
2.966723632812500178e+00,-2.817382812500000000e-01,5.462036132812500000e-01
2.386157226562500178e+00,-7.993164062500000000e-01,5.462036132812500000e-01
1.516723632812500000e+00,7.182617187500000000e-01,7.630615234375000278e-02
9.361572265625000000e-01,7.182617187500000000e-01,7.630615234375000278e-02
1.516723632812500000e+00,2.006835937500000000e-01,7.630615234375000278e-02
1.516723632812500000e+00,7.182617187500000000e-01,7.120361328124999445e-02
9.361572265625000000e-01,2.006835937500000000e-01,7.120361328124999445e-02
1.154223632812499956e+00,-3.173828125000000000e-02,4.325561523437500000e-01
1.298657226562500044e+00,-3.173828125000000000e-02,4.325561523437500000e-01
1.154223632812499956e+00,4.506835937500000000e-01,4.325561523437500000e-01
1.154223632812499956e+00,-3.173828125000000000e-02,4.274536132812499778e-01
1.298657226562500044e+00,4.506835937500000000e-01,4.274536132812499778e-01
2.604223632812499911e+00,9.682617187500000000e-01,9.075561523437499778e-01
2.748657226562500000e+00,9.682617187500000000e-01,9.075561523437499778e-01
2.604223632812499911e+00,-5.493164062500000000e-01,9.075561523437499778e-01
2.604223632812499911e+00,9.682617187500000000e-01,9.024536132812499556e-01
2.748657226562500000e+00,-5.493164062500000000e-01,9.024536132812499556e-01
1.879223632812500044e+00,-5.317382812500000000e-01,1.950561523437499833e-01
5.736572265624999556e-01,-5.317382812500000000e-01,1.950561523437499833e-01
1.879223632812500044e+00,-4.931640625000000000e-02,1.950561523437499833e-01
1.879223632812500044e+00,-5.317382812500000000e-01,6.649536132812500222e-01
5.736572265624999556e-01,-4.931640625000000000e-02,6.649536132812500222e-01
4.292236328124999778e-01,4.682617187500000000e-01,6.700561523437499334e-01
2.023657226562499911e+00,4.682617187500000000e-01,6.700561523437499334e-01
4.292236328124999778e-01,9.506835937500000000e-01,6.700561523437499334e-01
4.292236328124999778e-01,4.682617187500000000e-01,1.899536132812499889e-01
2.023657226562499911e+00,9.506835937500000000e-01,1.899536132812499889e-01
3.385986328125000222e-01,-5.942382812500000000e-01,3.434936523437500111e-01
1.026782226562499956e+00,-5.942382812500000000e-01,3.434936523437500111e-01
3.385986328125000222e-01,-9.868164062500000000e-01,3.434936523437500111e-01
3.385986328125000222e-01,-5.942382812500000000e-01,9.321411132812499334e-01
1.026782226562499956e+00,-9.868164062500000000e-01,9.321411132812499334e-01
1.788598632812500089e+00,4.057617187500000000e-01,8.184936523437499334e-01
2.476782226562499911e+00,4.057617187500000000e-01,8.184936523437499334e-01
1.788598632812500089e+00,1.318359375000000000e-02,8.184936523437499334e-01
1.788598632812500089e+00,4.057617187500000000e-01,4.571411132812499556e-01
2.476782226562499911e+00,1.318359375000000000e-02,4.571411132812499556e-01
2.513598632812500178e+00,-9.423828125000000000e-02,1.059936523437499944e-01
3.017822265624999778e-01,-9.423828125000000000e-02,1.059936523437499944e-01
2.513598632812500178e+00,5.131835937500000000e-01,1.059936523437499944e-01
2.513598632812500178e+00,-9.423828125000000000e-02,2.196411132812499944e-01
3.017822265624999778e-01,5.131835937500000000e-01,2.196411132812499944e-01
1.063598632812500000e+00,9.057617187500000000e-01,5.809936523437500000e-01
1.751782226562500044e+00,9.057617187500000000e-01,5.809936523437500000e-01
1.063598632812500000e+00,-4.868164062500000000e-01,5.809936523437500000e-01
1.063598632812500000e+00,9.057617187500000000e-01,6.946411132812500000e-01
1.751782226562500044e+00,-4.868164062500000000e-01,6.946411132812500000e-01
1.426098632812500044e+00,-3.442382812500000000e-01,9.372436523437499556e-01
2.114282226562500089e+00,-3.442382812500000000e-01,9.372436523437499556e-01
1.426098632812500044e+00,-2.368164062500000000e-01,9.372436523437499556e-01
1.426098632812500044e+00,-3.442382812500000000e-01,8.133911132812499112e-01
2.114282226562500089e+00,-2.368164062500000000e-01,8.133911132812499112e-01
2.876098632812500000e+00,6.557617187500000000e-01,4.622436523437499778e-01
6.642822265624999112e-01,6.557617187500000000e-01,4.622436523437499778e-01
2.876098632812500000e+00,7.631835937500000000e-01,4.622436523437499778e-01
2.876098632812500000e+00,6.557617187500000000e-01,3.383911132812499889e-01
6.642822265624999112e-01,7.631835937500000000e-01,3.383911132812499889e-01
2.151098632812499911e+00,-8.442382812500000000e-01,6.997436523437500222e-01
2.839282226562500178e+00,-8.442382812500000000e-01,6.997436523437500222e-01
2.151098632812499911e+00,2.631835937500000000e-01,6.997436523437500222e-01
2.151098632812499911e+00,-8.442382812500000000e-01,1.008911132812500000e-01
2.839282226562500178e+00,2.631835937500000000e-01,1.008911132812500000e-01
7.010986328124999556e-01,1.557617187500000000e-01,2.247436523437499889e-01
1.389282226562500000e+00,1.557617187500000000e-01,2.247436523437499889e-01
7.010986328124999556e-01,-7.368164062500000000e-01,2.247436523437499889e-01
7.010986328124999556e-01,1.557617187500000000e-01,5.758911132812499778e-01
1.389282226562500000e+00,-7.368164062500000000e-01,5.758911132812499778e-01
5.198486328125000444e-01,-2.192382812500000000e-01,6.403686523437499556e-01
4.830322265625000000e-01,-2.192382812500000000e-01,6.403686523437499556e-01
5.198486328125000444e-01,1.381835937500000000e-01,6.403686523437499556e-01
5.198486328125000444e-01,-2.192382812500000000e-01,6.352661132812499334e-01
4.830322265625000000e-01,1.381835937500000000e-01,6.352661132812499334e-01
1.969848632812500000e+00,7.807617187500000000e-01,1.653686523437500056e-01
1.933032226562499956e+00,7.807617187500000000e-01,1.653686523437500056e-01
1.969848632812500000e+00,-8.618164062500000000e-01,1.653686523437500056e-01
1.969848632812500000e+00,7.807617187500000000e-01,1.602661132812499833e-01
1.933032226562499956e+00,-8.618164062500000000e-01,1.602661132812499833e-01
2.694848632812500089e+00,-7.192382812500000000e-01,8.778686523437500000e-01
1.208032226562500089e+00,-7.192382812500000000e-01,8.778686523437500000e-01
2.694848632812500089e+00,-3.618164062500000000e-01,8.778686523437500000e-01
2.694848632812500089e+00,-7.192382812500000000e-01,3.977661132812500000e-01
1.208032226562500089e+00,-3.618164062500000000e-01,3.977661132812500000e-01
1.244848632812500133e+00,2.807617187500000000e-01,4.028686523437499667e-01
2.658032226562499822e+00,2.807617187500000000e-01,4.028686523437499667e-01
1.244848632812500133e+00,6.381835937500000000e-01,4.028686523437499667e-01
1.244848632812500133e+00,2.807617187500000000e-01,8.727661132812499778e-01
2.658032226562499822e+00,6.381835937500000000e-01,8.727661132812499778e-01
8.823486328124999778e-01,-9.692382812500000000e-01,4.661865234374999722e-02
2.295532226562500000e+00,-9.692382812500000000e-01,4.661865234374999722e-02
8.823486328124999778e-01,8.881835937500000000e-01,4.661865234374999722e-02
8.823486328124999778e-01,-9.692382812500000000e-01,5.165161132812500222e-01
2.295532226562500000e+00,8.881835937500000000e-01,5.165161132812500222e-01
2.332348632812499822e+00,3.076171875000000000e-02,5.216186523437499334e-01
8.455322265624999334e-01,3.076171875000000000e-02,5.216186523437499334e-01
2.332348632812499822e+00,-1.118164062500000000e-01,5.216186523437499334e-01
2.332348632812499822e+00,3.076171875000000000e-02,4.151611328124999584e-02
8.455322265624999334e-01,-1.118164062500000000e-01,4.151611328124999584e-02
1.607348632812499956e+00,-4.692382812500000000e-01,2.841186523437500000e-01
1.570532226562500133e+00,-4.692382812500000000e-01,2.841186523437500000e-01
1.607348632812499956e+00,-6.118164062500000000e-01,2.841186523437500000e-01
1.607348632812499956e+00,-4.692382812500000000e-01,2.790161132812499778e-01
1.570532226562500133e+00,-6.118164062500000000e-01,2.790161132812499778e-01
1.573486328125000000e-01,5.307617187500000000e-01,7.591186523437499778e-01
1.205322265625000111e-01,5.307617187500000000e-01,7.591186523437499778e-01
1.573486328125000000e-01,3.881835937500000000e-01,7.591186523437499778e-01
1.573486328125000000e-01,5.307617187500000000e-01,7.540161132812499556e-01
1.205322265625000111e-01,3.881835937500000000e-01,7.540161132812499556e-01
1.800048828124999889e-01,-1.723632812500000000e-01,2.470092773437500000e-01
1.955688476562500000e+00,-1.723632812500000000e-01,2.470092773437500000e-01
1.800048828124999889e-01,5.913085937500000000e-01,2.470092773437500000e-01
1.800048828124999889e-01,-1.723632812500000000e-01,5.833129882812500000e-01
1.955688476562500000e+00,5.913085937500000000e-01,5.833129882812500000e-01
1.630004882812500000e+00,8.276367187500000000e-01,7.220092773437499778e-01
5.056884765625000444e-01,8.276367187500000000e-01,7.220092773437499778e-01
1.630004882812500000e+00,-4.086914062500000000e-01,7.220092773437499778e-01
1.630004882812500000e+00,8.276367187500000000e-01,1.083129882812499944e-01
5.056884765625000444e-01,-4.086914062500000000e-01,1.083129882812499944e-01
2.355004882812500089e+00,-6.723632812500000000e-01,9.509277343749998959e-03
2.680688476562500089e+00,-6.723632812500000000e-01,9.509277343749998959e-03
2.355004882812500089e+00,-9.086914062500000000e-01,9.509277343749998959e-03
2.355004882812500089e+00,-6.723632812500000000e-01,3.458129882812500111e-01
2.680688476562500089e+00,-9.086914062500000000e-01,3.458129882812500111e-01
9.050048828124999112e-01,3.276367187500000000e-01,4.845092773437499889e-01
1.230688476562500133e+00,3.276367187500000000e-01,4.845092773437499889e-01
9.050048828124999112e-01,9.130859375000000000e-02,4.845092773437499889e-01
9.050048828124999112e-01,3.276367187500000000e-01,8.208129882812499334e-01
1.230688476562500133e+00,9.130859375000000000e-02,8.208129882812499334e-01
1.267504882812499956e+00,-9.223632812500000000e-01,8.407592773437500000e-01
8.681884765624999778e-01,-9.223632812500000000e-01,8.407592773437500000e-01
1.267504882812499956e+00,3.413085937500000000e-01,8.407592773437500000e-01
1.267504882812499956e+00,-9.223632812500000000e-01,7.020629882812500222e-01
8.681884765624999778e-01,3.413085937500000000e-01,7.020629882812500222e-01
2.717504882812499911e+00,7.763671875000000000e-02,3.657592773437499667e-01
2.318188476562499822e+00,7.763671875000000000e-02,3.657592773437499667e-01
2.717504882812499911e+00,-6.586914062500000000e-01,3.657592773437499667e-01
2.717504882812499911e+00,7.763671875000000000e-02,2.270629882812499889e-01
2.318188476562499822e+00,-6.586914062500000000e-01,2.270629882812499889e-01
1.992504882812500044e+00,-4.223632812500000000e-01,6.032592773437499556e-01
1.431884765625000000e-01,-4.223632812500000000e-01,6.032592773437499556e-01
1.992504882812500044e+00,-1.586914062500000000e-01,6.032592773437499556e-01
1.992504882812500044e+00,-4.223632812500000000e-01,4.645629882812499778e-01
1.431884765625000000e-01,-1.586914062500000000e-01,4.645629882812499778e-01
5.425048828124999778e-01,5.776367187500000000e-01,1.282592773437500056e-01
1.593188476562499956e+00,5.776367187500000000e-01,1.282592773437500056e-01
5.425048828124999778e-01,8.413085937500000000e-01,1.282592773437500056e-01
5.425048828124999778e-01,5.776367187500000000e-01,9.395629882812499556e-01
1.593188476562499956e+00,8.413085937500000000e-01,9.395629882812499556e-01
7.237548828125000000e-01,-5.473632812500000000e-01,6.626342773437500222e-01
2.499438476562500178e+00,-5.473632812500000000e-01,6.626342773437500222e-01
7.237548828125000000e-01,-2.836914062500000000e-01,6.626342773437500222e-01
7.237548828125000000e-01,-5.473632812500000000e-01,7.614379882812499778e-01
2.499438476562500178e+00,-2.836914062500000000e-01,7.614379882812499778e-01
2.173754882812500178e+00,4.526367187500000000e-01,1.876342773437499889e-01
1.049438476562500000e+00,4.526367187500000000e-01,1.876342773437499889e-01
2.173754882812500178e+00,7.163085937500000000e-01,1.876342773437499889e-01
2.173754882812500178e+00,4.526367187500000000e-01,2.864379882812500000e-01
1.049438476562500000e+00,7.163085937500000000e-01,2.864379882812500000e-01
2.898754882812499822e+00,-4.736328125000000000e-02,9.001342773437499556e-01
1.774438476562500089e+00,-4.736328125000000000e-02,9.001342773437499556e-01
2.898754882812499822e+00,2.163085937500000000e-01,9.001342773437499556e-01
2.898754882812499822e+00,-4.736328125000000000e-02,4.893798828124999722e-02
1.774438476562500089e+00,2.163085937500000000e-01,4.893798828124999722e-02
1.448754882812500089e+00,9.526367187500000000e-01,4.251342773437499778e-01
3.244384765625000222e-01,9.526367187500000000e-01,4.251342773437499778e-01
1.448754882812500089e+00,-7.836914062500000000e-01,4.251342773437499778e-01
1.448754882812500089e+00,9.526367187500000000e-01,5.239379882812499334e-01
3.244384765625000222e-01,-7.836914062500000000e-01,5.239379882812499334e-01
1.086254882812500044e+00,-2.973632812500000000e-01,6.888427734374999445e-02
6.869384765624999556e-01,-2.973632812500000000e-01,6.888427734374999445e-02
1.086254882812500044e+00,-5.336914062500000000e-01,6.888427734374999445e-02
1.086254882812500044e+00,-2.973632812500000000e-01,8.801879882812500000e-01
6.869384765624999556e-01,-5.336914062500000000e-01,8.801879882812500000e-01
2.536254882812500000e+00,7.026367187500000000e-01,5.438842773437500000e-01
2.136938476562499911e+00,7.026367187500000000e-01,5.438842773437500000e-01
2.536254882812500000e+00,4.663085937500000000e-01,5.438842773437500000e-01
2.536254882812500000e+00,7.026367187500000000e-01,4.051879882812499667e-01
2.136938476562499911e+00,4.663085937500000000e-01,4.051879882812499667e-01
1.811254882812500133e+00,-7.973632812500000000e-01,3.063842773437500111e-01
1.411938476562500044e+00,-7.973632812500000000e-01,3.063842773437500111e-01
1.811254882812500133e+00,9.663085937500000000e-01,3.063842773437500111e-01
1.811254882812500133e+00,-7.973632812500000000e-01,1.676879882812500056e-01
1.411938476562500044e+00,9.663085937500000000e-01,1.676879882812500056e-01
3.612548828124999556e-01,2.026367187500000000e-01,7.813842773437499334e-01
2.861938476562500000e+00,2.026367187500000000e-01,7.813842773437499334e-01
3.612548828124999556e-01,-3.369140625000000000e-02,7.813842773437499334e-01
3.612548828124999556e-01,2.026367187500000000e-01,6.426879882812499556e-01
2.861938476562500000e+00,-3.369140625000000000e-02,6.426879882812499556e-01
4.518798828125000222e-01,-8.598632812500000000e-01,2.173217773437499944e-01
2.338134765625000111e-01,-8.598632812500000000e-01,2.173217773437499944e-01
4.518798828125000222e-01,2.880859375000000000e-02,2.173217773437499944e-01
4.518798828125000222e-01,-8.598632812500000000e-01,3.755004882812499889e-01
2.338134765625000111e-01,2.880859375000000000e-02,3.755004882812499889e-01
1.901879882812500089e+00,1.401367187500000000e-01,6.923217773437500000e-01
1.683813476562500133e+00,1.401367187500000000e-01,6.923217773437500000e-01
1.901879882812500089e+00,-9.711914062500000000e-01,6.923217773437500000e-01
1.901879882812500089e+00,1.401367187500000000e-01,8.505004882812499112e-01
1.683813476562500133e+00,-9.711914062500000000e-01,8.505004882812499112e-01
2.626879882812500178e+00,-3.598632812500000000e-01,4.548217773437499556e-01
9.588134765624999334e-01,-3.598632812500000000e-01,4.548217773437499556e-01
2.626879882812500178e+00,-4.711914062500000000e-01,4.548217773437499556e-01
2.626879882812500178e+00,-3.598632812500000000e-01,6.130004882812499778e-01
9.588134765624999334e-01,-4.711914062500000000e-01,6.130004882812499778e-01
1.176879882812500000e+00,6.401367187500000000e-01,9.298217773437499334e-01
2.408813476562500000e+00,6.401367187500000000e-01,9.298217773437499334e-01
1.176879882812500000e+00,5.288085937500000000e-01,9.298217773437499334e-01
1.176879882812500000e+00,6.401367187500000000e-01,1.380004882812500000e-01
2.408813476562500000e+00,5.288085937500000000e-01,1.380004882812500000e-01
1.539379882812500044e+00,-1.098632812500000000e-01,5.735717773437499778e-01
2.771313476562499822e+00,-1.098632812500000000e-01,5.735717773437499778e-01
1.539379882812500044e+00,7.788085937500000000e-01,5.735717773437499778e-01
1.539379882812500044e+00,-1.098632812500000000e-01,2.567504882812499667e-01
2.771313476562499822e+00,7.788085937500000000e-01,2.567504882812499667e-01
2.989379882812500000e+00,8.901367187500000000e-01,9.857177734375000000e-02
1.321313476562500089e+00,8.901367187500000000e-01,9.857177734375000000e-02
2.989379882812500000e+00,-2.211914062500000000e-01,9.857177734375000000e-02
2.989379882812500000e+00,8.901367187500000000e-01,7.317504882812500000e-01
1.321313476562500089e+00,-2.211914062500000000e-01,7.317504882812500000e-01
2.264379882812499911e+00,-6.098632812500000000e-01,8.110717773437499112e-01
2.046313476562499734e+00,-6.098632812500000000e-01,8.110717773437499112e-01
2.264379882812499911e+00,-7.211914062500000000e-01,8.110717773437499112e-01
2.264379882812499911e+00,-6.098632812500000000e-01,4.942504882812499556e-01
2.046313476562499734e+00,-7.211914062500000000e-01,4.942504882812499556e-01
8.143798828124999556e-01,3.901367187500000000e-01,3.360717773437499889e-01
5.963134765625000000e-01,3.901367187500000000e-01,3.360717773437499889e-01
8.143798828124999556e-01,2.788085937500000000e-01,3.360717773437499889e-01
8.143798828124999556e-01,3.901367187500000000e-01,1.925048828124999861e-02
5.963134765625000000e-01,2.788085937500000000e-01,1.925048828124999861e-02
6.331298828124999334e-01,-4.848632812500000000e-01,7.516967773437499556e-01
1.502563476562500000e+00,-4.848632812500000000e-01,7.516967773437499556e-01
6.331298828124999334e-01,-8.461914062500000000e-01,7.516967773437499556e-01
6.331298828124999334e-01,-4.848632812500000000e-01,1.973754882812499833e-01
1.502563476562500000e+00,-8.461914062500000000e-01,1.973754882812499833e-01
2.083129882812500000e+00,5.151367187500000000e-01,2.766967773437499778e-01
2.952563476562500178e+00,5.151367187500000000e-01,2.766967773437499778e-01
2.083129882812500000e+00,1.538085937500000000e-01,2.766967773437499778e-01
2.083129882812500000e+00,5.151367187500000000e-01,6.723754882812499334e-01
2.952563476562500178e+00,1.538085937500000000e-01,6.723754882812499334e-01
2.808129882812500089e+00,-9.848632812500000000e-01,5.141967773437500222e-01
7.775634765624999112e-01,-9.848632812500000000e-01,5.141967773437500222e-01
2.808129882812500089e+00,6.538085937500000000e-01,5.141967773437500222e-01
2.808129882812500089e+00,-9.848632812500000000e-01,9.098754882812499778e-01
7.775634765624999112e-01,6.538085937500000000e-01,9.098754882812499778e-01
1.358129882812500133e+00,1.513671875000000000e-02,3.919677734374999584e-02
2.227563476562500089e+00,1.513671875000000000e-02,3.919677734374999584e-02
1.358129882812500133e+00,-3.461914062500000000e-01,3.919677734374999584e-02
1.358129882812500133e+00,1.513671875000000000e-02,4.348754882812500000e-01
2.227563476562500089e+00,-3.461914062500000000e-01,4.348754882812500000e-01
9.956298828124999778e-01,-7.348632812500000000e-01,3.954467773437500000e-01
1.865063476562500044e+00,-7.348632812500000000e-01,3.954467773437500000e-01
9.956298828124999778e-01,-9.619140625000000000e-02,3.954467773437500000e-01
9.956298828124999778e-01,-7.348632812500000000e-01,7.862548828125000278e-02
1.865063476562500044e+00,-9.619140625000000000e-02,7.862548828125000278e-02
2.445629882812499822e+00,2.651367187500000000e-01,8.704467773437499778e-01
4.150634765624999778e-01,2.651367187500000000e-01,8.704467773437499778e-01
2.445629882812499822e+00,9.038085937500000000e-01,8.704467773437499778e-01
2.445629882812499822e+00,2.651367187500000000e-01,5.536254882812500222e-01
4.150634765624999778e-01,9.038085937500000000e-01,5.536254882812500222e-01
1.720629882812499956e+00,-2.348632812500000000e-01,1.579467773437499833e-01
2.590063476562499911e+00,-2.348632812500000000e-01,1.579467773437499833e-01
1.720629882812499956e+00,4.038085937500000000e-01,1.579467773437499833e-01
1.720629882812499956e+00,-2.348632812500000000e-01,7.911254882812499556e-01
2.590063476562499911e+00,4.038085937500000000e-01,7.911254882812499556e-01
2.706298828125000000e-01,7.651367187500000000e-01,6.329467773437499334e-01
1.140063476562499956e+00,7.651367187500000000e-01,6.329467773437499334e-01
2.706298828125000000e-01,-5.961914062500000000e-01,6.329467773437499334e-01
2.706298828125000000e-01,7.651367187500000000e-01,3.161254882812499778e-01
1.140063476562499956e+00,-5.961914062500000000e-01,3.161254882812499778e-01
2.253173828124999944e-01,-6.411132812500000000e-01,9.149780273437500000e-01
6.416259765624999778e-01,-6.411132812500000000e-01,9.149780273437500000e-01
2.253173828124999944e-01,8.725585937500000000e-01,9.149780273437500000e-01
2.253173828124999944e-01,-6.411132812500000000e-01,4.200317382812499556e-01
6.416259765624999778e-01,8.725585937500000000e-01,4.200317382812499556e-01
1.675317382812500089e+00,3.588867187500000000e-01,4.399780273437499667e-01
2.091625976562499822e+00,3.588867187500000000e-01,4.399780273437499667e-01
1.675317382812500089e+00,-1.274414062500000000e-01,4.399780273437499667e-01
1.675317382812500089e+00,3.588867187500000000e-01,8.950317382812499334e-01
2.091625976562499822e+00,-1.274414062500000000e-01,8.950317382812499334e-01
2.400317382812500178e+00,-1.411132812500000000e-01,6.774780273437499556e-01
1.366625976562499956e+00,-1.411132812500000000e-01,6.774780273437499556e-01
2.400317382812500178e+00,-6.274414062500000000e-01,6.774780273437499556e-01
2.400317382812500178e+00,-1.411132812500000000e-01,6.575317382812500000e-01
1.366625976562499956e+00,-6.274414062500000000e-01,6.575317382812500000e-01
9.503173828125000000e-01,8.588867187500000000e-01,2.024780273437499778e-01
2.816625976562499911e+00,8.588867187500000000e-01,2.024780273437499778e-01
9.503173828125000000e-01,3.725585937500000000e-01,2.024780273437499778e-01
9.503173828125000000e-01,8.588867187500000000e-01,1.825317382812499944e-01
2.816625976562499911e+00,3.725585937500000000e-01,1.825317382812499944e-01
1.312817382812500044e+00,-3.911132812500000000e-01,3.212280273437500000e-01
2.454125976562500089e+00,-3.911132812500000000e-01,3.212280273437500000e-01
1.312817382812500044e+00,1.225585937500000000e-01,3.212280273437500000e-01
1.312817382812500044e+00,-3.911132812500000000e-01,3.012817382812499889e-01
2.454125976562500089e+00,1.225585937500000000e-01,3.012817382812499889e-01
2.762817382812500000e+00,6.088867187500000000e-01,7.962280273437499778e-01
1.004125976562499911e+00,6.088867187500000000e-01,7.962280273437499778e-01
2.762817382812500000e+00,-8.774414062500000000e-01,7.962280273437499778e-01
2.762817382812500000e+00,6.088867187500000000e-01,7.762817382812499112e-01
1.004125976562499911e+00,-8.774414062500000000e-01,7.762817382812499112e-01
2.037817382812499911e+00,-8.911132812500000000e-01,8.372802734374999722e-02
1.729125976562500000e+00,-8.911132812500000000e-01,8.372802734374999722e-02
2.037817382812499911e+00,-3.774414062500000000e-01,8.372802734374999722e-02
2.037817382812499911e+00,-8.911132812500000000e-01,5.387817382812499778e-01
1.729125976562500000e+00,-3.774414062500000000e-01,5.387817382812499778e-01
5.878173828124999556e-01,1.088867187500000000e-01,5.587280273437499334e-01
2.791259765624999889e-01,1.088867187500000000e-01,5.587280273437499334e-01
5.878173828124999556e-01,6.225585937500000000e-01,5.587280273437499334e-01
5.878173828124999556e-01,1.088867187500000000e-01,6.378173828125000000e-02
2.791259765624999889e-01,6.225585937500000000e-01,6.378173828125000000e-02
7.690673828124999778e-01,-1.611328125000000000e-02,2.435302734375000000e-02
1.185375976562500044e+00,-1.611328125000000000e-02,2.435302734375000000e-02
7.690673828124999778e-01,-2.441406250000000000e-03,2.435302734375000000e-02
7.690673828124999778e-01,-1.611328125000000000e-02,1.231567382812499972e-01
1.185375976562500044e+00,-2.441406250000000000e-03,1.231567382812499972e-01
2.219067382812499822e+00,9.838867187500000000e-01,4.993530273437499778e-01
2.635375976562500000e+00,9.838867187500000000e-01,4.993530273437499778e-01
2.219067382812499822e+00,9.975585937500000000e-01,4.993530273437499778e-01
2.219067382812499822e+00,9.838867187500000000e-01,5.981567382812499334e-01
2.635375976562500000e+00,9.975585937500000000e-01,5.981567382812499334e-01
2.944067382812499911e+00,-5.161132812500000000e-01,2.618530273437499889e-01
4.603759765624999556e-01,-5.161132812500000000e-01,2.618530273437499889e-01
2.944067382812499911e+00,4.975585937500000000e-01,2.618530273437499889e-01
2.944067382812499911e+00,-5.161132812500000000e-01,8.356567382812499778e-01
4.603759765624999556e-01,4.975585937500000000e-01,8.356567382812499778e-01
1.494067382812499956e+00,4.838867187500000000e-01,7.368530273437499112e-01
1.910375976562500133e+00,4.838867187500000000e-01,7.368530273437499112e-01
1.494067382812499956e+00,-5.024414062500000000e-01,7.368530273437499112e-01
1.494067382812499956e+00,4.838867187500000000e-01,3.606567382812500000e-01
1.910375976562500133e+00,-5.024414062500000000e-01,3.606567382812500000e-01
1.131567382812500133e+00,-7.661132812500000000e-01,6.181030273437500000e-01
2.272875976562500178e+00,-7.661132812500000000e-01,6.181030273437500000e-01
1.131567382812500133e+00,-7.524414062500000000e-01,6.181030273437500000e-01
1.131567382812500133e+00,-7.661132812500000000e-01,4.406738281250000173e-03
2.272875976562500178e+00,-7.524414062500000000e-01,4.406738281250000173e-03
2.581567382812500089e+00,2.338867187500000000e-01,1.431030273437499944e-01
8.228759765625000000e-01,2.338867187500000000e-01,1.431030273437499944e-01
2.581567382812500089e+00,2.475585937500000000e-01,1.431030273437499944e-01
2.581567382812500089e+00,2.338867187500000000e-01,4.794067382812499667e-01
8.228759765625000000e-01,2.475585937500000000e-01,4.794067382812499667e-01
1.856567382812500000e+00,-2.661132812500000000e-01,8.556030273437499334e-01
2.997875976562499822e+00,-2.661132812500000000e-01,8.556030273437499334e-01
1.856567382812500000e+00,7.475585937500000000e-01,8.556030273437499334e-01
1.856567382812500000e+00,-2.661132812500000000e-01,7.169067382812499556e-01
2.997875976562499822e+00,7.475585937500000000e-01,7.169067382812499556e-01
4.065673828125000444e-01,7.338867187500000000e-01,3.806030273437499556e-01
1.547875976562500089e+00,7.338867187500000000e-01,3.806030273437499556e-01
4.065673828125000444e-01,-2.524414062500000000e-01,3.806030273437499556e-01
4.065673828125000444e-01,7.338867187500000000e-01,2.419067382812499778e-01
1.547875976562500089e+00,-2.524414062500000000e-01,2.419067382812499778e-01
3.159423828124999778e-01,-3.286132812500000000e-01,5.290405273437499556e-01
1.638500976562500044e+00,-3.286132812500000000e-01,5.290405273437499556e-01
3.159423828124999778e-01,3.100585937500000000e-01,5.290405273437499556e-01
3.159423828124999778e-01,-3.286132812500000000e-01,5.090942382812500000e-01
1.638500976562500044e+00,3.100585937500000000e-01,5.090942382812500000e-01
1.765942382812500044e+00,6.713867187500000000e-01,5.404052734374999861e-02
1.885009765625000056e-01,6.713867187500000000e-01,5.404052734374999861e-02
1.765942382812500044e+00,-6.899414062500000000e-01,5.404052734374999861e-02
1.765942382812500044e+00,6.713867187500000000e-01,3.409423828125000139e-02
1.885009765625000056e-01,-6.899414062500000000e-01,3.409423828125000139e-02
2.490942382812499911e+00,-8.286132812500000000e-01,7.665405273437500000e-01
2.363500976562499911e+00,-8.286132812500000000e-01,7.665405273437500000e-01
2.490942382812499911e+00,-1.899414062500000000e-01,7.665405273437500000e-01
2.490942382812499911e+00,-8.286132812500000000e-01,2.715942382812500111e-01
2.363500976562499911e+00,-1.899414062500000000e-01,2.715942382812500111e-01
1.040942382812499956e+00,1.713867187500000000e-01,2.915405273437499667e-01
9.135009765624999556e-01,1.713867187500000000e-01,2.915405273437499667e-01
1.040942382812499956e+00,8.100585937500000000e-01,2.915405273437499667e-01
1.040942382812499956e+00,1.713867187500000000e-01,7.465942382812499334e-01
9.135009765624999556e-01,8.100585937500000000e-01,7.465942382812499334e-01
1.403442382812500000e+00,-5.786132812500000000e-01,1.727905273437500000e-01
1.276000976562500000e+00,-5.786132812500000000e-01,1.727905273437500000e-01
1.403442382812500000e+00,5.600585937500000000e-01,1.727905273437500000e-01
1.403442382812500000e+00,-5.786132812500000000e-01,6.278442382812500222e-01
1.276000976562500000e+00,5.600585937500000000e-01,6.278442382812500222e-01
2.853442382812500178e+00,4.213867187500000000e-01,6.477905273437499778e-01
2.726000976562500178e+00,4.213867187500000000e-01,6.477905273437499778e-01
2.853442382812500178e+00,-4.399414062500000000e-01,6.477905273437499778e-01
2.853442382812500178e+00,4.213867187500000000e-01,1.528442382812499889e-01
2.726000976562500178e+00,-4.399414062500000000e-01,1.528442382812499889e-01
2.128442382812500089e+00,-7.861328125000000000e-02,4.102905273437499889e-01
5.510009765625000222e-01,-7.861328125000000000e-02,4.102905273437499889e-01
2.128442382812500089e+00,-9.399414062500000000e-01,4.102905273437499889e-01
2.128442382812500089e+00,-7.861328125000000000e-02,3.903442382812499778e-01
5.510009765625000222e-01,-9.399414062500000000e-01,3.903442382812499778e-01
6.784423828124999112e-01,9.213867187500000000e-01,8.852905273437499112e-01
2.001000976562500089e+00,9.213867187500000000e-01,8.852905273437499112e-01
6.784423828124999112e-01,6.005859375000000000e-02,8.852905273437499112e-01
6.784423828124999112e-01,9.213867187500000000e-01,8.653442382812499556e-01
2.001000976562500089e+00,6.005859375000000000e-02,8.653442382812499556e-01
4.971923828125000000e-01,-9.536132812500000000e-01,4.696655273437500000e-01
2.907250976562500089e+00,-9.536132812500000000e-01,4.696655273437500000e-01
4.971923828125000000e-01,-5.649414062500000000e-01,4.696655273437500000e-01
4.971923828125000000e-01,-9.536132812500000000e-01,8.059692382812500000e-01
2.907250976562500089e+00,-5.649414062500000000e-01,8.059692382812500000e-01
1.947192382812499956e+00,4.638671875000000000e-02,9.446655273437499778e-01
1.457250976562500133e+00,4.638671875000000000e-02,9.446655273437499778e-01
1.947192382812499956e+00,4.350585937500000000e-01,9.446655273437499778e-01
1.947192382812499956e+00,4.638671875000000000e-02,3.309692382812499667e-01
1.457250976562500133e+00,4.350585937500000000e-01,3.309692382812499667e-01
2.672192382812499822e+00,-4.536132812500000000e-01,2.321655273437499833e-01
2.182250976562500000e+00,-4.536132812500000000e-01,2.321655273437499833e-01
2.672192382812499822e+00,9.350585937500000000e-01,2.321655273437499833e-01
2.672192382812499822e+00,-4.536132812500000000e-01,9.346923828124999167e-02
2.182250976562500000e+00,9.350585937500000000e-01,9.346923828124999167e-02
1.222192382812500089e+00,5.463867187500000000e-01,7.071655273437499334e-01
7.322509765624999334e-01,5.463867187500000000e-01,7.071655273437499334e-01
1.222192382812500089e+00,-6.494140625000000000e-02,7.071655273437499334e-01
1.222192382812500089e+00,5.463867187500000000e-01,5.684692382812499556e-01
7.322509765624999334e-01,-6.494140625000000000e-02,5.684692382812499556e-01
8.596923828124999334e-01,-2.036132812500000000e-01,8.259155273437499556e-01
3.697509765625000000e-01,-2.036132812500000000e-01,8.259155273437499556e-01
8.596923828124999334e-01,-3.149414062500000000e-01,8.259155273437499556e-01
8.596923828124999334e-01,-2.036132812500000000e-01,9.247192382812499112e-01
3.697509765625000000e-01,-3.149414062500000000e-01,9.247192382812499112e-01
2.309692382812500000e+00,7.963867187500000000e-01,3.509155273437499778e-01
1.819750976562499956e+00,7.963867187500000000e-01,3.509155273437499778e-01
2.309692382812500000e+00,6.850585937500000000e-01,3.509155273437499778e-01
2.309692382812500000e+00,7.963867187500000000e-01,4.497192382812499889e-01
1.819750976562499956e+00,6.850585937500000000e-01,4.497192382812499889e-01
1.584692382812500133e+00,-7.036132812500000000e-01,5.884155273437500222e-01
1.094750976562500089e+00,-7.036132812500000000e-01,5.884155273437500222e-01
1.584692382812500133e+00,1.850585937500000000e-01,5.884155273437500222e-01
1.584692382812500133e+00,-7.036132812500000000e-01,2.122192382812500000e-01
1.094750976562500089e+00,1.850585937500000000e-01,2.122192382812500000e-01
1.346923828125000111e-01,2.963867187500000000e-01,1.134155273437499889e-01
2.544750976562499822e+00,2.963867187500000000e-01,1.134155273437499889e-01
1.346923828125000111e-01,-8.149414062500000000e-01,1.134155273437499889e-01
1.346923828125000111e-01,2.963867187500000000e-01,6.872192382812499778e-01
2.544750976562499822e+00,-8.149414062500000000e-01,6.872192382812499778e-01
1.233642578125000028e-01,-2.895507812500000000e-01,8.147827148437499778e-01
8.795166015625000000e-01,-2.895507812500000000e-01,8.147827148437499778e-01
1.233642578125000028e-01,8.349609375000000000e-02,8.147827148437499778e-01
1.233642578125000028e-01,-2.895507812500000000e-01,2.456176757812499889e-01
8.795166015625000000e-01,8.349609375000000000e-02,2.456176757812499889e-01
1.573364257812500000e+00,7.104492187500000000e-01,3.397827148437500000e-01
2.329516601562500178e+00,7.104492187500000000e-01,3.397827148437500000e-01
1.573364257812500000e+00,-9.165039062500000000e-01,3.397827148437500000e-01
1.573364257812500000e+00,7.104492187500000000e-01,7.206176757812499112e-01
2.329516601562500178e+00,-9.165039062500000000e-01,7.206176757812499112e-01
2.298364257812500089e+00,-7.895507812500000000e-01,5.772827148437499334e-01
1.545166015624999944e-01,-7.895507812500000000e-01,5.772827148437499334e-01
2.298364257812500089e+00,-4.165039062500000000e-01,5.772827148437499334e-01
2.298364257812500089e+00,-7.895507812500000000e-01,4.831176757812499778e-01
1.545166015624999944e-01,-4.165039062500000000e-01,4.831176757812499778e-01
8.483642578124999112e-01,2.104492187500000000e-01,1.022827148437499972e-01
1.604516601562500089e+00,2.104492187500000000e-01,1.022827148437499972e-01
8.483642578124999112e-01,5.834960937500000000e-01,1.022827148437499972e-01
8.483642578124999112e-01,2.104492187500000000e-01,8.117675781250000000e-03
1.604516601562500089e+00,5.834960937500000000e-01,8.117675781250000000e-03
1.210864257812499956e+00,-5.395507812500000000e-01,4.585327148437499667e-01
1.967016601562500133e+00,-5.395507812500000000e-01,4.585327148437499667e-01
1.210864257812499956e+00,8.334960937500000000e-01,4.585327148437499667e-01
1.210864257812499956e+00,-5.395507812500000000e-01,3.643676757812499556e-01
1.967016601562500133e+00,8.334960937500000000e-01,3.643676757812499556e-01
2.660864257812499911e+00,4.604492187500000000e-01,9.335327148437500000e-01
5.170166015624999556e-01,4.604492187500000000e-01,9.335327148437500000e-01
2.660864257812499911e+00,-1.665039062500000000e-01,9.335327148437500000e-01
2.660864257812499911e+00,4.604492187500000000e-01,8.393676757812499334e-01
5.170166015624999556e-01,-1.665039062500000000e-01,8.393676757812499334e-01
1.935864257812500044e+00,-3.955078125000000000e-02,2.210327148437499778e-01
2.692016601562500000e+00,-3.955078125000000000e-02,2.210327148437499778e-01
1.935864257812500044e+00,-6.665039062500000000e-01,2.210327148437499778e-01
1.935864257812500044e+00,-3.955078125000000000e-02,6.018676757812500000e-01
2.692016601562500000e+00,-6.665039062500000000e-01,6.018676757812500000e-01
4.858642578124999778e-01,9.604492187500000000e-01,6.960327148437499556e-01
1.242016601562500044e+00,9.604492187500000000e-01,6.960327148437499556e-01
4.858642578124999778e-01,3.334960937500000000e-01,6.960327148437499556e-01
4.858642578124999778e-01,9.604492187500000000e-01,1.268676757812499944e-01
1.242016601562500044e+00,3.334960937500000000e-01,1.268676757812499944e-01
6.671142578125000000e-01,-9.145507812500000000e-01,1.616577148437499944e-01
6.982666015624999778e-01,-9.145507812500000000e-01,1.616577148437499944e-01
6.671142578125000000e-01,-7.915039062500000000e-01,1.616577148437499944e-01
6.671142578125000000e-01,-9.145507812500000000e-01,6.749267578124999722e-02
6.982666015624999778e-01,-7.915039062500000000e-01,6.749267578124999722e-02
2.117114257812500178e+00,8.544921875000000000e-02,6.366577148437500000e-01
2.148266601562499822e+00,8.544921875000000000e-02,6.366577148437500000e-01
2.117114257812500178e+00,2.084960937500000000e-01,6.366577148437500000e-01
2.117114257812500178e+00,8.544921875000000000e-02,5.424926757812499334e-01
2.148266601562499822e+00,2.084960937500000000e-01,5.424926757812499334e-01
2.842114257812499822e+00,-4.145507812500000000e-01,3.991577148437499556e-01
1.423266601562499956e+00,-4.145507812500000000e-01,3.991577148437499556e-01
2.842114257812499822e+00,7.084960937500000000e-01,3.991577148437499556e-01
2.842114257812499822e+00,-4.145507812500000000e-01,7.799926757812499778e-01
1.423266601562499956e+00,7.084960937500000000e-01,7.799926757812499778e-01
1.392114257812500089e+00,5.854492187500000000e-01,8.741577148437499334e-01
2.873266601562499911e+00,5.854492187500000000e-01,8.741577148437499334e-01
1.392114257812500089e+00,-2.915039062500000000e-01,8.741577148437499334e-01
1.392114257812500089e+00,5.854492187500000000e-01,3.049926757812500000e-01
2.873266601562499911e+00,-2.915039062500000000e-01,3.049926757812500000e-01
1.029614257812500044e+00,-1.645507812500000000e-01,5.179077148437499778e-01
2.510766601562500089e+00,-1.645507812500000000e-01,5.179077148437499778e-01
1.029614257812500044e+00,-4.150390625000000000e-02,5.179077148437499778e-01
1.029614257812500044e+00,-1.645507812500000000e-01,1.862426757812499778e-01
2.510766601562500089e+00,-4.150390625000000000e-02,1.862426757812499778e-01
2.479614257812500000e+00,8.354492187500000000e-01,4.290771484375000000e-02
1.060766601562499911e+00,8.354492187500000000e-01,4.290771484375000000e-02
2.479614257812500000e+00,9.584960937500000000e-01,4.290771484375000000e-02
2.479614257812500000e+00,8.354492187500000000e-01,6.612426757812499556e-01
1.060766601562499911e+00,9.584960937500000000e-01,6.612426757812499556e-01
1.754614257812500133e+00,-6.645507812500000000e-01,7.554077148437499112e-01
1.785766601562500000e+00,-6.645507812500000000e-01,7.554077148437499112e-01
1.754614257812500133e+00,4.584960937500000000e-01,7.554077148437499112e-01
1.754614257812500133e+00,-6.645507812500000000e-01,8.987426757812500000e-01
1.785766601562500000e+00,4.584960937500000000e-01,8.987426757812500000e-01
3.046142578125000111e-01,3.354492187500000000e-01,2.804077148437499889e-01
3.357666015624999889e-01,3.354492187500000000e-01,2.804077148437499889e-01
3.046142578125000111e-01,-5.415039062500000000e-01,2.804077148437499889e-01
3.046142578125000111e-01,3.354492187500000000e-01,4.237426757812499667e-01
3.357666015624999889e-01,-5.415039062500000000e-01,4.237426757812499667e-01
3.952392578125000222e-01,-7.270507812500000000e-01,6.069702148437500222e-01
2.782641601562500178e+00,-7.270507812500000000e-01,6.069702148437500222e-01
3.952392578125000222e-01,5.209960937500000000e-01,6.069702148437500222e-01
3.952392578125000222e-01,-7.270507812500000000e-01,6.909301757812499334e-01
2.782641601562500178e+00,5.209960937500000000e-01,6.909301757812499334e-01
1.845239257812500089e+00,2.729492187500000000e-01,1.319702148437499889e-01
1.332641601562500000e+00,2.729492187500000000e-01,1.319702148437499889e-01
1.845239257812500089e+00,-4.790039062500000000e-01,1.319702148437499889e-01
1.845239257812500089e+00,2.729492187500000000e-01,2.159301757812499833e-01
1.332641601562500000e+00,-4.790039062500000000e-01,2.159301757812499833e-01
2.570239257812500178e+00,-2.270507812500000000e-01,8.444702148437499556e-01
2.057641601562500089e+00,-2.270507812500000000e-01,8.444702148437499556e-01
2.570239257812500178e+00,-9.790039062500000000e-01,8.444702148437499556e-01
2.570239257812500178e+00,-2.270507812500000000e-01,4.534301757812500000e-01
2.057641601562500089e+00,-9.790039062500000000e-01,4.534301757812500000e-01
1.120239257812500000e+00,7.729492187500000000e-01,3.694702148437499778e-01
6.076416015624999112e-01,7.729492187500000000e-01,3.694702148437499778e-01
1.120239257812500000e+00,2.099609375000000000e-02,3.694702148437499778e-01
1.120239257812500000e+00,7.729492187500000000e-01,9.284301757812499778e-01
6.076416015624999112e-01,2.099609375000000000e-02,9.284301757812499778e-01
1.482739257812500044e+00,-4.770507812500000000e-01,1.322021484374999965e-02
2.451416015625000056e-01,-4.770507812500000000e-01,1.322021484374999965e-02
1.482739257812500044e+00,2.709960937500000000e-01,1.322021484374999965e-02
1.482739257812500044e+00,-4.770507812500000000e-01,5.721801757812500222e-01
2.451416015625000056e-01,2.709960937500000000e-01,5.721801757812500222e-01
2.932739257812500000e+00,5.229492187500000000e-01,4.882202148437500000e-01
1.695141601562500044e+00,5.229492187500000000e-01,4.882202148437500000e-01
2.932739257812500000e+00,-7.290039062500000000e-01,4.882202148437500000e-01
2.932739257812500000e+00,5.229492187500000000e-01,9.718017578124998890e-02
1.695141601562500044e+00,-7.290039062500000000e-01,9.718017578124998890e-02
2.207739257812499911e+00,-9.770507812500000000e-01,2.507202148437500111e-01
9.701416015624999556e-01,-9.770507812500000000e-01,2.507202148437500111e-01
2.207739257812499911e+00,-2.290039062500000000e-01,2.507202148437500111e-01
2.207739257812499911e+00,-9.770507812500000000e-01,3.346801757812499778e-01
9.701416015624999556e-01,-2.290039062500000000e-01,3.346801757812499778e-01
7.577392578124999556e-01,2.294921875000000000e-02,7.257202148437499334e-01
2.420141601562499911e+00,2.294921875000000000e-02,7.257202148437499334e-01
7.577392578124999556e-01,7.709960937500000000e-01,7.257202148437499334e-01
7.577392578124999556e-01,2.294921875000000000e-02,8.096801757812499556e-01
2.420141601562499911e+00,7.709960937500000000e-01,8.096801757812499556e-01
5.764892578125000444e-01,-1.020507812500000000e-01,3.100952148437499667e-01
1.876391601562499956e+00,-1.020507812500000000e-01,3.100952148437499667e-01
5.764892578125000444e-01,-3.540039062500000000e-01,3.100952148437499667e-01
5.764892578125000444e-01,-1.020507812500000000e-01,8.690551757812499112e-01
1.876391601562499956e+00,-3.540039062500000000e-01,8.690551757812499112e-01
2.026489257812500000e+00,8.979492187500000000e-01,7.850952148437500000e-01
4.263916015625000000e-01,8.979492187500000000e-01,7.850952148437500000e-01
2.026489257812500000e+00,6.459960937500000000e-01,7.850952148437500000e-01
2.026489257812500000e+00,8.979492187500000000e-01,3.940551757812499889e-01
4.263916015625000000e-01,6.459960937500000000e-01,3.940551757812499889e-01
2.751489257812500089e+00,-6.020507812500000000e-01,7.259521484374999167e-02
2.601391601562499822e+00,-6.020507812500000000e-01,7.259521484374999167e-02
2.751489257812500089e+00,1.459960937500000000e-01,7.259521484374999167e-02
2.751489257812500089e+00,-6.020507812500000000e-01,1.565551757812500000e-01
2.601391601562499822e+00,1.459960937500000000e-01,1.565551757812500000e-01
1.301489257812500133e+00,3.979492187500000000e-01,5.475952148437499556e-01
1.151391601562500089e+00,3.979492187500000000e-01,5.475952148437499556e-01
1.301489257812500133e+00,-8.540039062500000000e-01,5.475952148437499556e-01
1.301489257812500133e+00,3.979492187500000000e-01,6.315551757812499778e-01
1.151391601562500089e+00,-8.540039062500000000e-01,6.315551757812499778e-01
9.389892578124999778e-01,-8.520507812500000000e-01,9.038452148437499112e-01
1.513891601562500133e+00,-8.520507812500000000e-01,9.038452148437499112e-01
9.389892578124999778e-01,-6.040039062500000000e-01,9.038452148437499112e-01
9.389892578124999778e-01,-8.520507812500000000e-01,7.503051757812500000e-01
1.513891601562500133e+00,-6.040039062500000000e-01,7.503051757812500000e-01
2.388989257812499822e+00,1.479492187500000000e-01,4.288452148437499889e-01
2.963891601562500089e+00,1.479492187500000000e-01,4.288452148437499889e-01
2.388989257812499822e+00,3.959960937500000000e-01,4.288452148437499889e-01
2.388989257812499822e+00,1.479492187500000000e-01,2.753051757812499667e-01
2.963891601562500089e+00,3.959960937500000000e-01,2.753051757812499667e-01
1.663989257812499956e+00,-3.520507812500000000e-01,6.663452148437499778e-01
7.888916015624999334e-01,-3.520507812500000000e-01,6.663452148437499778e-01
1.663989257812499956e+00,8.959960937500000000e-01,6.663452148437499778e-01
1.663989257812499956e+00,-3.520507812500000000e-01,3.780517578124999861e-02
7.888916015624999334e-01,8.959960937500000000e-01,3.780517578124999861e-02
2.139892578125000000e-01,6.479492187500000000e-01,1.913452148437500000e-01
2.238891601562500000e+00,6.479492187500000000e-01,1.913452148437500000e-01
2.139892578125000000e-01,-1.040039062500000000e-01,1.913452148437500000e-01
2.139892578125000000e-01,6.479492187500000000e-01,5.128051757812499556e-01
2.238891601562500000e+00,-1.040039062500000000e-01,5.128051757812499556e-01
2.593017578124999778e-01,-7.583007812500000000e-01,4.140014648437500000e-01
2.374829101562499822e+00,-7.583007812500000000e-01,4.140014648437500000e-01
2.593017578124999778e-01,3.647460937500000000e-01,4.140014648437500000e-01
2.593017578124999778e-01,-7.583007812500000000e-01,6.463989257812500222e-01
2.374829101562499822e+00,3.647460937500000000e-01,6.463989257812500222e-01
1.709301757812500044e+00,2.416992187500000000e-01,8.890014648437499778e-01
9.248291015624999778e-01,2.416992187500000000e-01,8.890014648437499778e-01
1.709301757812500044e+00,-6.352539062500000000e-01,8.890014648437499778e-01
1.709301757812500044e+00,2.416992187500000000e-01,1.713989257812499889e-01
9.248291015624999778e-01,-6.352539062500000000e-01,1.713989257812499889e-01
2.434301757812499911e+00,-2.583007812500000000e-01,1.765014648437499833e-01
1.649829101562499956e+00,-2.583007812500000000e-01,1.765014648437499833e-01
2.434301757812499911e+00,-1.352539062500000000e-01,1.765014648437499833e-01
2.434301757812499911e+00,-2.583007812500000000e-01,4.088989257812499778e-01
1.649829101562499956e+00,-1.352539062500000000e-01,4.088989257812499778e-01
9.843017578124999556e-01,7.416992187500000000e-01,6.515014648437499334e-01
1.998291015625000000e-01,7.416992187500000000e-01,6.515014648437499334e-01
9.843017578124999556e-01,8.647460937500000000e-01,6.515014648437499334e-01
9.843017578124999556e-01,7.416992187500000000e-01,8.838989257812499556e-01
1.998291015625000000e-01,8.647460937500000000e-01,8.838989257812499556e-01
1.346801757812500000e+00,-8.300781250000000000e-03,7.702514648437499556e-01
5.623291015625000444e-01,-8.300781250000000000e-03,7.702514648437499556e-01
1.346801757812500000e+00,6.147460937500000000e-01,7.702514648437499556e-01
1.346801757812500000e+00,-8.300781250000000000e-03,5.276489257812500000e-01
5.623291015625000444e-01,6.147460937500000000e-01,5.276489257812500000e-01
2.796801757812500178e+00,9.916992187500000000e-01,2.952514648437499778e-01
2.012329101562500000e+00,9.916992187500000000e-01,2.952514648437499778e-01
2.796801757812500178e+00,-3.852539062500000000e-01,2.952514648437499778e-01
2.796801757812500178e+00,9.916992187500000000e-01,5.264892578124999445e-02
2.012329101562500000e+00,-3.852539062500000000e-01,5.264892578124999445e-02
2.071801757812500089e+00,-5.083007812500000000e-01,5.327514648437500222e-01
1.287329101562500133e+00,-5.083007812500000000e-01,5.327514648437500222e-01
2.071801757812500089e+00,-8.852539062500000000e-01,5.327514648437500222e-01
2.071801757812500089e+00,-5.083007812500000000e-01,2.901489257812500111e-01
1.287329101562500133e+00,-8.852539062500000000e-01,2.901489257812500111e-01
6.218017578124999112e-01,4.916992187500000000e-01,5.775146484374999584e-02
2.737329101562500089e+00,4.916992187500000000e-01,5.775146484374999584e-02
6.218017578124999112e-01,1.147460937500000000e-01,5.775146484374999584e-02
6.218017578124999112e-01,4.916992187500000000e-01,7.651489257812499334e-01
2.737329101562500089e+00,1.147460937500000000e-01,7.651489257812499334e-01
8.030517578124999334e-01,-3.833007812500000000e-01,5.921264648437499778e-01
2.193579101562499911e+00,-3.833007812500000000e-01,5.921264648437499778e-01
8.030517578124999334e-01,-5.102539062500000000e-01,5.921264648437499778e-01
8.030517578124999334e-01,-3.833007812500000000e-01,9.432739257812499112e-01
2.193579101562499911e+00,-5.102539062500000000e-01,9.432739257812499112e-01
2.253051757812500000e+00,6.166992187500000000e-01,1.171264648437500000e-01
7.435791015624999556e-01,6.166992187500000000e-01,1.171264648437500000e-01
2.253051757812500000e+00,4.897460937500000000e-01,1.171264648437500000e-01
2.253051757812500000e+00,6.166992187500000000e-01,4.682739257812499889e-01
7.435791015624999556e-01,4.897460937500000000e-01,4.682739257812499889e-01
2.978051757812500089e+00,-8.833007812500000000e-01,8.296264648437499112e-01
2.918579101562500000e+00,-8.833007812500000000e-01,8.296264648437499112e-01
2.978051757812500089e+00,9.897460937500000000e-01,8.296264648437499112e-01
2.978051757812500089e+00,-8.833007812500000000e-01,2.307739257812500000e-01
2.918579101562500000e+00,9.897460937500000000e-01,2.307739257812500000e-01
1.528051757812500133e+00,1.166992187500000000e-01,3.546264648437499889e-01
1.468579101562500044e+00,1.166992187500000000e-01,3.546264648437499889e-01
1.528051757812500133e+00,-1.025390625000000000e-02,3.546264648437499889e-01
1.528051757812500133e+00,1.166992187500000000e-01,7.057739257812499778e-01
1.468579101562500044e+00,-1.025390625000000000e-02,7.057739257812499778e-01
1.165551757812500089e+00,-6.333007812500000000e-01,2.358764648437499944e-01
1.106079101562500000e+00,-6.333007812500000000e-01,2.358764648437499944e-01
1.165551757812500089e+00,-2.602539062500000000e-01,2.358764648437499944e-01
1.165551757812500089e+00,-6.333007812500000000e-01,8.245239257812500000e-01
1.106079101562500000e+00,-2.602539062500000000e-01,8.245239257812500000e-01
2.615551757812499822e+00,3.666992187500000000e-01,7.108764648437500000e-01
2.556079101562500178e+00,3.666992187500000000e-01,7.108764648437500000e-01
2.615551757812499822e+00,7.397460937500000000e-01,7.108764648437500000e-01
2.615551757812499822e+00,3.666992187500000000e-01,3.495239257812499667e-01
2.556079101562500178e+00,7.397460937500000000e-01,3.495239257812499667e-01
1.890551757812499956e+00,-1.333007812500000000e-01,4.733764648437499556e-01
3.810791015625000222e-01,-1.333007812500000000e-01,4.733764648437499556e-01
1.890551757812499956e+00,2.397460937500000000e-01,4.733764648437499556e-01
1.890551757812499956e+00,-1.333007812500000000e-01,1.120239257812499917e-01
3.810791015625000222e-01,2.397460937500000000e-01,1.120239257812499917e-01
4.405517578125000000e-01,8.666992187500000000e-01,9.483764648437499334e-01
1.831079101562500089e+00,8.666992187500000000e-01,9.483764648437499334e-01
4.405517578125000000e-01,-7.602539062500000000e-01,9.483764648437499334e-01
4.405517578125000000e-01,8.666992187500000000e-01,5.870239257812499556e-01
1.831079101562500089e+00,-7.602539062500000000e-01,5.870239257812499556e-01
3.499267578124999889e-01,-1.958007812500000000e-01,8.743896484374999445e-02
1.196704101562499956e+00,-1.958007812500000000e-01,8.743896484374999445e-02
3.499267578124999889e-01,8.022460937500000000e-01,8.743896484374999445e-02
3.499267578124999889e-01,-1.958007812500000000e-01,3.198364257812499889e-01
1.196704101562499956e+00,8.022460937500000000e-01,3.198364257812499889e-01
1.799926757812500000e+00,8.041992187500000000e-01,5.624389648437500000e-01
2.646704101562499911e+00,8.041992187500000000e-01,5.624389648437500000e-01
1.799926757812500000e+00,-1.977539062500000000e-01,5.624389648437500000e-01
1.799926757812500000e+00,8.041992187500000000e-01,7.948364257812499112e-01
2.646704101562499911e+00,-1.977539062500000000e-01,7.948364257812499112e-01
2.524926757812500089e+00,-6.958007812500000000e-01,3.249389648437500111e-01
4.717041015624999778e-01,-6.958007812500000000e-01,3.249389648437500111e-01
2.524926757812500089e+00,-6.977539062500000000e-01,3.249389648437500111e-01
2.524926757812500089e+00,-6.958007812500000000e-01,5.573364257812499778e-01
4.717041015624999778e-01,-6.977539062500000000e-01,5.573364257812499778e-01
1.074926757812499911e+00,3.041992187500000000e-01,7.999389648437499334e-01
1.921704101562500044e+00,3.041992187500000000e-01,7.999389648437499334e-01
1.074926757812499911e+00,3.022460937500000000e-01,7.999389648437499334e-01
1.074926757812499911e+00,3.041992187500000000e-01,8.233642578125000000e-02
1.921704101562500044e+00,3.022460937500000000e-01,8.233642578125000000e-02
1.437426757812499956e+00,-9.458007812500000000e-01,6.811889648437500222e-01
1.559204101562500000e+00,-9.458007812500000000e-01,6.811889648437500222e-01
1.437426757812499956e+00,5.224609375000000000e-02,6.811889648437500222e-01
1.437426757812499956e+00,-9.458007812500000000e-01,4.385864257812499556e-01
1.559204101562500000e+00,5.224609375000000000e-02,4.385864257812499556e-01
2.887426757812499911e+00,5.419921875000000000e-02,2.061889648437499889e-01
1.092041015625000028e-01,5.419921875000000000e-02,2.061889648437499889e-01
2.887426757812499911e+00,-9.477539062500000000e-01,2.061889648437499889e-01
2.887426757812499911e+00,5.419921875000000000e-02,9.135864257812499334e-01
1.092041015625000028e-01,-9.477539062500000000e-01,9.135864257812499334e-01
2.162426757812499822e+00,-4.458007812500000000e-01,9.186889648437499556e-01
2.284204101562500089e+00,-4.458007812500000000e-01,9.186889648437499556e-01
2.162426757812499822e+00,-4.477539062500000000e-01,9.186889648437499556e-01
2.162426757812499822e+00,-4.458007812500000000e-01,6.760864257812500000e-01
2.284204101562500089e+00,-4.477539062500000000e-01,6.760864257812500000e-01
7.124267578124999778e-01,5.541992187500000000e-01,4.436889648437499778e-01
8.342041015624999112e-01,5.541992187500000000e-01,4.436889648437499778e-01
7.124267578124999778e-01,5.522460937500000000e-01,4.436889648437499778e-01
7.124267578124999778e-01,5.541992187500000000e-01,2.010864257812499944e-01
8.342041015624999112e-01,5.522460937500000000e-01,2.010864257812499944e-01
5.311767578124999556e-01,-5.708007812500000000e-01,8.593139648437500000e-01
2.904541015625000111e-01,-5.708007812500000000e-01,8.593139648437500000e-01
5.311767578124999556e-01,-7.275390625000000000e-02,8.593139648437500000e-01
5.311767578124999556e-01,-5.708007812500000000e-01,2.296142578124999931e-02
2.904541015625000111e-01,-7.275390625000000000e-02,2.296142578124999931e-02
1.981176757812500133e+00,4.291992187500000000e-01,3.843139648437499667e-01
1.740454101562500133e+00,4.291992187500000000e-01,3.843139648437499667e-01
1.981176757812500133e+00,9.272460937500000000e-01,3.843139648437499667e-01
1.981176757812500133e+00,4.291992187500000000e-01,4.979614257812499667e-01
1.740454101562500133e+00,9.272460937500000000e-01,4.979614257812499667e-01
2.706176757812500000e+00,-7.080078125000000000e-02,6.218139648437499556e-01
1.015454101562500044e+00,-7.080078125000000000e-02,6.218139648437499556e-01
2.706176757812500000e+00,4.272460937500000000e-01,6.218139648437499556e-01
2.706176757812500000e+00,-7.080078125000000000e-02,7.354614257812499556e-01
1.015454101562500044e+00,4.272460937500000000e-01,7.354614257812499556e-01
1.256176757812500044e+00,9.291992187500000000e-01,1.468139648437500056e-01
2.465454101562500000e+00,9.291992187500000000e-01,1.468139648437500056e-01
1.256176757812500044e+00,-5.727539062500000000e-01,1.468139648437500056e-01
1.256176757812500044e+00,9.291992187500000000e-01,2.604614257812499778e-01
2.465454101562500000e+00,-5.727539062500000000e-01,2.604614257812499778e-01
8.936767578125000000e-01,-3.208007812500000000e-01,2.655639648437500000e-01
2.827954101562499822e+00,-3.208007812500000000e-01,2.655639648437500000e-01
8.936767578125000000e-01,-8.227539062500000000e-01,2.655639648437500000e-01
8.936767578125000000e-01,-3.208007812500000000e-01,1.417114257812499833e-01
2.827954101562499822e+00,-8.227539062500000000e-01,1.417114257812499833e-01
2.343676757812500178e+00,6.791992187500000000e-01,7.405639648437499778e-01
1.377954101562500089e+00,6.791992187500000000e-01,7.405639648437499778e-01
2.343676757812500178e+00,1.772460937500000000e-01,7.405639648437499778e-01
2.343676757812500178e+00,6.791992187500000000e-01,6.167114257812499334e-01
1.377954101562500089e+00,1.772460937500000000e-01,6.167114257812499334e-01
1.618676757812500089e+00,-8.208007812500000000e-01,2.806396484374999722e-02
2.102954101562500178e+00,-8.208007812500000000e-01,2.806396484374999722e-02
1.618676757812500089e+00,6.772460937500000000e-01,2.806396484374999722e-02
1.618676757812500089e+00,-8.208007812500000000e-01,8.542114257812499778e-01
2.102954101562500178e+00,6.772460937500000000e-01,8.542114257812499778e-01
1.686767578125000222e-01,1.791992187500000000e-01,5.030639648437499334e-01
6.529541015625000000e-01,1.791992187500000000e-01,5.030639648437499334e-01
1.686767578125000222e-01,-3.227539062500000000e-01,5.030639648437499334e-01
1.686767578125000222e-01,1.791992187500000000e-01,3.792114257812500000e-01
6.529541015625000000e-01,-3.227539062500000000e-01,3.792114257812500000e-01
1.460205078125000056e-01,-5.239257812500000000e-01,3.548583984374999861e-02
1.763110351562499956e+00,-5.239257812500000000e-01,3.548583984374999861e-02
1.460205078125000056e-01,-6.508789062500000000e-01,3.548583984374999861e-02
1.460205078125000056e-01,-5.239257812500000000e-01,1.788208007812499833e-01
1.763110351562499956e+00,-6.508789062500000000e-01,1.788208007812499833e-01
1.596020507812500044e+00,4.760742187500000000e-01,5.104858398437499556e-01
3.131103515625000000e-01,4.760742187500000000e-01,5.104858398437499556e-01
1.596020507812500044e+00,3.491210937500000000e-01,5.104858398437499556e-01
1.596020507812500044e+00,4.760742187500000000e-01,6.538208007812499334e-01
3.131103515625000000e-01,3.491210937500000000e-01,6.538208007812499334e-01
2.321020507812499911e+00,-2.392578125000000000e-02,2.729858398437499667e-01
2.488110351562499822e+00,-2.392578125000000000e-02,2.729858398437499667e-01
2.321020507812499911e+00,8.491210937500000000e-01,2.729858398437499667e-01
2.321020507812499911e+00,-2.392578125000000000e-02,8.913208007812499778e-01
2.488110351562499822e+00,8.491210937500000000e-01,8.913208007812499778e-01
8.710205078124999556e-01,9.760742187500000000e-01,7.479858398437500000e-01
1.038110351562500089e+00,9.760742187500000000e-01,7.479858398437500000e-01
8.710205078124999556e-01,-1.508789062500000000e-01,7.479858398437500000e-01
8.710205078124999556e-01,9.760742187500000000e-01,4.163208007812500000e-01
1.038110351562500089e+00,-1.508789062500000000e-01,4.163208007812500000e-01
1.233520507812500000e+00,-2.739257812500000000e-01,6.292358398437499778e-01
1.400610351562500133e+00,-2.739257812500000000e-01,6.292358398437499778e-01
1.233520507812500000e+00,-4.008789062500000000e-01,6.292358398437499778e-01
1.233520507812500000e+00,-2.739257812500000000e-01,6.007080078124999584e-02
1.400610351562500133e+00,-4.008789062500000000e-01,6.007080078124999584e-02
2.683520507812500178e+00,7.260742187500000000e-01,1.542358398437500000e-01
2.850610351562500089e+00,7.260742187500000000e-01,1.542358398437500000e-01
2.683520507812500178e+00,5.991210937500000000e-01,1.542358398437500000e-01
2.683520507812500178e+00,7.260742187500000000e-01,5.350708007812500222e-01
2.850610351562500089e+00,5.991210937500000000e-01,5.350708007812500222e-01
1.958520507812500089e+00,-7.739257812500000000e-01,8.667358398437499112e-01
6.756103515624999334e-01,-7.739257812500000000e-01,8.667358398437499112e-01
1.958520507812500089e+00,9.912109375000000000e-02,8.667358398437499112e-01
1.958520507812500089e+00,-7.739257812500000000e-01,7.725708007812499556e-01
6.756103515624999334e-01,9.912109375000000000e-02,7.725708007812499556e-01
5.085205078125000222e-01,2.260742187500000000e-01,3.917358398437499889e-01
2.125610351562500000e+00,2.260742187500000000e-01,3.917358398437499889e-01
5.085205078125000222e-01,-9.008789062500000000e-01,3.917358398437499889e-01
5.085205078125000222e-01,2.260742187500000000e-01,2.975708007812499778e-01
2.125610351562500000e+00,-9.008789062500000000e-01,2.975708007812499778e-01
6.897705078124999334e-01,-1.489257812500000000e-01,9.261108398437499778e-01
2.669360351562500178e+00,-1.489257812500000000e-01,9.261108398437499778e-01
6.897705078124999334e-01,4.741210937500000000e-01,9.261108398437499778e-01
6.897705078124999334e-01,-1.489257812500000000e-01,3.569458007812499889e-01
2.669360351562500178e+00,4.741210937500000000e-01,3.569458007812499889e-01
2.139770507812500000e+00,8.510742187500000000e-01,4.511108398437500000e-01
1.219360351562500000e+00,8.510742187500000000e-01,4.511108398437500000e-01
2.139770507812500000e+00,-5.258789062500000000e-01,4.511108398437500000e-01
2.139770507812500000e+00,8.510742187500000000e-01,8.319458007812499112e-01
1.219360351562500000e+00,-5.258789062500000000e-01,8.319458007812499112e-01
2.864770507812500089e+00,-6.489257812500000000e-01,6.886108398437499334e-01
1.944360351562500089e+00,-6.489257812500000000e-01,6.886108398437499334e-01
2.864770507812500089e+00,-2.587890625000000000e-02,6.886108398437499334e-01
2.864770507812500089e+00,-6.489257812500000000e-01,5.944458007812499778e-01
1.944360351562500089e+00,-2.587890625000000000e-02,5.944458007812499778e-01
1.414770507812500133e+00,3.510742187500000000e-01,2.136108398437499833e-01
4.943603515625000222e-01,3.510742187500000000e-01,2.136108398437499833e-01
1.414770507812500133e+00,9.741210937500000000e-01,2.136108398437499833e-01
1.414770507812500133e+00,3.510742187500000000e-01,1.194458007812500000e-01
4.943603515625000222e-01,9.741210937500000000e-01,1.194458007812500000e-01
1.052270507812500089e+00,-8.989257812500000000e-01,3.323608398437499778e-01
1.318603515625000056e-01,-8.989257812500000000e-01,3.323608398437499778e-01
1.052270507812500089e+00,7.241210937500000000e-01,3.323608398437499778e-01
1.052270507812500089e+00,-8.989257812500000000e-01,2.381958007812499944e-01
1.318603515625000056e-01,7.241210937500000000e-01,2.381958007812499944e-01
2.502270507812499822e+00,1.010742187500000000e-01,8.073608398437499556e-01
1.581860351562500044e+00,1.010742187500000000e-01,8.073608398437499556e-01
2.502270507812499822e+00,-2.758789062500000000e-01,8.073608398437499556e-01
2.502270507812499822e+00,1.010742187500000000e-01,7.131958007812500000e-01
1.581860351562500044e+00,-2.758789062500000000e-01,7.131958007812500000e-01
1.777270507812499956e+00,-3.989257812500000000e-01,9.486083984374998890e-02
8.568603515624999556e-01,-3.989257812500000000e-01,9.486083984374998890e-02
1.777270507812499956e+00,-7.758789062500000000e-01,9.486083984374998890e-02
1.777270507812499956e+00,-3.989257812500000000e-01,4.756958007812499556e-01
8.568603515624999556e-01,-7.758789062500000000e-01,4.756958007812499556e-01
3.272705078125000000e-01,6.010742187500000000e-01,5.698608398437500222e-01
2.306860351562499911e+00,6.010742187500000000e-01,5.698608398437500222e-01
3.272705078125000000e-01,2.241210937500000000e-01,5.698608398437500222e-01
3.272705078125000000e-01,6.010742187500000000e-01,6.958007812499999133e-04
2.306860351562499911e+00,2.241210937500000000e-01,6.958007812499999133e-04
4.178955078124999556e-01,-4.614257812500000000e-01,4.214233398437499667e-01
7.662353515625000000e-01,-4.614257812500000000e-01,4.214233398437499667e-01
4.178955078124999556e-01,-2.133789062500000000e-01,4.214233398437499667e-01
4.178955078124999556e-01,-4.614257812500000000e-01,7.428833007812499778e-01
7.662353515625000000e-01,-2.133789062500000000e-01,7.428833007812499778e-01
1.867895507812500133e+00,5.385742187500000000e-01,8.964233398437500000e-01
2.216235351562500178e+00,5.385742187500000000e-01,8.964233398437500000e-01
1.867895507812500133e+00,7.866210937500000000e-01,8.964233398437500000e-01
1.867895507812500133e+00,5.385742187500000000e-01,2.678833007812500000e-01
2.216235351562500178e+00,7.866210937500000000e-01,2.678833007812500000e-01
2.592895507812500000e+00,-9.614257812500000000e-01,1.839233398437499778e-01
1.491235351562500089e+00,-9.614257812500000000e-01,1.839233398437499778e-01
2.592895507812500000e+00,2.866210937500000000e-01,1.839233398437499778e-01
2.592895507812500000e+00,-9.614257812500000000e-01,3.038330078124999722e-02
1.491235351562500089e+00,2.866210937500000000e-01,3.038330078124999722e-02
1.142895507812500044e+00,3.857421875000000000e-02,6.589233398437499556e-01
2.941235351562499822e+00,3.857421875000000000e-02,6.589233398437499556e-01
1.142895507812500044e+00,-7.133789062500000000e-01,6.589233398437499556e-01
1.142895507812500044e+00,3.857421875000000000e-02,5.053833007812499334e-01
2.941235351562499822e+00,-7.133789062500000000e-01,5.053833007812499334e-01
1.505395507812500089e+00,-7.114257812500000000e-01,7.776733398437499778e-01
2.578735351562500000e+00,-7.114257812500000000e-01,7.776733398437499778e-01
1.505395507812500089e+00,-9.633789062500000000e-01,7.776733398437499778e-01
1.505395507812500089e+00,-7.114257812500000000e-01,8.616333007812500000e-01
2.578735351562500000e+00,-9.633789062500000000e-01,8.616333007812500000e-01
2.955395507812499822e+00,2.885742187500000000e-01,3.026733398437500000e-01
1.128735351562500044e+00,2.885742187500000000e-01,3.026733398437500000e-01
2.955395507812499822e+00,3.662109375000000000e-02,3.026733398437500000e-01
2.955395507812499822e+00,2.885742187500000000e-01,3.866333007812499667e-01
1.128735351562500044e+00,3.662109375000000000e-02,3.866333007812499667e-01
2.230395507812500178e+00,-2.114257812500000000e-01,5.401733398437499334e-01
1.853735351562500133e+00,-2.114257812500000000e-01,5.401733398437499334e-01
2.230395507812500178e+00,5.366210937500000000e-01,5.401733398437499334e-01
2.230395507812500178e+00,-2.114257812500000000e-01,1.491333007812500056e-01
1.853735351562500133e+00,5.366210937500000000e-01,1.491333007812500056e-01
7.803955078125000000e-01,7.885742187500000000e-01,6.517333984374999722e-02
4.037353515624999556e-01,7.885742187500000000e-01,6.517333984374999722e-02
7.803955078125000000e-01,-4.633789062500000000e-01,6.517333984374999722e-02
7.803955078125000000e-01,7.885742187500000000e-01,6.241333007812499556e-01
4.037353515624999556e-01,-4.633789062500000000e-01,6.241333007812499556e-01
5.991455078124999778e-01,-8.364257812500000000e-01,4.807983398437499778e-01
9.474853515624999112e-01,-8.364257812500000000e-01,4.807983398437499778e-01
5.991455078124999778e-01,9.116210937500000000e-01,4.807983398437499778e-01
5.991455078124999778e-01,-8.364257812500000000e-01,5.647583007812500000e-01
9.474853515624999112e-01,9.116210937500000000e-01,5.647583007812500000e-01
2.049145507812499822e+00,1.635742187500000000e-01,5.798339843750000000e-03
2.397485351562500089e+00,1.635742187500000000e-01,5.798339843750000000e-03
2.049145507812499822e+00,-8.837890625000000000e-02,5.798339843750000000e-03
2.049145507812499822e+00,1.635742187500000000e-01,8.975830078124999445e-02
2.397485351562500089e+00,-8.837890625000000000e-02,8.975830078124999445e-02
2.774145507812499911e+00,-3.364257812500000000e-01,7.182983398437499112e-01
2.224853515624999889e-01,-3.364257812500000000e-01,7.182983398437499112e-01
2.774145507812499911e+00,-5.883789062500000000e-01,7.182983398437499112e-01
2.774145507812499911e+00,-3.364257812500000000e-01,3.272583007812500111e-01
2.224853515624999889e-01,-5.883789062500000000e-01,3.272583007812500111e-01
1.324145507812499956e+00,6.635742187500000000e-01,2.432983398437499889e-01
1.672485351562500000e+00,6.635742187500000000e-01,2.432983398437499889e-01
1.324145507812499956e+00,4.116210937500000000e-01,2.432983398437499889e-01
1.324145507812499956e+00,6.635742187500000000e-01,8.022583007812499334e-01
1.672485351562500000e+00,4.116210937500000000e-01,8.022583007812499334e-01
9.616455078124999112e-01,-8.642578125000000000e-02,1.245483398437499944e-01
2.034985351562499822e+00,-8.642578125000000000e-02,1.245483398437499944e-01
9.616455078124999112e-01,1.616210937500000000e-01,1.245483398437499944e-01
9.616455078124999112e-01,-8.642578125000000000e-02,6.835083007812500222e-01
2.034985351562499822e+00,1.616210937500000000e-01,6.835083007812500222e-01
2.411645507812500089e+00,9.135742187500000000e-01,5.995483398437500000e-01
5.849853515624999778e-01,9.135742187500000000e-01,5.995483398437500000e-01
2.411645507812500089e+00,-8.383789062500000000e-01,5.995483398437500000e-01
2.411645507812500089e+00,9.135742187500000000e-01,2.085083007812499889e-01
5.849853515624999778e-01,-8.383789062500000000e-01,2.085083007812499889e-01
1.686645507812500000e+00,-5.864257812500000000e-01,3.620483398437499556e-01
2.759985351562499911e+00,-5.864257812500000000e-01,3.620483398437499556e-01
1.686645507812500000e+00,-3.383789062500000000e-01,3.620483398437499556e-01
1.686645507812500000e+00,-5.864257812500000000e-01,4.460083007812499778e-01
2.759985351562499911e+00,-3.383789062500000000e-01,4.460083007812499778e-01
2.366455078124999889e-01,4.135742187500000000e-01,8.370483398437499334e-01
1.309985351562499956e+00,4.135742187500000000e-01,8.370483398437499334e-01
2.366455078124999889e-01,6.616210937500000000e-01,8.370483398437499334e-01
2.366455078124999889e-01,4.135742187500000000e-01,9.210083007812499556e-01
1.309985351562499956e+00,6.616210937500000000e-01,9.210083007812499556e-01
1.913330078125000111e-01,-5.517578125000000000e-02,7.034545898437499778e-01
4.490478515625000444e-01,-5.517578125000000000e-02,7.034545898437499778e-01
1.913330078125000111e-01,-9.321289062500000000e-01,7.034545898437499778e-01
1.913330078125000111e-01,-5.517578125000000000e-02,8.171020507812499778e-01
4.490478515625000444e-01,-9.321289062500000000e-01,8.171020507812499778e-01
1.641333007812500133e+00,9.448242187500000000e-01,2.284545898437500000e-01
1.899047851562500000e+00,9.448242187500000000e-01,2.284545898437500000e-01
1.641333007812500133e+00,6.787109375000000000e-02,2.284545898437500000e-01
1.641333007812500133e+00,9.448242187500000000e-01,3.421020507812500000e-01
1.899047851562500000e+00,6.787109375000000000e-02,3.421020507812500000e-01
2.366333007812500000e+00,-5.551757812500000000e-01,9.409545898437499112e-01
1.174047851562500133e+00,-5.551757812500000000e-01,9.409545898437499112e-01
2.366333007812500000e+00,5.678710937500000000e-01,9.409545898437499112e-01
2.366333007812500000e+00,-5.551757812500000000e-01,1.046020507812499972e-01
1.174047851562500133e+00,5.678710937500000000e-01,1.046020507812499972e-01
9.163330078124999334e-01,4.448242187500000000e-01,4.659545898437499889e-01
2.624047851562500089e+00,4.448242187500000000e-01,4.659545898437499889e-01
9.163330078124999334e-01,-4.321289062500000000e-01,4.659545898437499889e-01
9.163330078124999334e-01,4.448242187500000000e-01,5.796020507812499334e-01
2.624047851562500089e+00,-4.321289062500000000e-01,5.796020507812499334e-01
1.278833007812500089e+00,-8.051757812500000000e-01,1.097045898437499917e-01
2.986547851562499911e+00,-8.051757812500000000e-01,1.097045898437499917e-01
1.278833007812500089e+00,-1.821289062500000000e-01,1.097045898437499917e-01
1.278833007812500089e+00,-8.051757812500000000e-01,9.358520507812500000e-01
2.986547851562499911e+00,-1.821289062500000000e-01,9.358520507812500000e-01
2.728833007812499822e+00,1.948242187500000000e-01,5.847045898437499556e-01
1.536547851562499956e+00,1.948242187500000000e-01,5.847045898437499556e-01
2.728833007812499822e+00,8.178710937500000000e-01,5.847045898437499556e-01
2.728833007812499822e+00,1.948242187500000000e-01,4.608520507812499667e-01
1.536547851562499956e+00,8.178710937500000000e-01,4.608520507812499667e-01
2.003833007812499734e+00,-3.051757812500000000e-01,3.472045898437499667e-01
2.261547851562499822e+00,-3.051757812500000000e-01,3.472045898437499667e-01
2.003833007812499734e+00,3.178710937500000000e-01,3.472045898437499667e-01
2.003833007812499734e+00,-3.051757812500000000e-01,2.233520507812499778e-01
2.261547851562499822e+00,3.178710937500000000e-01,2.233520507812499778e-01
5.538330078125000000e-01,6.948242187500000000e-01,8.222045898437500000e-01
8.115478515624999778e-01,6.948242187500000000e-01,8.222045898437500000e-01
5.538330078125000000e-01,-6.821289062500000000e-01,8.222045898437500000e-01
5.538330078125000000e-01,6.948242187500000000e-01,6.983520507812499556e-01
8.115478515624999778e-01,-6.821289062500000000e-01,6.983520507812499556e-01
7.350830078124999112e-01,-6.801757812500000000e-01,2.878295898437500111e-01
1.355297851562500044e+00,-6.801757812500000000e-01,2.878295898437500111e-01
7.350830078124999112e-01,1.928710937500000000e-01,2.878295898437500111e-01
7.350830078124999112e-01,-6.801757812500000000e-01,5.202270507812499778e-01
1.355297851562500044e+00,1.928710937500000000e-01,5.202270507812499778e-01
2.185083007812500089e+00,3.198242187500000000e-01,7.628295898437499334e-01
2.805297851562500000e+00,3.198242187500000000e-01,7.628295898437499334e-01
2.185083007812500089e+00,-8.071289062500000000e-01,7.628295898437499334e-01
2.185083007812500089e+00,3.198242187500000000e-01,4.522705078125000000e-02
2.805297851562500000e+00,-8.071289062500000000e-01,4.522705078125000000e-02
2.910083007812500178e+00,-1.801757812500000000e-01,5.032958984374999445e-02
6.302978515624999556e-01,-1.801757812500000000e-01,5.032958984374999445e-02
2.910083007812500178e+00,-3.071289062500000000e-01,5.032958984374999445e-02
2.910083007812500178e+00,-1.801757812500000000e-01,2.827270507812499889e-01
6.302978515624999556e-01,-3.071289062500000000e-01,2.827270507812499889e-01
1.460083007812500000e+00,8.198242187500000000e-01,5.253295898437500000e-01
2.080297851562499911e+00,8.198242187500000000e-01,5.253295898437500000e-01
1.460083007812500000e+00,6.928710937500000000e-01,5.253295898437500000e-01
1.460083007812500000e+00,8.198242187500000000e-01,7.577270507812499112e-01
2.080297851562499911e+00,6.928710937500000000e-01,7.577270507812499112e-01
1.097583007812499956e+00,-4.301757812500000000e-01,8.815795898437499556e-01
1.717797851562500089e+00,-4.301757812500000000e-01,8.815795898437499556e-01
1.097583007812499956e+00,9.428710937500000000e-01,8.815795898437499556e-01
1.097583007812499956e+00,-4.301757812500000000e-01,6.389770507812500000e-01
1.717797851562500089e+00,9.428710937500000000e-01,6.389770507812500000e-01
2.547583007812499911e+00,5.698242187500000000e-01,4.065795898437499778e-01
2.677978515625000222e-01,5.698242187500000000e-01,4.065795898437499778e-01
2.547583007812499911e+00,-5.712890625000000000e-02,4.065795898437499778e-01
2.547583007812499911e+00,5.698242187500000000e-01,1.639770507812499944e-01
2.677978515625000222e-01,-5.712890625000000000e-02,1.639770507812499944e-01
1.822583007812500044e+00,-9.301757812500000000e-01,6.440795898437500222e-01
2.442797851562500178e+00,-9.301757812500000000e-01,6.440795898437500222e-01
1.822583007812500044e+00,-5.571289062500000000e-01,6.440795898437500222e-01
1.822583007812500044e+00,-9.301757812500000000e-01,4.014770507812499556e-01
2.442797851562500178e+00,-5.571289062500000000e-01,4.014770507812499556e-01
3.725830078124999778e-01,6.982421875000000000e-02,1.690795898437499889e-01
9.927978515625000000e-01,6.982421875000000000e-02,1.690795898437499889e-01
3.725830078124999778e-01,4.428710937500000000e-01,1.690795898437499889e-01
3.725830078124999778e-01,6.982421875000000000e-02,8.764770507812499334e-01
9.927978515625000000e-01,4.428710937500000000e-01,8.764770507812499334e-01
2.819580078125000222e-01,-9.926757812500000000e-01,7.331420898437499556e-01
2.170922851562500089e+00,-9.926757812500000000e-01,7.331420898437499556e-01
2.819580078125000222e-01,-4.946289062500000000e-01,7.331420898437499556e-01
2.819580078125000222e-01,-9.926757812500000000e-01,1.342895507812499889e-01
2.170922851562500089e+00,-4.946289062500000000e-01,1.342895507812499889e-01
1.731958007812500089e+00,7.324218750000000000e-03,2.581420898437499778e-01
7.209228515624999112e-01,7.324218750000000000e-03,2.581420898437499778e-01
1.731958007812500089e+00,5.053710937500000000e-01,2.581420898437499778e-01
1.731958007812500089e+00,7.324218750000000000e-03,6.092895507812500222e-01
7.209228515624999112e-01,5.053710937500000000e-01,6.092895507812500222e-01
2.456958007812500178e+00,-4.926757812500000000e-01,4.956420898437499667e-01
2.895922851562500178e+00,-4.926757812500000000e-01,4.956420898437499667e-01
2.456958007812500178e+00,5.371093750000000000e-03,4.956420898437499667e-01
2.456958007812500178e+00,-4.926757812500000000e-01,8.467895507812499556e-01
2.895922851562500178e+00,5.371093750000000000e-03,8.467895507812499556e-01
1.006958007812500000e+00,5.073242187500000000e-01,2.064208984374999931e-02
1.445922851562500000e+00,5.073242187500000000e-01,2.064208984374999931e-02
1.006958007812500000e+00,-9.946289062500000000e-01,2.064208984374999931e-02
1.006958007812500000e+00,5.073242187500000000e-01,3.717895507812499778e-01
1.445922851562500000e+00,-9.946289062500000000e-01,3.717895507812499778e-01
1.369458007812500044e+00,-2.426757812500000000e-01,3.768920898437500000e-01
1.083422851562499956e+00,-2.426757812500000000e-01,3.768920898437500000e-01
1.369458007812500044e+00,-7.446289062500000000e-01,3.768920898437500000e-01
1.369458007812500044e+00,-2.426757812500000000e-01,1.553955078124999965e-02
1.083422851562499956e+00,-7.446289062500000000e-01,1.553955078124999965e-02
2.819458007812500000e+00,7.573242187500000000e-01,8.518920898437499778e-01
2.533422851562499911e+00,7.573242187500000000e-01,8.518920898437499778e-01
2.819458007812500000e+00,2.553710937500000000e-01,8.518920898437499778e-01
2.819458007812500000e+00,7.573242187500000000e-01,4.905395507812500000e-01
2.533422851562499911e+00,2.553710937500000000e-01,4.905395507812500000e-01
2.094458007812499911e+00,-7.426757812500000000e-01,1.393920898437499833e-01
3.584228515624999778e-01,-7.426757812500000000e-01,1.393920898437499833e-01
2.094458007812499911e+00,7.553710937500000000e-01,1.393920898437499833e-01
2.094458007812499911e+00,-7.426757812500000000e-01,7.280395507812499334e-01
3.584228515624999778e-01,7.553710937500000000e-01,7.280395507812499334e-01
6.444580078124999556e-01,2.573242187500000000e-01,6.143920898437499334e-01
1.808422851562500044e+00,2.573242187500000000e-01,6.143920898437499334e-01
6.444580078124999556e-01,-2.446289062500000000e-01,6.143920898437499334e-01
6.444580078124999556e-01,2.573242187500000000e-01,2.530395507812500111e-01
1.808422851562500044e+00,-2.446289062500000000e-01,2.530395507812500111e-01
4.632080078125000444e-01,-3.676757812500000000e-01,1.987670898437499944e-01
2.352172851562500000e+00,-3.676757812500000000e-01,1.987670898437499944e-01
4.632080078125000444e-01,6.303710937500000000e-01,1.987670898437499944e-01
4.632080078125000444e-01,-3.676757812500000000e-01,4.311645507812499889e-01
2.352172851562500000e+00,6.303710937500000000e-01,4.311645507812499889e-01
1.913208007812500000e+00,6.323242187500000000e-01,6.737670898437500000e-01
9.021728515624999334e-01,6.323242187500000000e-01,6.737670898437500000e-01
1.913208007812500000e+00,-3.696289062500000000e-01,6.737670898437500000e-01
1.913208007812500000e+00,6.323242187500000000e-01,9.061645507812499112e-01
9.021728515624999334e-01,-3.696289062500000000e-01,9.061645507812499112e-01
2.638208007812500089e+00,-8.676757812500000000e-01,4.362670898437499556e-01
1.627172851562500133e+00,-8.676757812500000000e-01,4.362670898437499556e-01
2.638208007812500089e+00,-8.696289062500000000e-01,4.362670898437499556e-01
2.638208007812500089e+00,-8.676757812500000000e-01,6.686645507812499778e-01
1.627172851562500133e+00,-8.696289062500000000e-01,6.686645507812499778e-01
1.188208007812500133e+00,1.323242187500000000e-01,9.112670898437499334e-01
1.771728515625000111e-01,1.323242187500000000e-01,9.112670898437499334e-01
1.188208007812500133e+00,1.303710937500000000e-01,9.112670898437499334e-01
1.188208007812500133e+00,1.323242187500000000e-01,1.936645507812500000e-01
1.771728515625000111e-01,1.303710937500000000e-01,1.936645507812500000e-01
8.257080078124999778e-01,-6.176757812500000000e-01,5.550170898437499778e-01
5.396728515625000000e-01,-6.176757812500000000e-01,5.550170898437499778e-01
8.257080078124999778e-01,3.803710937500000000e-01,5.550170898437499778e-01
8.257080078124999778e-01,-6.176757812500000000e-01,3.124145507812499667e-01
5.396728515625000000e-01,3.803710937500000000e-01,3.124145507812499667e-01
2.275708007812499822e+00,3.823242187500000000e-01,8.001708984375000000e-02
1.989672851562499956e+00,3.823242187500000000e-01,8.001708984375000000e-02
2.275708007812499822e+00,-6.196289062500000000e-01,8.001708984375000000e-02
2.275708007812499822e+00,3.823242187500000000e-01,7.874145507812500000e-01
1.989672851562499956e+00,-6.196289062500000000e-01,7.874145507812500000e-01
1.550708007812499956e+00,-1.176757812500000000e-01,7.925170898437499112e-01
1.264672851562500089e+00,-1.176757812500000000e-01,7.925170898437499112e-01
1.550708007812499956e+00,-1.196289062500000000e-01,7.925170898437499112e-01
1.550708007812499956e+00,-1.176757812500000000e-01,5.499145507812499556e-01
1.264672851562500089e+00,-1.196289062500000000e-01,5.499145507812499556e-01
1.007080078125000000e-01,8.823242187500000000e-01,3.175170898437499889e-01
2.714672851562499822e+00,8.823242187500000000e-01,3.175170898437499889e-01
1.007080078125000000e-01,8.803710937500000000e-01,3.175170898437499889e-01
1.007080078125000000e-01,8.823242187500000000e-01,7.491455078124999167e-02
2.714672851562499822e+00,8.803710937500000000e-01,7.491455078124999167e-02
